Codigo_SNISB;Nome_da_Barragem;Nome_Secundario;Uso_Principal;UF;Municipio;Categoria_de_Risco;Dano_Potencial_Associado;Nome_do_Empreendedor;Tipo_Empreendedor;Orgao_Fiscalizador;Codigo_Barragem_Fiscalizador;Regulada_pela_PNSB;Numero_da_Autorizacao;Possui_PAE;Possui_Plano_de_Seguranca;Possui_Revisao_Periodica;Data_da_Ultima_Fiscalizacao;Barragem_Autuada;Altura_Fundacao_m;Altura_Terreno_m;Capacidade_hm3;Comprimento_Coroamento_m;Area_do_Reservatorio_ha;Tipo_de_Material;Uso_Complementar;Classe;Classe_de_Residuo;Curso_Dagua_Barrado;Nome_Curso_dagua;Regiao_Hidrografica;Unidade_de_Gestao;Dominio;Data_da_Ultima_Inspecao;Tipo_da_Ultima_Inspecao;Nivel_de_Perigo_Global;Possui_Eclusa;Fase_da_Vida;Fase_da_Vida_Data_Inicio;Latitude;Longitude;Completude;Data_Cadastro;Altura_Estimada_hm3_RSB;Capacidade_Estimada_hm3_RSB;Ano_Cadastro_RSB;Altura_m_Usada;Altura_m_Fonte;Capacidade_Usada;Cap_Fonte;CT_Parcial;CT_Maximo;EC_Parcial;EC_Maximo;PS_Parcial;PS_Maximo;CT_Campos_Preenchidos;CRI_Simulado_Parcial_Num;CRI_Simulado_Maximo_Num;CRI_Simulado_Parcial;CRI_Simulado_Maximo;Completude_Calculada;Faixa_Completude_Calculada;Flag_Sem_PAE;Flag_Sem_PSB;Flag_Sem_ISR;Flag_Sem_Altura;Flag_Sem_Capacidade;Flag_Sem_Comprimento;Flag_Sem_NPGB;Regulada_PNSB_Flag;DPA_Alto_Flag;Score_Prioridade;Prioridade_Label
30324;FAZENDA CAVADA ;;Irrigação;MG;INDAIABIRA;Não se Aplica;Baixo;Antonio Barros Barbosa;Outros - Privado;Agência Nacional de Águas e Saneamento Básico - ANA;02501.005162/2023-13;Não;780/2023;;Não;Não;;Não;1,58;1,58;0,054;32,0;0,0;Concreto convencional;;;;7778,0;Rio Pardo;Região Hidrográfica ATLÂNTICO LESTE;CBH do Rio Mosquito;Federal;;;;Não;Operação;01-FEB-02;-15,63897;-42,04356;ótima;2023-11-13;0;0;2023,0;1,58;Fundacao;0,054;Original;3;22;0;5;13;18;4;16;45;Baixo;Medio;77,8;Bom;True;True;True;False;False;False;True;False;False;6;Media
31836;1;Fazenda Passagem da Cachoeira;Irrigação;MG;SÃO JOÃO DO PARAÍSO;Não se Aplica;Baixo;João Batista de Pinheiro ;Pessoa Física;Agência Nacional de Águas e Saneamento Básico - ANA;02501.005530/2024-12;Não;2157;;Não;Não;;Não;3,2;3,2;0,266;91,1;;Concreto convencional;;;;7778,0;Rio Pardo;Região Hidrográfica ATLÂNTICO LESTE;CBH do Rio Mosquito;Federal;;;;;Operação;2015-07-23 00:00:00;-15,60144;-41,82717;ótima;2024-08-26;0;0;2024,0;3,2;Fundacao;0,266;Original;5;20;0;5;13;18;4;18;43;Baixo;Medio;77,8;Bom;True;True;True;False;False;False;True;False;False;6;Media
23880;Massa d'Água #243869;;Irrigação;PB;VÁRZEA;Não Classificado;Não Classificado;;;Agência Nacional de Águas e Saneamento Básico - ANA;;Não Classificada;;;Não;Não;;Não;;;;;;Sem Informação;;;;7562242,0;Riacho da Cozinha;Região Hidrográfica ATLÂNTICO NORDESTE ORIENTAL;Piranhas-Açu;Federal;;;;;;;-6,81483;-37,079;mínima;2021-02-25;NoData;NoData;2021,0;;Sem_Dado;;Sem_Dado;3;31;0;5;13;18;1;16;54;Dados Insuficientes;Medio;33,3;Parcial;True;True;True;True;True;True;True;False;False;7;Alta
20984;Fazenda Serra Verde;;Irrigação;PA;JACAREACANGA;Não Classificado;Não Classificado;Clóvis Patel;Pessoa Física;Agência Nacional de Águas e Saneamento Básico - ANA;;Não Classificada;;;Não;Não;;Não;0,0;0,0;0,0;;0,0;Sem Informação;;;;444532,0;SEM NOME;Região Hidrográfica AMAZÔNICA;;Federal;;;;;Operação;2020-07-01 00:00:00;-9,35247;-56,40781;mínima;2020-07-01;NoData;NoData;2020,0;0,0;Fundacao;0,0;Original;6;26;0;5;13;18;3;19;49;Baixo;Medio;66,7;Bom;True;True;True;False;False;True;True;False;False;6;Media
20986;Fazenda São Marcos;;Irrigação;PA;NOVO PROGRESSO;Não Classificado;Não Classificado;Marivete Presotto Bortolini;Pessoa Física;Agência Nacional de Águas e Saneamento Básico - ANA;;Não Classificada;;;Não;Não;;Não;0,0;0,0;0,0;;0,0;Sem Informação;;;;4445614,0;SEM NOME;Região Hidrográfica AMAZÔNICA;;Federal;;;;;Operação;2020-07-01 00:00:00;-9,40653;-55,93553;mínima;2020-07-01;NoData;NoData;2020,0;0,0;Fundacao;0,0;Original;6;26;0;5;13;18;3;19;49;Baixo;Medio;66,7;Bom;True;True;True;False;False;True;True;False;False;6;Media
22338;Massa d'Água #87729;;Irrigação;PR;RIBEIRÃO DO PINHAL;Não Classificado;Não Classificado;;;Agência Nacional de Águas e Saneamento Básico - ANA;;Não Classificada;;;Não;Não;;Não;;;;;;Sem Informação;;;;86442,0;Rio Laranjinha;Região Hidrográfica do PARANÁ;Paranapanema;Estadual;;;;;;;-23,29747;-50,48936;mínima;2021-01-18;NoData;NoData;2021,0;;Sem_Dado;;Sem_Dado;3;31;0;5;13;18;1;16;54;Dados Insuficientes;Medio;33,3;Parcial;True;True;True;True;True;True;True;False;False;7;Alta
23401;Massa d'Água #174258;;Irrigação;MT;SÃO FÉLIX DO ARAGUAIA;Não Classificado;Não Classificado;;;Agência Nacional de Águas e Saneamento Básico - ANA;;Não Classificada;;;Não;Não;;Não;;;;;;Sem Informação;;;;4254,0;Rio Comandante Fontoura;Região Hidrográfica AMAZÔNICA;;Estadual;;;;;;;-11,59419;-51,74583;mínima;2021-02-09;NoData;NoData;2021,0;;Sem_Dado;;Sem_Dado;3;31;0;5;13;18;1;16;54;Dados Insuficientes;Medio;33,3;Parcial;True;True;True;True;True;True;True;False;False;7;Alta
23512;Massa d'Água #188820;;Irrigação;MT;ALTO BOA VISTA;Não Classificado;Não Classificado;;;Agência Nacional de Águas e Saneamento Básico - ANA;;Não Classificada;;;Não;Não;;Não;;;;;;Sem Informação;;;;4254978,0;Córrego das Cabaças;Região Hidrográfica AMAZÔNICA;;Estadual;;;;;;;-11,72761;-51,85508;mínima;2021-02-10;NoData;NoData;2021,0;;Sem_Dado;;Sem_Dado;3;31;0;5;13;18;1;16;54;Dados Insuficientes;Medio;33,3;Parcial;True;True;True;True;True;True;True;False;False;7;Alta
23820;Massa d'Água #242319;;Irrigação;MS;PONTA PORÃ;Não Classificado;Não Classificado;;;Agência Nacional de Águas e Saneamento Básico - ANA;;Não Classificada;;;Não;Não;;Não;;;;;;Sem Informação;;;;8638638,0;Córrego Tronqueira;Região Hidrográfica do PARANÁ;CBH do Rio Ivinhema;Estadual;;;;;;;-22,36672;-55,31364;mínima;2021-02-23;NoData;NoData;2021,0;;Sem_Dado;;Sem_Dado;3;31;0;5;13;18;1;16;54;Dados Insuficientes;Medio;33,3;Parcial;True;True;True;True;True;True;True;False;False;7;Alta
23790;Massa d'Água #234195;;Irrigação;MS;IGUATEMI;Não Classificado;Não Classificado;;;Agência Nacional de Águas e Saneamento Básico - ANA;;Não Classificada;;;Não;Não;;Não;;;;;;Sem Informação;;;;86332232,0;Córrego Costa Rica;Região Hidrográfica do PARANÁ;;Federal;;;;;;;-23,40981;-54,75222;mínima;2021-02-17;NoData;NoData;2021,0;;Sem_Dado;;Sem_Dado;3;31;0;5;13;18;1;16;54;Dados Insuficientes;Medio;33,3;Parcial;True;True;True;True;True;True;True;False;False;7;Alta
23791;Massa d'Água #234391;;Irrigação;MT;SÃO FÉLIX DO ARAGUAIA;Não Classificado;Não Classificado;;;Agência Nacional de Águas e Saneamento Básico - ANA;;Não Classificada;;;Não;Não;;Não;;;;;;Sem Informação;;;;425498,0;Ribeirão das Traíras;Região Hidrográfica AMAZÔNICA;;Estadual;;;;;;;-11,67025;-51,67125;mínima;2021-02-17;NoData;NoData;2021,0;;Sem_Dado;;Sem_Dado;3;31;0;5;13;18;1;16;54;Dados Insuficientes;Medio;33,3;Parcial;True;True;True;True;True;True;True;False;False;7;Alta
23514;Massa d'Água #189424;;Irrigação;BA;BUERAREMA;Não Classificado;Não Classificado;;;Agência Nacional de Águas e Saneamento Básico - ANA;;Não Classificada;;;Não;Não;;Não;;;;;;Sem Informação;;;;777426,0;Rio Santaninha;Região Hidrográfica ATLÂNTICO LESTE;CBH do Leste;Estadual;;;;;;;-15,01842;-39,19011;mínima;2021-02-10;NoData;NoData;2021,0;;Sem_Dado;;Sem_Dado;3;31;0;5;13;18;1;16;54;Dados Insuficientes;Medio;33,3;Parcial;True;True;True;True;True;True;True;False;False;7;Alta
23573;Massa d'Água #191605;;Irrigação;MT;BRASNORTE;Não Classificado;Não Classificado;;;Agência Nacional de Águas e Saneamento Básico - ANA;;Não Classificada;;;Não;Não;;Não;;;;;;Sem Informação;;;;4484,0;Rio Treze-de-maio;Região Hidrográfica AMAZÔNICA;;Estadual;;;;;;;-12,42672;-57,59847;mínima;2021-02-11;0;0;2021,0;;Sem_Dado;;Sem_Dado;3;31;0;5;13;18;1;16;54;Dados Insuficientes;Medio;33,3;Parcial;True;True;True;True;True;True;True;False;False;7;Alta
23852;Massa d'Água #243738;;Irrigação;BA;PEDRO ALEXANDRE;Não Classificado;Não Classificado;;;Agência Nacional de Águas e Saneamento Básico - ANA;;Não Classificada;;;Não;Não;;Não;;;;;;Sem Informação;;;;761172,0;Riacho do Minuim;Região Hidrográfica do SÃO FRANCISCO;São Francisco;Federal;;;;;;;-9,92786;-38,12075;mínima;2021-02-25;NoData;NoData;2021,0;;Sem_Dado;;Sem_Dado;3;31;0;5;13;18;1;16;54;Dados Insuficientes;Medio;33,3;Parcial;True;True;True;True;True;True;True;False;False;7;Alta
23853;Massa d'Água #243739;;Irrigação;BA;SANTA BRÍGIDA;Não Classificado;Não Classificado;;;Agência Nacional de Águas e Saneamento Básico - ANA;;Não Classificada;;;Não;Não;;Não;;;;;;Sem Informação;;;;7611728,0;SEM NOME;Região Hidrográfica do SÃO FRANCISCO;São Francisco;Federal;;;;;;;-9,86683;-38,00733;mínima;2021-02-25;NoData;NoData;2021,0;;Sem_Dado;;Sem_Dado;3;31;0;5;13;18;1;16;54;Dados Insuficientes;Medio;33,3;Parcial;True;True;True;True;True;True;True;False;False;7;Alta
23862;Massa d'Água #243781;;Irrigação;BA;ENCRUZILHADA;Não Classificado;Não Classificado;;;Agência Nacional de Águas e Saneamento Básico - ANA;;Não Classificada;;;Não;Não;;Não;;;;;;Sem Informação;;;;7778716,0;Córrego do Mamoeiro;Região Hidrográfica ATLÂNTICO LESTE;;Federal;;;;;;;-15,61789;-41,17556;mínima;2021-02-25;NoData;NoData;2021,0;;Sem_Dado;;Sem_Dado;3;31;0;5;13;18;1;16;54;Dados Insuficientes;Medio;33,3;Parcial;True;True;True;True;True;True;True;False;False;7;Alta
22234;Massa d'Água #68209;;Irrigação;AL;SÃO SEBASTIÃO;Não Classificado;Não Classificado;;;Agência Nacional de Águas e Saneamento Básico - ANA;;Não Classificada;;;Não;Não;;Não;;;;;;Sem Informação;;;;761118,0;Riacho Boacica;Região Hidrográfica do SÃO FRANCISCO;São Francisco;Estadual;;;;;;;-10,00706;-36,62283;mínima;2020-12-30;NoData;NoData;2020,0;;Sem_Dado;;Sem_Dado;3;31;0;5;13;18;1;16;54;Dados Insuficientes;Medio;33,3;Parcial;True;True;True;True;True;True;True;False;False;7;Alta
22389;Sitinho Piquerobi;Massa d'Água #100493;Dessedentação Animal;PR;TERRA ROXA;Não se Aplica;Baixo;Java Catarina Volpato Marques;Pessoa Física;Agência Nacional de Águas e Saneamento Básico - ANA;02501.004400/2024-54;Não Classificada;42/2026/SRB-ANA-SEI;;Não;Não;;Não;5,0;5,0;0,021;;;Sem Informação;;;;863212,0;SEM NOME;Região Hidrográfica do PARANÁ;CBH dos rios Piquiri e Paraná II;Federal;;;;;Operação;1987-01-01 00:00:00;-24,05572;-54,07747;ótima;2021-01-20;NoData;NoData;2021,0;5,0;Fundacao;0,021;Original;4;24;0;5;13;18;3;17;47;Baixo;Medio;66,7;Bom;True;True;True;False;False;True;True;False;False;6;Media
22396;Massa d'Água #102989;;Irrigação;MT;SANTA TEREZINHA;Não Classificado;Não Classificado;;;Agência Nacional de Águas e Saneamento Básico - ANA;;Não Classificada;;;Não;Não;;Não;;;;;;Sem Informação;;;;678322,0;SEM NOME;Região Hidrográfica do TOCANTINS-ARAGUAIA;;Estadual;;;;;;;-10,60717;-51,18186;mínima;2021-01-20;NoData;NoData;2021,0;;Sem_Dado;;Sem_Dado;3;31;0;5;13;18;1;16;54;Dados Insuficientes;Medio;33,3;Parcial;True;True;True;True;True;True;True;False;False;7;Alta
20901;Fazenda Batalha do Bartolomeu - Lote 34;;Irrigação;MG;GUARDA-MOR;Não Classificado;Não Classificado;Luís Yoshinori Takahashi;Pessoa Física;Agência Nacional de Águas e Saneamento Básico - ANA;;Não Classificada;;;Não;Não;;Não;0,0;0,0;0,0;;0,0;Sem Informação;;;;869982,0;Ribeirão Verde;Região Hidrográfica do PARANÁ;Paranaíba;Federal;;;;;Operação;2020-06-29 00:00:00;-17,63942;-47,20864;mínima;2020-06-29;NoData;NoData;2020,0;0,0;Fundacao;0,0;Original;6;26;0;5;13;18;3;19;49;Baixo;Medio;66,7;Bom;True;True;True;False;False;True;True;False;False;6;Media
23623;Massa d'Água #202709;;Irrigação;BA;PORTO SEGURO;Não Classificado;Não Classificado;;;Agência Nacional de Águas e Saneamento Básico - ANA;;Não Classificada;;;Não;Não;;Não;;;;;;Sem Informação;;;;7791522,0;SEM NOME;Região Hidrográfica ATLÂNTICO LESTE;CBH dos Rios Frades, Buranhém e Santo Antônio;Estadual;;;;;;;-16,46133;-39,19703;mínima;2021-02-12;NoData;NoData;2021,0;;Sem_Dado;;Sem_Dado;3;31;0;5;13;18;1;16;54;Dados Insuficientes;Medio;33,3;Parcial;True;True;True;True;True;True;True;False;False;7;Alta
23627;Massa d'Água #203515;;Irrigação;MS;MIRANDA;Não Classificado;Não Classificado;;;Agência Nacional de Águas e Saneamento Básico - ANA;;Não Classificada;;;Não;Não;;Não;;;;;;Sem Informação;;;;895232,0;Córrego Agachi;Região Hidrográfica do PARAGUAI;CBH do Rio Miranda;Estadual;;;;;;;-20,16956;-56,29403;mínima;2021-02-12;NoData;NoData;2021,0;;Sem_Dado;;Sem_Dado;3;31;0;5;13;18;1;16;54;Dados Insuficientes;Medio;33,3;Parcial;True;True;True;True;True;True;True;False;False;7;Alta
23676;Massa d'Água #215158;;Irrigação;MG;PALMA;Não Classificado;Não Classificado;;;Agência Nacional de Águas e Saneamento Básico - ANA;;Não Classificada;;;Não;Não;;Não;;;;;;Sem Informação;;;;792612424,0;Córrego Reserva;Região Hidrográfica ATLÂNTICO SUDESTE;Paraíba do Sul;Federal;;;;;;;-21,37253;-42,2555;mínima;2021-02-12;NoData;NoData;2021,0;;Sem_Dado;;Sem_Dado;3;31;0;5;13;18;1;16;54;Dados Insuficientes;Medio;33,3;Parcial;True;True;True;True;True;True;True;False;False;7;Alta
20805;Fazenda São Domingos - Barragem 01;;Irrigação;BA;PEDRO ALEXANDRE;Não Classificado;Não Classificado;José Arinaldo de Oliveira;Pessoa Física;Agência Nacional de Águas e Saneamento Básico - ANA;;Não Classificada;;;Não;Não;;Não;;;;;0,0;Sem Informação;;;;771496,0;Riacho Melancia;Região Hidrográfica ATLÂNTICO LESTE;;Federal;;;;;Operação;2020-06-24 00:00:00;-10,24725;-37,76111;mínima;2020-06-24;NoData;NoData;2020,0;;Sem_Dado;;Sem_Dado;6;30;0;5;13;18;2;19;53;Dados Insuficientes;Medio;44,4;Parcial;True;True;True;True;True;True;True;False;False;7;Alta
21026;Fazenda Lagoa Encantada;;Irrigação;BA;ENCRUZILHADA;Não Classificado;Não Classificado;José Cirino de Almeida;Pessoa Física;Agência Nacional de Águas e Saneamento Básico - ANA;;Não Classificada;;;Não;Não;;Não;0,0;0,0;0,0;;0,0;Sem Informação;;;;77787162,0;Córrego do Canga;Região Hidrográfica ATLÂNTICO LESTE;;Federal;;;;;Operação;2020-07-02 00:00:00;-15,57431;-41,22983;mínima;2020-07-02;NoData;NoData;2020,0;0,0;Fundacao;0,0;Original;6;26;0;5;13;18;3;19;49;Baixo;Medio;66,7;Bom;True;True;True;False;False;True;True;False;False;6;Media
21052;Alto Alegre e Carnaúba Torta;;Irrigação;PI;SÃO JOÃO DA FRONTEIRA;Não Classificado;Não Classificado;JACQUELINE DE MORAIS PIMENTEL;Pessoa Física;Agência Nacional de Águas e Saneamento Básico - ANA;;Não Classificada;;;Não;Não;;Não;0,0;0,0;0,0;;0,0;Sem Informação;;;;741426,0;Rio Jenipapo;Região Hidrográfica do PARNAÍBA;Parnaíba;Federal;;;;;Operação;2020-07-02 00:00:00;-4,00414;-41,44897;mínima;2020-07-02;NoData;NoData;2020,0;0,0;Fundacao;0,0;Original;6;26;0;5;13;18;3;19;49;Baixo;Medio;66,7;Bom;True;True;True;False;False;True;True;False;False;6;Media
21053;Fazenda Bonito;;Irrigação;PE;LAGOA DO OURO;Não Classificado;Não Classificado;Ana Maria de Vasconcelos Lima;Pessoa Física;Agência Nacional de Águas e Saneamento Básico - ANA;;Não Classificada;;;Não;Não;;Não;0,0;0,0;0,0;;0,0;Sem Informação;;;;7598794,0;Riacho Periperi;Região Hidrográfica ATLÂNTICO NORDESTE ORIENTAL;;Federal;;;;;Operação;2020-07-02 00:00:00;-9,26064;-36,49125;mínima;2020-07-02;NoData;NoData;2020,0;0,0;Fundacao;0,0;Original;6;26;0;5;13;18;3;19;49;Baixo;Medio;66,7;Bom;True;True;True;False;False;True;True;False;False;6;Media
21058;Fazenda São Pedro;;Irrigação;BA;ENCRUZILHADA;Não Classificado;Não Classificado;VALDEMIR DIAS MOITINHO E OUTRA;Pessoa Física;Agência Nacional de Águas e Saneamento Básico - ANA;;Não Classificada;;;Não;Não;;Não;0,0;0,0;0,0;;0,0;Sem Informação;;;;77787166,0;Rio Mundo Novo;Região Hidrográfica ATLÂNTICO LESTE;;Federal;;;;;Operação;2020-07-02 00:00:00;-15,69875;-41,30486;mínima;2020-07-02;NoData;NoData;2020,0;0,0;Fundacao;0,0;Original;6;26;0;5;13;18;3;19;49;Baixo;Medio;66,7;Bom;True;True;True;False;False;True;True;False;False;6;Media
23706;Massa d'Água #217440;;Irrigação;MS;AQUIDAUANA;Não Classificado;Não Classificado;;;Agência Nacional de Águas e Saneamento Básico - ANA;;Não Classificada;;;Não;Não;;Não;;;;;;Sem Informação;;;;895232,0;Córrego Agachi;Região Hidrográfica do PARAGUAI;CBH do Rio Miranda;Estadual;;;;;;;-20,11275;-56,22325;mínima;2021-02-13;NoData;NoData;2021,0;;Sem_Dado;;Sem_Dado;3;31;0;5;13;18;1;16;54;Dados Insuficientes;Medio;33,3;Parcial;True;True;True;True;True;True;True;False;False;7;Alta
21067;Fazenda Mata Onça;;Irrigação;BA;ENCRUZILHADA;Não Classificado;Não Classificado;JOAQUIM DIAS DA SILVA;Pessoa Física;Agência Nacional de Águas e Saneamento Básico - ANA;;Não Classificada;;;Não;Não;;Não;0,0;0,0;0,0;;0,0;Sem Informação;;;;77787162,0;Córrego do Canga;Região Hidrográfica ATLÂNTICO LESTE;;Federal;;;;;Operação;2020-07-03 00:00:00;-15,58497;-41,27636;mínima;2020-07-03;NoData;NoData;2020,0;0,0;Fundacao;0,0;Original;6;26;0;5;13;18;3;19;49;Baixo;Medio;66,7;Bom;True;True;True;False;False;True;True;False;False;6;Media
22220;Barragem da Fazenda Unajara;Massa d'Água #34819;Irrigação;AL;SÃO BRÁS;Não Classificado;Não Classificado;;;Agência Nacional de Águas e Saneamento Básico - ANA;02501.001669/2025-60;Não Classificada;;;Não;Não;;Não;;;;;;Sem Informação;;;;76111974,0;Rio Tibiri;Região Hidrográfica do SÃO FRANCISCO;São Francisco;Estadual;;;;;;;-10,13797;-36,85497;mínima;2020-12-30;NoData;NoData;2020,0;;Sem_Dado;;Sem_Dado;3;31;0;5;13;18;1;16;54;Dados Insuficientes;Medio;33,3;Parcial;True;True;True;True;True;True;True;False;False;7;Alta
22222;Fazenda Fischer;Massa d'Água #54294 - Santos;Irrigação;MS;IGUATEMI;Não Classificado;Não Classificado;AMAURI MULLER;;Agência Nacional de Águas e Saneamento Básico - ANA;02501.002628/2026-71;Não Classificada;;;Não;Não;;Não;9,0;9,0;0,373;230,0;;Sem Informação;Dessedentação Animal;;;863388,0;Córrego Paraíso;Região Hidrográfica do PARANÁ;;Federal;;;;;Operação;23-APR-21;-23,39258;-54,705;baixa;2020-12-30;NoData;NoData;2020,0;9,0;Fundacao;0,373;Original;6;25;0;5;13;18;4;19;48;Baixo;Medio;77,8;Bom;True;True;True;False;False;False;True;False;False;6;Media
20951;PA Libertação - Barragem 01;;Irrigação;PE;ITAÍBA;Não Classificado;Não Classificado;Jailma Dias Barbosa da Silva;Pessoa Física;Agência Nacional de Águas e Saneamento Básico - ANA;;Não Classificada;;;Não;Não;;Não;7,0;7,0;0,051;;0,0;Sem Informação;;;;76116,0;Riacho do Trapiche;Região Hidrográfica do SÃO FRANCISCO;São Francisco;Federal;;;;;Operação;2020-06-30 00:00:00;-8,98297;-37,40669;baixa;2020-06-30;0;0;2020,0;7,0;Fundacao;0,051;Original;6;26;0;5;13;18;3;19;49;Baixo;Medio;66,7;Bom;True;True;True;False;False;True;True;False;False;6;Media
21649;Integrado Franca-Restinga;;Abastecimento humano;SP;FRANCA;Não se Aplica;Baixo;COMPANHIA DE SANEAMENTO BASICO DO ESTADO DE SAO PAULO - SABESP;Órgãos - Público;Agência Nacional de Águas e Saneamento Básico - ANA;02501.01308/2024-32;Não;;;Não;Não;;Não;1,8;1,8;0,001;;;Sem Informação;;;;86874,0;Rio das Canoas;Região Hidrográfica do PARANÁ;Grande;Federal;;;;;Operação;2020-11-23 00:00:00;-20,43031;-47,29395;baixa;2020-11-23;0;0;2020,0;1,8;Fundacao;0,001;Original;6;26;0;5;13;18;3;19;49;Baixo;Medio;66,7;Bom;True;True;True;False;False;True;True;False;False;6;Media
21856;Córrego do Turvo;;Abastecimento humano;MG;MANTENA;Alto;Alto;Serviço Autônomo de Água e Esgoto de Mantena;Autarquias - Público;Agência Nacional de Águas e Saneamento Básico - ANA;;Sim;2426/2020;;Não;Não;;Não;4,7;;0,115;19,0;;Concreto convencional;;;;779824,0;Córrego Turvo;Região Hidrográfica ATLÂNTICO LESTE;CBH do Rio São Mateus;Federal;;;;;Operação;04-DEC-70;-18,77917;-41,03083;boa;2020-12-04;NoData;NoData;2020,0;4,7;Fundacao;0,115;Original;3;22;0;5;13;18;4;16;45;Baixo;Medio;77,8;Bom;True;True;True;False;False;False;True;True;True;11;Urgente
22196;Massa d'Água #27351;;Irrigação;BA;MUCURI;Não Classificado;Não Classificado;;;Agência Nacional de Águas e Saneamento Básico - ANA;;Não Classificada;;;Não;Não;;Não;;;;;;Sem Informação;;;;7797832,0;Córrego da Estiva e Córrego Cumbari;Região Hidrográfica ATLÂNTICO LESTE;;Federal;;;;;;;-18,16664;-39,87561;mínima;2020-12-29;NoData;NoData;2020,0;;Sem_Dado;;Sem_Dado;3;31;0;5;13;18;1;16;54;Dados Insuficientes;Medio;33,3;Parcial;True;True;True;True;True;True;True;False;False;7;Alta
20869;Barragem do Sítio Barra da Carnaúba;;Irrigação;PB;SÃO BENTO;Não Classificado;Não Classificado;Francisco Cavalcante de Oliveira;Pessoa Física;Agência Nacional de Águas e Saneamento Básico - ANA;02501.002006/2025-62;Não Classificada;;;Não;Não;;Não;;;;;0,0;Sem Informação;;;;7565146,0;Riacho Maniçoba;Região Hidrográfica ATLÂNTICO NORDESTE ORIENTAL;Piranhas-Açu;Federal;;;;;Operação;2020-06-26 00:00:00;-6,52783;-37,42936;mínima;2020-06-26;NoData;NoData;2020,0;;Sem_Dado;;Sem_Dado;6;30;0;5;13;18;2;19;53;Dados Insuficientes;Medio;44,4;Parcial;True;True;True;True;True;True;True;False;False;7;Alta
20873;Sítio Olho d'Água;;Irrigação;PB;SÃO JOSÉ DO BREJO DO CRUZ;Não Classificado;Não Classificado;Antônio Araújo de Sousa;Pessoa Física;Agência Nacional de Águas e Saneamento Básico - ANA;;Não Classificada;;;Não;Não;;Não;0,0;0,0;0,0;;0,0;Sem Informação;;;;756336,0;SEM NOME;Região Hidrográfica ATLÂNTICO NORDESTE ORIENTAL;Piranhas-Açu;Federal;;;;;Operação;2020-06-27 00:00:00;-6,25747;-37,33489;mínima;2020-06-27;NoData;NoData;2020,0;0,0;Fundacao;0,0;Original;6;26;0;5;13;18;3;19;49;Baixo;Medio;66,7;Bom;True;True;True;False;False;True;True;False;False;6;Media
20879;Sítio Olho d'Água;;Irrigação;PB;BREJO DO CRUZ;Não Classificado;Não Classificado;Lusani Nogueira Fernandes Maia;Pessoa Física;Agência Nacional de Águas e Saneamento Básico - ANA;;Não Classificada;;;Não;Não;;Não;0,0;0,0;0,0;;0,0;Sem Informação;;;;756368,0;SEM NOME;Região Hidrográfica ATLÂNTICO NORDESTE ORIENTAL;Piranhas-Açu;Federal;;;;;Operação;2020-06-27 00:00:00;-6,3495;-37,4785;mínima;2020-06-27;NoData;NoData;2020,0;0,0;Fundacao;0,0;Original;6;26;0;5;13;18;3;19;49;Baixo;Medio;66,7;Bom;True;True;True;False;False;True;True;False;False;6;Media
23781;Massa d'Água #231879;;Irrigação;MS;IGUATEMI;Não Classificado;Não Classificado;;;Agência Nacional de Águas e Saneamento Básico - ANA;;Não Classificada;;;Não;Não;;Não;;;;;;Sem Informação;;;;86332222,0;Córrego Mandeí;Região Hidrográfica do PARANÁ;;Federal;;;;;;;-23,50097;-54,68281;mínima;2021-02-15;NoData;NoData;2021,0;;Sem_Dado;;Sem_Dado;3;31;0;5;13;18;1;16;54;Dados Insuficientes;Medio;33,3;Parcial;True;True;True;True;True;True;True;False;False;7;Alta
23868;Massa d'Água #243797;;Irrigação;MG;SANTO ANTÔNIO DO JACINTO;Não Classificado;Não Classificado;;;Agência Nacional de Águas e Saneamento Básico - ANA;;Não Classificada;;;Não;Não;;Não;;;;;;Sem Informação;;;;779148,0;Córrego Oliveira e Córrego Manuel Santos;Região Hidrográfica ATLÂNTICO LESTE;;Federal;;;;;;;-16,46597;-40,24103;mínima;2021-02-25;NoData;NoData;2021,0;;Sem_Dado;;Sem_Dado;3;31;0;5;13;18;1;16;54;Dados Insuficientes;Medio;33,3;Parcial;True;True;True;True;True;True;True;False;False;7;Alta
23875;Massa d'Água #243838;;Irrigação;CE;UBAJARA;Não Classificado;Não Classificado;;;Agência Nacional de Águas e Saneamento Básico - ANA;;Não Classificada;;;Não;Não;;Não;;;;;;Sem Informação;;;;7414262,0;Rio Jaburu;Região Hidrográfica do PARNAÍBA;Parnaíba;Federal;;;;;;;-3,88156;-41,01375;mínima;2021-02-25;NoData;NoData;2021,0;;Sem_Dado;;Sem_Dado;3;31;0;5;13;18;1;16;54;Dados Insuficientes;Medio;33,3;Parcial;True;True;True;True;True;True;True;False;False;7;Alta
30905;Ronaldo Morais Pena;;Irrigação;MG;INDAIABIRA;Não se Aplica;Baixo;Ronaldo Morais Pena;Pessoa Física;Agência Nacional de Águas e Saneamento Básico - ANA;02501.000604/2024-16;Não;873;;Não;Não;;Não;4,0;4,0;0,63;;;Sem Informação;;;;7778,0;Rio Pardo;Região Hidrográfica ATLÂNTICO LESTE;CBH do Rio Mosquito;Federal;;;;;Operação;25-APR-23;-15,65083;-42,11083;ótima;2024-01-25;0;0;2024,0;4,0;Fundacao;0,63;Original;3;27;0;5;13;18;3;16;50;Baixo;Medio;66,7;Bom;True;True;True;False;False;True;True;False;False;6;Media
30906;Fazenda Olhos D Água e Três Lagoas ;;Irrigação;MG;ÁGUAS VERMELHAS;Não se Aplica;Baixo;Faro Capital Comercial Agricola Ltda;Empresas em Geral - Privado;Agência Nacional de Águas e Saneamento Básico - ANA;02501.000601/2024-82;Não;1253;;Não;Não;;Não;4,5;4,5;1,794;;0,0;Sem Informação;;;;7778,0;Rio Pardo;Região Hidrográfica ATLÂNTICO LESTE;CBH do Rio Mosquito;Federal;;;;;Operação;2023-06-06 00:00:00;-15,55731;-41,70953;ótima;2024-01-25;0;0;2024,0;4,5;Fundacao;1,794;Original;7;27;0;5;13;18;3;20;50;Baixo;Medio;66,7;Bom;True;True;True;False;False;True;True;False;False;6;Media
6;Barragem Boas Novas;Açailândia;Recreação;MA;AÇAILÂNDIA;Não se Aplica;Baixo;James Harley Davis;Pessoa Física;Agência Nacional de Águas e Saneamento Básico - ANA;02501.001493/2015-74;Não;20152014;;Não;Não;;Não;11,0;11,0;1,08;133,0;;Terra;Hidroelétrica;;;71486,0;Córrego Laranjeiras;Região Hidrográfica ATLÂNTICO NORDESTE OCIDENTAL;;Federal;2013-07-22;Regular;Normal;;Operação;1988-01-01 00:00:00;-4,59503;-47,75286;ótima;2019-02-11;0;0;2019,0;11,0;Fundacao;1,08;Original;6;21;2;2;13;18;4;21;41;Baixo;Medio;88,9;Bom;True;True;True;False;False;False;False;False;False;5;Media
11;Barragem no Córrego Santa Luzia 2;;Irrigação;BA;MUCURI;Não se Aplica;Baixo;Edmar Candido de Azevedo;Pessoa Física;Agência Nacional de Águas e Saneamento Básico - ANA;02501.001498/2015-05;Não;2372011;;Não;Não;;Não;4,2;4,2;0,12;;;Terra;;;;779784,0;Córrego Santa Luzia;Região Hidrográfica ATLÂNTICO LESTE;;Federal;2012-05-30;Regular;Normal;Sim;Operação;2000-01-01 00:00:00;-18,07344;-40,04567;ótima;2019-02-11;0;0;2019,0;4,2;Fundacao;0,12;Original;5;25;2;2;13;18;3;20;45;Baixo;Medio;77,8;Bom;True;True;True;False;False;True;False;False;False;5;Media
13;Serra Negra;;Regularização de vazão;RN;SERRA NEGRA DO NORTE;Não se Aplica;Baixo;Departamento Nacional de Obras Contra as Secas - DNOCS - CE;Autarquias - Público;Agência Nacional de Águas e Saneamento Básico - ANA;0.0;Não;3942014;;Não;Não;2015-04-27;Não;8,0;4,1;0,06;300,0;;Terra;Irrigação;;;7564,0;Rio Espinharas;Região Hidrográfica ATLÂNTICO NORDESTE ORIENTAL;CBH do Rio Piancó-Piranhas-Açu;Federal;2017-08-31;Regular;Atenção;;Operação;2020-01-01 00:00:00;-6,66292;-37,39131;ótima;2019-02-11;NoData;NoData;2019,0;8,0;Fundacao;0,06;Original;9;24;4;4;13;18;4;26;46;Baixo;Medio;88,9;Bom;True;True;True;False;False;False;False;False;False;5;Media
18;Bestas Bravas;;Regularização de vazão;RN;SÃO FERNANDO;Não se Aplica;Baixo;Associação dos Pequenos Produtores Rurais da Comunidade de Bestas Bravas;Órgãos - Público;Agência Nacional de Águas e Saneamento Básico - ANA;02501.001561/2015-03;Não;6982014;;Não;Não;;Não;5,55;5,55;0,06;;;Concreto convencional;;;;7562,0;Rio Seridó;Região Hidrográfica ATLÂNTICO NORDESTE ORIENTAL;Piranhas-Açu;Federal;;;;;Operação;2000-01-01 00:00:00;-6,25933;-37,17128;ótima;2019-02-11;0;0;2019,0;5,55;Fundacao;0,06;Original;3;23;0;5;13;18;3;16;46;Baixo;Medio;66,7;Bom;True;True;True;False;False;True;True;False;False;6;Media
19;Riacho Peri-Peri;;Irrigação;AL;QUEBRANGULO;Não se Aplica;Baixo;Geraldo Passos Lima;Pessoa Física;Agência Nacional de Águas e Saneamento Básico - ANA;15;Não;2182004;;Não;Não;;Não;4,15;4,15;0,04;;;Terra;;;;7598,0;Rio Paraíba;Região Hidrográfica ATLÂNTICO NORDESTE ORIENTAL;;Federal;;;;;Operação;2000-01-01 00:00:00;-9,26744;-36,50156;ótima;2019-02-11;NoData;NoData;2019,0;4,15;Fundacao;0,04;Original;5;25;0;5;13;18;3;18;48;Baixo;Medio;66,7;Bom;True;True;True;False;False;True;True;False;False;6;Media
21;Cocorobó;;Abastecimento humano;BA;CANUDOS;Alto;Alto;Departamento Nacional de Obras Contra as Secas - DNOCS - BA;Autarquias - Público;Agência Nacional de Águas e Saneamento Básico - ANA;02501.001427/2015-02;Sim;3962005;;Não;Não;2025-08-08;Não;33,5;33,5;245,38;1320,0;0,0;Terra;Regularização de vazão;A;;7716,0;Rio Vaza-Barris;Região Hidrográfica ATLÂNTICO LESTE;;Federal;2025-09-10;Regular;Normal;;Operação;1967-01-01 00:00:00;-9,88225;-39,039;boa;2018-03-22;0;0;2018,0;33,5;Fundacao;245,38;Original;14;29;2;2;13;18;4;29;49;Baixo;Medio;88,9;Bom;True;True;True;False;False;False;False;True;True;10;Urgente
27;Capoeira;;Abastecimento humano;PB;MÃE D'ÁGUA;Alto;Alto;Secretaria de Estado da Infraestrutura e Recursos Hídricos;Órgãos - Público;Agência Nacional de Águas e Saneamento Básico - ANA;02501.001434/2015-04;Sim;3912014;Sim;Sim;Sim;2025-09-02;Não;36,0;36,0;53,45;489,0;0,0;Terra;Combate às secas;;;7564,0;Riacho da Cruz;Região Hidrográfica ATLÂNTICO NORDESTE ORIENTAL;Piranhas-Açu;Federal;2025-11-03;Regular;Atenção;;Operação;1982-01-01 00:00:00;-7,16422;-37,41144;ótima;2018-03-22;0;0;2018,0;36,0;Fundacao;53,45;Original;9;24;4;4;0;0;4;13;28;Baixo;Baixo;100,0;Completo;False;False;False;False;False;False;False;True;True;5;Media
29;Curimataú;;Abastecimento humano;PB;BARRA DE SANTA ROSA;Médio;Alto;Departamento Nacional de Obras Contra as Secas - DNOCS - PB;Autarquias - Público;Agência Nacional de Águas e Saneamento Básico - ANA;02501.001436/2015-95;Sim;4022014;Sim;Sim;Sim;2022-10-28;Sim;15,18;15,18;5,99;359,0;0,0;Terra;;;;75766,0;Riacho da Caraibeira;Região Hidrográfica ATLÂNTICO NORDESTE ORIENTAL;;Federal;2025-08-28;Regular;Normal;;Operação;1958-01-01 00:00:00;-6,71383;-36,03592;ótima;2018-06-21;0;0;2018,0;15,18;Fundacao;5,99;Original;11;26;2;2;0;0;4;13;28;Baixo;Baixo;100,0;Completo;False;False;False;False;False;False;False;True;True;5;Media
32;Mãe d'Água;Engenheiro Egberto Carneiro da Cunha;Regularização de vazão;PB;COREMAS;Médio;Alto;Departamento Nacional de Obras Contra as Secas - DNOCS - PB;Autarquias - Público;Agência Nacional de Águas e Saneamento Básico - ANA;02501.001458/2015-55;Sim;6322012;Não;Não;Não;2025-09-03;Não;35,0;35,0;640,0;175,0;;Concreto convencional;Hidroelétrica;;;756,0;Rio Piancó;Região Hidrográfica ATLÂNTICO NORDESTE ORIENTAL;Piranhas-Açu;Federal;2025-11-12;Regular;Atenção;;Operação;1956-01-01 00:00:00;-7,02428;-37,98547;boa;2017-08-24;0;0;2017,0;35,0;Fundacao;640,0;Original;9;24;4;4;18;18;4;31;46;Baixo;Medio;100,0;Completo;True;True;True;False;False;False;False;True;True;10;Urgente
51;Poço da Cruz;Eng. Francisco Saboia;Regularização de vazão;PE;IBIMIRIM;Médio;Alto;Departamento Nacional de Obras Contra as Secas - DNOCS - CE;Autarquias - Público;Agência Nacional de Águas e Saneamento Básico - ANA;02501.001531/2015-99;Sim;3972014;Sim;Sim;Sim;2025-04-23;Não;42,5;42,5;504,0;1250,0;0,0;Enrocamento;Irrigação;;;76118,0;Rio Moxotó;Região Hidrográfica do SÃO FRANCISCO;São Francisco;Federal;2025-06-29;Regular;Atenção;Não;Operação;1959-01-01 00:00:00;-8,50833;-37,70489;ótima;2017-03-29;0;0;2017,0;42,5;Fundacao;504,0;Original;14;29;4;4;0;0;4;18;33;Baixo;Baixo;100,0;Completo;False;False;False;False;False;False;False;True;True;5;Media
40;Várzea Grande;;Abastecimento humano;PB;PICUÍ;Médio;Alto;Secretaria de Estado da Infraestrutura e Recursos Hídricos;Órgãos - Público;Agência Nacional de Águas e Saneamento Básico - ANA;33;Sim;4122014;Sim;Sim;Sim;2022-02-02;Não;24,97;24,97;21,53;544,0;0,0;Concreto convencional;Combate às secas;;;7562,0;Rio Picuí;Região Hidrográfica ATLÂNTICO NORDESTE ORIENTAL;Piranhas-Açu;Federal;2025-11-25;Regular;Atenção;;Operação;1997-01-01 00:00:00;-6,42922;-36,35494;ótima;2017-03-24;NoData;NoData;2017,0;24,97;Fundacao;21,53;Original;7;22;4;4;0;0;4;11;26;Baixo;Baixo;100,0;Completo;False;False;False;False;False;False;False;True;True;5;Media
92;Porcos - PISF;;Abastecimento humano;CE;BREJO SANTO;Baixo;Alto;Ministério da Integração Nacional;Órgãos - Público;Agência Nacional de Águas e Saneamento Básico - ANA;02501.000544/2017-11;Sim;1133;Sim;Sim;Sim;2019-04-25;Não;30,0;30,0;97,35;1379,0;0,0;Terra;Combate às secas;A;;7524,0;Riacho de Porcos;Região Hidrográfica ATLÂNTICO NORDESTE ORIENTAL;CBH do Rio Salgado;Federal;2025-09-10;Regular;Normal;;Operação;2021-01-01 00:00:00;-7,59306;-38,87178;ótima;2018-03-21;0;0;2018,0;30,0;Fundacao;97,35;Original;13;28;2;2;0;0;4;15;30;Baixo;Baixo;100,0;Completo;False;False;False;False;False;False;False;True;True;5;Media
104;Muquém - PISF  ;;Abastecimento humano;PE;FLORESTA;Médio;Alto;Ministério da Integração Nacional;Órgãos - Público;Agência Nacional de Águas e Saneamento Básico - ANA;02501.000519/2017-29;Sim;1133;Sim;Sim;Sim;2025-04-25;Não;19,29;19,29;3,08;1399,0;0,0;Terra;Combate às secas;;;7612444,0;Riacho da Vassoura;Região Hidrográfica do SÃO FRANCISCO;São Francisco;Federal;2025-09-19;Regular;Atenção;;Operação;09-DEC-19;-8,51475;-37,96375;ótima;2018-03-21;0;0;2018,0;19,29;Fundacao;3,08;Original;9;28;4;4;0;0;4;13;32;Baixo;Baixo;100,0;Completo;False;False;False;False;False;False;False;True;True;5;Media
39;São Mamede;;Abastecimento humano;PB;SÃO MAMEDE;Alto;Alto;Departamento Nacional de Obras Contra as Secas - DNOCS - PB;Autarquias - Público;Agência Nacional de Águas e Saneamento Básico - ANA;02501.001465/2015-57;Sim;6332012;Sim;Sim;Sim;2025-07-02;Não;14,9;14,9;15,79;742,0;0,0;Terra;;;;75622,0;Rio Sabugi;Região Hidrográfica ATLÂNTICO NORDESTE ORIENTAL;Piranhas-Açu;Federal;2025-08-26;Regular;Alerta;;Operação;1969-01-01 00:00:00;-6,93028;-37,07164;ótima;2017-05-05;0;0;2017,0;14,9;Fundacao;15,79;Original;10;25;8;8;0;0;4;18;33;Alto;Alto;100,0;Completo;False;False;False;False;False;False;False;True;True;7;Alta
48;Boqueirão de Parelhas;Ministro João Alves;Abastecimento humano;RN;PARELHAS;Médio;Alto;Secretaria de Meio Ambiente e dos Recursos Hídricos do Estado do Rio Grande do Norte;Órgãos - Público;Agência Nacional de Águas e Saneamento Básico - ANA;02501.001535/2015-77;Sim;3052014;;Não;Não;2025-07-01;Não;29,0;29,0;85,01;533,0;0,0;Terra-enrocamento;Regularização de vazão;;;75628,0;Rio Seridó;Região Hidrográfica ATLÂNTICO NORDESTE ORIENTAL;Piranhas-Açu;Federal;2025-12-22;Regular;Alerta;;Operação;1988-01-01 00:00:00;-6,69483;-36,62897;boa;2017-08-24;0;0;2017,0;29,0;Fundacao;85,01;Original;8;23;8;8;13;18;4;29;49;Alto;Alto;88,9;Bom;True;True;True;False;False;False;False;True;True;12;Urgente
49;Passagem das Traíras;;Abastecimento humano;RN;JARDIM DO SERIDÓ;Alto;Alto;Secretaria de Meio Ambiente e dos Recursos Hídricos do Estado do Rio Grande do Norte;Órgãos - Público;Agência Nacional de Águas e Saneamento Básico - ANA;02501.001534/2015-22;Sim;3092012;Sim;Sim;Não;2025-07-02;Não;25,5;25,5;49,7;458,0;0,0;Concreto compactado a rolo (CCR);Regularização de vazão;;;7562,0;Rio Seridó;Região Hidrográfica ATLÂNTICO NORDESTE ORIENTAL;Piranhas-Açu;Federal;2025-07-02;Regular;Atenção;;Operação;1994-01-01 00:00:00;-6,515;-36,942;boa;2018-06-21;0;0;2018,0;25,5;Fundacao;49,7;Original;6;21;4;4;5;5;4;15;30;Baixo;Baixo;100,0;Completo;False;False;True;False;False;False;False;True;True;6;Media
52;Ingazeira;;Abastecimento humano;PE;VENTUROSA;Médio;Médio;Secretaria de Recursos Hídricos e de Saneamento - SRHS;Órgãos - Público;Agência Nacional de Águas e Saneamento Básico - ANA;02501.001530/2015-44;Sim;10402015;Não;Sim;Sim;2025-06-03;Não;16,0;16,0;4,8;500,0;0,0;Terra;Irrigação;;;76114976,0;Riacho Carrapateira;Região Hidrográfica do SÃO FRANCISCO;São Francisco;Federal;2023-03-31;Regular;Alerta;Não;Operação;1987-01-01 00:00:00;-8,61314;-36,91;ótima;2017-08-22;0;0;2017,0;16,0;Fundacao;4,8;Original;8;23;8;8;5;5;4;21;36;Alto;Alto;100,0;Completo;True;False;False;False;False;False;False;True;False;6;Media
58;Marechal Dutra;Gargalheiras;Abastecimento humano;RN;ACARI;Médio;Alto;Departamento Nacional de Obras Contra as Secas - DNOCS - RN;Autarquias - Público;Agência Nacional de Águas e Saneamento Básico - ANA;55;Sim;3962014;Sim;Sim;Sim;2022-02-03;Não;26,5;26,5;44,42;180,0;0,0;Concreto convencional;Irrigação;;;7562,0;Rio Acauã;Região Hidrográfica ATLÂNTICO NORDESTE ORIENTAL;Piranhas-Açu;Federal;2024-09-05;Regular;Atenção;;Operação;1959-01-01 00:00:00;-6,42558;-36,60267;ótima;2017-08-24;0;0;2017,0;26,5;Fundacao;44,42;Original;8;23;4;4;0;0;4;12;27;Baixo;Baixo;100,0;Completo;False;False;False;False;False;False;False;True;True;5;Media
65;Calabouço;;Aquicultura;RN;PASSA E FICA;Alto;Alto;Secretaria de Meio Ambiente e dos Recursos Hídricos do Estado do Rio Grande do Norte;Órgãos - Público;Agência Nacional de Águas e Saneamento Básico - ANA;02501.001502/2015-27;Sim;3122012;;Não;Não;2025-07-01;Não;15,7;15,7;1,44;260,0;;Terra;Combate às secas;;;75764,0;Rio Calabouço;Região Hidrográfica ATLÂNTICO NORDESTE ORIENTAL;;Federal;2025-04-22;Regular;Atenção;;Operação;1987-01-01 00:00:00;-6,44911;-35,65092;boa;2017-03-28;0;0;2017,0;15,7;Fundacao;1,44;Original;8;23;4;4;13;18;4;25;45;Baixo;Medio;88,9;Bom;True;True;True;False;False;False;False;True;True;10;Urgente
68;Barragem do Pivô 1 ;Fazenda Samambaia - Represa Agriter 1 - montante;Irrigação;GO;CRISTALINA;Alto;Baixo;Agropecuária Agriter Ltda;Empresas em Geral - Privado;Agência Nacional de Águas e Saneamento Básico - ANA;02501.001565/2015-83;Sim;1946/2017;Não;Sim;Sim;2025-09-23;Não;9,12;9,12;3,8;300,0;;Terra;;;;86,0;SEM NOME;Região Hidrográfica do PARANÁ;Paranaíba;Federal;2025-07-08;Regular;Atenção;;Operação;1997-01-01 00:00:00;-16,32719;-47,57947;ótima;2017-03-29;0;0;2017,0;9,12;Fundacao;3,8;Original;8;23;4;4;5;5;4;17;32;Baixo;Baixo;100,0;Completo;True;False;False;False;False;False;False;True;False;4;Media
91;Atalho - PISF;;Abastecimento humano;CE;JATI;Alto;Alto;Ministério da Integração Nacional;Órgãos - Público;Agência Nacional de Águas e Saneamento Básico - ANA;02501.000543/2017-68;Sim;1133;Sim;Sim;Sim;2022-12-13;Não;42,0;42,0;107,57;213,0;0,0;Terra;Regularização de vazão;;;7524,0;Riacho de Porcos;Região Hidrográfica ATLÂNTICO NORDESTE ORIENTAL;CBH do Rio Salgado;Federal;2025-05-12;Regular;Normal;;Operação;1993-01-01 00:00:00;-7,64145;-38,89459;ótima;2018-03-21;0;0;2018,0;42,0;Fundacao;107,57;Original;9;24;2;2;0;0;4;11;26;Baixo;Baixo;100,0;Completo;False;False;False;False;False;False;False;True;True;5;Media
467; BARRAGEM Nº 05 - FAZENDA MANGA;;Irrigação;DF;BRASÍLIA;Médio;Médio;ESPÓLIO DE LINO MARTINS PINTO;Pessoa Física;Agência Nacional de Águas e Saneamento Básico - ANA;02501.000671/2017;Sim;214/2013;Sim;Sim;Sim;2025-09-25;Não;15,0;;0,871;64,78;0,0;Terra;;;;768478,0;Ribeirão São Bernardo;Região Hidrográfica do SÃO FRANCISCO;São Francisco;Federal;2020-11-11;Regular;Atenção;Não;Operação;2013-07-31 00:00:00;-16,03175;-47,461;ótima;2018-03-20;0;0;2018,0;15,0;Fundacao;0,871;Original;7;22;4;4;0;0;4;11;26;Baixo;Baixo;100,0;Completo;False;False;False;False;False;False;False;True;False;2;Baixa
471;BARRAGEM - FAZENDA VALE DO SOSSEGO;;Irrigação;DF;BRASÍLIA;Médio;Médio;WILFRIDO AUGUSTO MARQUES;Pessoa Física;Agência Nacional de Águas e Saneamento Básico - ANA;02501.000672/2017-56;Sim;154/2014;Não;Sim;Sim;2025-09-25;Não;12,0;;0,215;;0,0;Terra;;;;768478,0;Ribeirão São Bernardo;Região Hidrográfica do SÃO FRANCISCO;São Francisco;Federal;2025-12-20;Regular;Normal;;Operação;2000-01-01 00:00:00;-16,04089;-47,47103;ótima;2018-03-20;0;0;2018,0;12,0;Fundacao;0,215;Original;5;25;2;2;5;5;3;12;32;Baixo;Baixo;88,9;Bom;True;False;False;False;False;True;False;True;False;4;Media
14674;# inezio ecker;;Dessedentação Animal;RS;TRÊS PALMEIRAS;Não se Aplica;Baixo;Inezio Ecker;Pessoa Física;Agência Nacional de Águas e Saneamento Básico - ANA;02501.004806/2021-94;Não;s/n;;Não;Não;;Não;;;;;;Sem Informação;;;;82792,0;Rio Passo Fundo;Região Hidrográfica do URUGUAI;CBH de Passo Fundo;Estadual;;;;;Sem Informação;2000-01-01 00:00:00;-27,65616;-52,81497;mínima;2019-09-12;1.4;0.002;2019,0;;Sem_Dado;;Sem_Dado;5;29;0;5;13;18;2;18;52;Dados Insuficientes;Medio;44,4;Parcial;True;True;True;True;True;True;True;False;False;7;Alta
7963;Fazenda Catavento jusante;;Aquicultura;MT;BRASNORTE;Alto;Médio;NORBERTO DE PAULA;Pessoa Física;Agência Nacional de Águas e Saneamento Básico - ANA;36433/2013;Sim;593/2013;;Não;Não;;Não;8,0;6,0;0,047;150,0;0,0;Terra;;;;4481882,0;SEM NOME;Região Hidrográfica AMAZÔNICA;;Federal;;;;;Operação;2000-01-01 00:00:00;-12,16325;-58,16283;boa;2019-09-12;0;0;2019,0;8,0;Fundacao;0,047;Original;7;22;0;5;13;18;4;20;45;Baixo;Medio;77,8;Bom;True;True;True;False;False;False;True;True;False;8;Alta
22612;Massa d'Água #160147;;Irrigação;BA;PRADO;Não Classificado;Não Classificado;;;Agência Nacional de Águas e Saneamento Básico - ANA;;Não Classificada;;;Não;Não;;Não;;;;;;Sem Informação;;;;779192,0;Rio Corumbaú;Região Hidrográfica ATLÂNTICO LESTE;CBH dos Rios Frades, Buranhém e Santo Antônio;Estadual;;;;;;;-16,91797;-39,38614;mínima;2021-01-28;NoData;NoData;2021,0;;Sem_Dado;;Sem_Dado;3;31;0;5;13;18;1;16;54;Dados Insuficientes;Medio;33,3;Parcial;True;True;True;True;True;True;True;False;False;7;Alta
22618;Massa d'Água #161570;;Irrigação;RS;GRAMADO DOS LOUREIROS;Não Classificado;Não Classificado;;;Agência Nacional de Águas e Saneamento Básico - ANA;;Não Classificada;;;Não;Não;;Não;;;;;;Sem Informação;;;;82772,0;Rio do Mel;Região Hidrográfica do URUGUAI;CBH do Várzea;Federal;;;;;;;-27,40397;-52,93894;mínima;2021-01-28;NoData;NoData;2021,0;;Sem_Dado;;Sem_Dado;3;31;0;5;13;18;1;16;54;Dados Insuficientes;Medio;33,3;Parcial;True;True;True;True;True;True;True;False;False;7;Alta
22624;Massa d'Água #163699;;Irrigação;MT;SÃO FÉLIX DO ARAGUAIA;Não Classificado;Não Classificado;;;Agência Nacional de Águas e Saneamento Básico - ANA;;Não Classificada;;;Não;Não;;Não;;;;;;Sem Informação;;;;4254,0;Rio Comandante Fontoura;Região Hidrográfica AMAZÔNICA;;Estadual;;;;;;;-11,59292;-51,84878;mínima;2021-01-28;NoData;NoData;2021,0;;Sem_Dado;;Sem_Dado;3;31;0;5;13;18;1;16;54;Dados Insuficientes;Medio;33,3;Parcial;True;True;True;True;True;True;True;False;False;7;Alta
21997; P.A. Lagoa das Pedras - Córrego Poço Claro;Córrego Poço Claro;Irrigação;GO;CABECEIRAS;Não se Aplica;Baixo;Instituto Nacional de Colonização e Reforma Agrária - INCRA - DF;Autarquias - Público;Agência Nacional de Águas e Saneamento Básico - ANA;02501.001636/2025-10;Não Classificada;8/2026/SRB-ANA-SEI;;Não;Não;;Não;;2,5;0,314;85,0;0,0;Terra-enrocamento;Dessedentação Animal;;;76846,0;Córrego Poço Claro;Região Hidrográfica do SÃO FRANCISCO;São Francisco;Federal;;;;Não;Operação;18-DEC-20;-15,83864;-46,96997;ótima;2020-12-18;0;0;2020,0;2,5;Terreno;0,314;Original;5;24;0;5;13;18;4;18;47;Baixo;Medio;77,8;Bom;True;True;True;False;False;False;True;False;False;6;Media
22280;Massa d'Água #77004;;Irrigação;RS;EREBANGO;Não Classificado;Não Classificado;;;Agência Nacional de Águas e Saneamento Básico - ANA;;Não Classificada;;;Não;Não;;Não;;;;;;Sem Informação;;;;827922,0;Rio Cravo;Região Hidrográfica do URUGUAI;CBH de Passo Fundo;Estadual;;;;;;;-27,79569;-52,25058;mínima;2021-01-12;NoData;NoData;2021,0;;Sem_Dado;;Sem_Dado;3;31;0;5;13;18;1;16;54;Dados Insuficientes;Medio;33,3;Parcial;True;True;True;True;True;True;True;False;False;7;Alta
22395;Massa d'Água #102961;;Irrigação;MT;ALTO BOA VISTA;Não Classificado;Não Classificado;;;Agência Nacional de Águas e Saneamento Básico - ANA;;Não Classificada;;;Não;Não;;Não;;;;;;Sem Informação;;;;4254992,0;SEM NOME;Região Hidrográfica AMAZÔNICA;;Estadual;;;;;;;-11,807;-51,82461;mínima;2021-01-20;NoData;NoData;2021,0;;Sem_Dado;;Sem_Dado;3;31;0;5;13;18;1;16;54;Dados Insuficientes;Medio;33,3;Parcial;True;True;True;True;True;True;True;False;False;7;Alta
22409;Massa d'Água #107691;;Irrigação;SC;VITOR MEIRELES;Não Classificado;Não Classificado;;;Agência Nacional de Águas e Saneamento Básico - ANA;;Não Classificada;;;Não;Não;;Não;;;;;;Sem Informação;;;;795466,0;Rio Prata;Região Hidrográfica ATLÂNTICO SUL;CBH do Rio Itajaí;Estadual;;;;;;;-26,70689;-49,83286;mínima;2021-01-20;NoData;NoData;2021,0;;Sem_Dado;;Sem_Dado;3;31;0;5;13;18;1;16;54;Dados Insuficientes;Medio;33,3;Parcial;True;True;True;True;True;True;True;False;False;7;Alta
21645;Arroio Candiota;;Abastecimento humano;RS;CANDIOTA;Não Classificado;Não Classificado;Prefeitura Municipal de Candiota;;Agência Nacional de Águas e Saneamento Básico - ANA;;Não Classificada;;;Não;Não;;Não;;;;;;Sem Informação;;;;7984,0;Arroio Candiota;Região Hidrográfica ATLÂNTICO SUL;CBH da Lagoa Mirim e Canal São Gonçalo;Federal;;;;;Operação;2020-11-23 00:00:00;-31,55745;-53,67048;mínima;2020-11-23;NoData;NoData;2020,0;;Sem_Dado;;Sem_Dado;6;30;0;5;13;18;2;19;53;Dados Insuficientes;Medio;44,4;Parcial;True;True;True;True;True;True;True;False;False;7;Alta
20787;Fazenda Cristiano - Barragem 01;;Irrigação;BA;TREMEDAL;Não Classificado;Não Classificado;Wilson Ferraz da Silva;Pessoa Física;Agência Nacional de Águas e Saneamento Básico - ANA;;Não Classificada;;;Não;Não;;Não;;;;;0,0;Sem Informação;;;;77786,0;Córrego Mangueira;Região Hidrográfica ATLÂNTICO LESTE;;Federal;;;;;Operação;2020-06-23 00:00:00;-15,25695;-41,40102;mínima;2020-06-23;NoData;NoData;2020,0;;Sem_Dado;;Sem_Dado;6;30;0;5;13;18;2;19;53;Dados Insuficientes;Medio;44,4;Parcial;True;True;True;True;True;True;True;False;False;7;Alta
20788;Fazenda Cristiano - Barragem 02;;Irrigação;BA;VITÓRIA DA CONQUISTA;Não se Aplica;Baixo;Wilson Ferraz da Silva;Pessoa Física;Agência Nacional de Águas e Saneamento Básico - ANA;02501.005001/2022-49;Não;;;Não;Não;;Não;;;;;0,0;Sem Informação;;;;77786,0;Ribeirão do Salitre;Região Hidrográfica ATLÂNTICO LESTE;;Federal;;;;;Operação;2020-06-23 00:00:00;-15,37232;-41,13316;mínima;2020-06-23;3.5;0.002;2020,0;;Sem_Dado;;Sem_Dado;6;30;0;5;13;18;2;19;53;Dados Insuficientes;Medio;44,4;Parcial;True;True;True;True;True;True;True;False;False;7;Alta
20790;Fazenda Ouro Verde;;Irrigação;BA;TREMEDAL;Não Classificado;Não Classificado;Marlene Rodrigues de Aguiar;Pessoa Física;Agência Nacional de Águas e Saneamento Básico - ANA;;Não Classificada;;;Não;Não;;Não;0,0;0,0;0,0;;0,0;Sem Informação;;;;77786,0;Córrego Mangueira;Região Hidrográfica ATLÂNTICO LESTE;;Federal;;;;;Operação;2020-06-23 00:00:00;-15,258;-41,40236;mínima;2020-06-23;NoData;NoData;2020,0;0,0;Fundacao;0,0;Original;6;26;0;5;13;18;3;19;49;Baixo;Medio;66,7;Bom;True;True;True;False;False;True;True;False;False;6;Media
20795;Fazenda Lagoa Dourada;;Irrigação;BA;MUCURI;Não Classificado;Não Classificado;ULISSES DE SOUZA FREITAS;Pessoa Física;Agência Nacional de Águas e Saneamento Básico - ANA;;Não Classificada;;;Não;Não;;Não;;;;;0,0;Sem Informação;;;;7797872,0;Córrego do Engano;Região Hidrográfica ATLÂNTICO LESTE;;Federal;;;;;Operação;2020-06-23 00:00:00;-18,06194;-40,07856;mínima;2020-06-23;NoData;NoData;2020,0;;Sem_Dado;;Sem_Dado;6;30;0;5;13;18;2;19;53;Dados Insuficientes;Medio;44,4;Parcial;True;True;True;True;True;True;True;False;False;7;Alta
21041;Perímetro Irrigado Sabugi - DNOCS;;Irrigação;RN;CAICÓ;Não se Aplica;Baixo;Departamento Nacional de Obras Contra as Secas - DNOCS - RN;Autarquias - Público;Agência Nacional de Águas e Saneamento Básico - ANA;02501.001422/2024-62;Não;53/2025/SRB-ANA-SEI;;Não;Não;;Não;3,0;3,0;0,069;;0,0;Sem Informação;;;;75622,0;Rio Sabugi;Região Hidrográfica ATLÂNTICO NORDESTE ORIENTAL;Piranhas-Açu;Federal;;;;;Operação;2020-07-02 00:00:00;-6,51086;-37,17319;ótima;2020-07-02;0;0;2020,0;3,0;Fundacao;0,069;Original;6;26;0;5;13;18;3;19;49;Baixo;Medio;66,7;Bom;True;True;True;False;False;True;True;False;False;6;Media
23886;Massa d'Água #29371;;Irrigação;PE;PESQUEIRA;Não Classificado;Não Classificado;;;Agência Nacional de Águas e Saneamento Básico - ANA;;Não Classificada;;;Não;Não;;Não;;;;;;Sem Informação;;;;76114,0;Rio Ipanema;Região Hidrográfica do SÃO FRANCISCO;São Francisco;Estadual;;;;;;;-8,32339;-36,71158;mínima;2021-02-25;NoData;NoData;2021,0;;Sem_Dado;;Sem_Dado;3;31;0;5;13;18;1;16;54;Dados Insuficientes;Medio;33,3;Parcial;True;True;True;True;True;True;True;False;False;7;Alta
23821;Massa d'Água #242546;;Irrigação;DF;BRASÍLIA;Não Classificado;Não Classificado;;;Agência Nacional de Águas e Saneamento Básico - ANA;;Não Classificada;;;Não;Não;;Não;;;;;;Sem Informação;;;;86,0;SEM NOME;Região Hidrográfica do PARANÁ;Paranaíba;Federal;;;;;;;-15,99514;-47,58417;mínima;2021-02-23;NoData;NoData;2021,0;;Sem_Dado;;Sem_Dado;3;31;0;5;13;18;1;16;54;Dados Insuficientes;Medio;33,3;Parcial;True;True;True;True;True;True;True;False;False;7;Alta
20814;Fazenda Mamoeiro;;Irrigação;BA;ENCRUZILHADA;Não Classificado;Não Classificado;Waldson Tavares da Silva;Pessoa Física;Agência Nacional de Águas e Saneamento Básico - ANA;;Não Classificada;;;Não;Não;;Não;0,0;0,0;0,0;;0,0;Sem Informação;;;;7778716,0;Córrego do Mamoeiro;Região Hidrográfica ATLÂNTICO LESTE;;Federal;;;;;Operação;2020-06-24 00:00:00;-15,65939;-41,19617;mínima;2020-06-24;NoData;NoData;2020,0;0,0;Fundacao;0,0;Original;6;26;0;5;13;18;3;19;49;Baixo;Medio;66,7;Bom;True;True;True;False;False;True;True;False;False;6;Media
22435;Massa d'Água #117161;;Irrigação;MT;COMODORO;Não Classificado;Não Classificado;;;Agência Nacional de Águas e Saneamento Básico - ANA;;Não Classificada;;;Não;Não;;Não;;;;;;Sem Informação;;;;4699392,0;Córrego Piolho;Região Hidrográfica AMAZÔNICA;;Estadual;;;;;;;-13,92692;-59,74681;mínima;2021-01-21;NoData;NoData;2021,0;;Sem_Dado;;Sem_Dado;3;31;0;5;13;18;1;16;54;Dados Insuficientes;Medio;33,3;Parcial;True;True;True;True;True;True;True;False;False;7;Alta
22465;Massa d'Água #127642;;Irrigação;MT;BRASNORTE;Não Classificado;Não Classificado;;;Agência Nacional de Águas e Saneamento Básico - ANA;;Não Classificada;;;Não;Não;;Não;;;;;;Sem Informação;;;;448188,0;SEM NOME;Região Hidrográfica AMAZÔNICA;;Federal;;;;;;;-12,17044;-58,27061;mínima;2021-01-22;NoData;NoData;2021,0;;Sem_Dado;;Sem_Dado;3;31;0;5;13;18;1;16;54;Dados Insuficientes;Medio;33,3;Parcial;True;True;True;True;True;True;True;False;False;7;Alta
20935;Fazenda São Joaquim da Água Preta - Barragem 02;;Irrigação;ES;CONCEIÇÃO DA BARRA;Não Classificado;Não Classificado;Ângelo Arpini Coutinho;Pessoa Física;Agência Nacional de Águas e Saneamento Básico - ANA;;Não Classificada;;;Não;Não;;Não;;;;;0,0;Sem Informação;;;;7797832,0;Córrego da Estiva e Córrego Cumbari;Região Hidrográfica ATLÂNTICO LESTE;CBH do Rio Itaúnas;Federal;;;;;Operação;2020-06-30 00:00:00;-18,24453;-39,85653;mínima;2020-06-30;NoData;NoData;2020,0;;Sem_Dado;;Sem_Dado;6;30;0;5;13;18;2;19;53;Dados Insuficientes;Medio;44,4;Parcial;True;True;True;True;True;True;True;False;False;7;Alta
23387;Massa d'Água #169604;;Irrigação;BA;PRADO;Não Classificado;Não Classificado;;;Agência Nacional de Águas e Saneamento Básico - ANA;;Não Classificada;;;Não;Não;;Não;;;;;;Sem Informação;;;;7791972,0;Ribeirão da Imbaçuaba;Região Hidrográfica ATLÂNTICO LESTE;CBH dos Rios Frades, Buranhém e Santo Antônio;Federal;;;;;;;-17,05864;-39,22356;mínima;2021-02-09;NoData;NoData;2021,0;;Sem_Dado;;Sem_Dado;3;31;0;5;13;18;1;16;54;Dados Insuficientes;Medio;33,3;Parcial;True;True;True;True;True;True;True;False;False;7;Alta
23394;Massa d'Água #171999;;Irrigação;SP;SÃO PAULO;Não Classificado;Não Classificado;;;Agência Nacional de Águas e Saneamento Básico - ANA;;Não Classificada;;;Não;Não;;Não;;;;;;Sem Informação;;;;79396,0;Rio Branco;Região Hidrográfica ATLÂNTICO SUDESTE;CBH da Baixada Santista;Federal;;;;;;;-23,94128;-46,68608;mínima;2021-02-09;NoData;NoData;2021,0;;Sem_Dado;;Sem_Dado;3;31;0;5;13;18;1;16;54;Dados Insuficientes;Medio;33,3;Parcial;True;True;True;True;True;True;True;False;False;7;Alta
23395;Massa d'Água #172010;;Irrigação;MT;BRASNORTE;Não Classificado;Não Classificado;;;Agência Nacional de Águas e Saneamento Básico - ANA;;Não Classificada;;;Não;Não;;Não;;;;;;Sem Informação;;;;448222,0;Rio Ulisses;Região Hidrográfica AMAZÔNICA;;Federal;;;;;;;-12,30408;-58,15044;mínima;2021-02-09;NoData;NoData;2021,0;;Sem_Dado;;Sem_Dado;3;31;0;5;13;18;1;16;54;Dados Insuficientes;Medio;33,3;Parcial;True;True;True;True;True;True;True;False;False;7;Alta
22423;Massa d'Água #111854;;Irrigação;AL;SÃO BRÁS;Não Classificado;Não Classificado;;;Agência Nacional de Águas e Saneamento Básico - ANA;;Não Classificada;;;Não;Não;;Não;;;;;;Sem Informação;;;;761119742,0;SEM NOME;Região Hidrográfica do SÃO FRANCISCO;São Francisco;Estadual;;;;;;;-10,13864;-36,83414;mínima;2021-01-21;NoData;NoData;2021,0;;Sem_Dado;;Sem_Dado;3;31;0;5;13;18;1;16;54;Dados Insuficientes;Medio;33,3;Parcial;True;True;True;True;True;True;True;False;False;7;Alta
22204;Massa d'Água #29104;;Irrigação;BA;SANTA BRÍGIDA;Não Classificado;Não Classificado;;;Agência Nacional de Águas e Saneamento Básico - ANA;;Não Classificada;;;Não;Não;;Não;;;;;;Sem Informação;;;;7611728,0;SEM NOME;Região Hidrográfica do SÃO FRANCISCO;São Francisco;Federal;;;;;;;-9,76181;-38,03625;mínima;2020-12-29;NoData;NoData;2020,0;;Sem_Dado;;Sem_Dado;3;31;0;5;13;18;1;16;54;Dados Insuficientes;Medio;33,3;Parcial;True;True;True;True;True;True;True;False;False;7;Alta
22207;Barragem da Fazenda Lagoa Funda;Massa d'Água #29319;Irrigação;AL;PORTO REAL DO COLÉGIO;Não Classificado;Não Classificado;;;Agência Nacional de Águas e Saneamento Básico - ANA;02501.001699/2025-76;Não Classificada;;;Não;Não;;Não;;;;;;Sem Informação;;;;7611194,0;Riacho do Camarão;Região Hidrográfica do SÃO FRANCISCO;São Francisco;Estadual;;;;;;;-10,14814;-36,795;mínima;2020-12-29;NoData;NoData;2020,0;;Sem_Dado;;Sem_Dado;3;31;0;5;13;18;1;16;54;Dados Insuficientes;Medio;33,3;Parcial;True;True;True;True;True;True;True;False;False;7;Alta
20890;Sítio Salgadinho;;Irrigação;PB;NOVA PALMEIRA;Não Classificado;Não Classificado;José Higino de Maria;Pessoa Física;Agência Nacional de Águas e Saneamento Básico - ANA;;Não Classificada;;;Não;Não;;Não;0,0;0,0;0,0;;0,0;Sem Informação;;;;7562866,0;SEM NOME;Região Hidrográfica ATLÂNTICO NORDESTE ORIENTAL;Piranhas-Açu;Federal;;;;;Operação;2020-06-29 00:00:00;-6,63583;-36,49381;mínima;2020-06-29;NoData;NoData;2020,0;0,0;Fundacao;0,0;Original;6;26;0;5;13;18;3;19;49;Baixo;Medio;66,7;Bom;True;True;True;False;False;True;True;False;False;6;Media
20896;Açude da Trindade;;Dessedentação Animal;PB;SÃO MAMEDE;Alto;Médio;Kaio Cezzar Camelo Leal Eulalio;Pessoa Física;Agência Nacional de Águas e Saneamento Básico - ANA;02501.010510/2025-36;Sim;6/2026/SRB-ANA-SEI;;Não;Não;;Não;7,0;7,0;0,475;192,0;29,1;Terra;Abastecimento humano;B;;756226,0;SEM NOME;Região Hidrográfica ATLÂNTICO NORDESTE ORIENTAL;Piranhas-Açu;Federal;;;;;Operação;2020-06-29 00:00:00;-6,85689;-37,21478;boa;2020-06-29;NoData;NoData;2020,0;7,0;Fundacao;0,475;Original;8;23;0;5;13;18;4;21;46;Baixo;Medio;77,8;Bom;True;True;True;False;False;False;True;True;False;8;Alta
22317;Massa d'Água #82182;;Irrigação;BA;PORTO SEGURO;Não Classificado;Não Classificado;;;Agência Nacional de Águas e Saneamento Básico - ANA;;Não Classificada;;;Não;Não;;Não;;;;;;Sem Informação;;;;779152,0;Rio da Barra;Região Hidrográfica ATLÂNTICO LESTE;CBH dos Rios Frades, Buranhém e Santo Antônio;Estadual;;;;;;;-16,52878;-39,23525;mínima;2021-01-18;NoData;NoData;2021,0;;Sem_Dado;;Sem_Dado;3;31;0;5;13;18;1;16;54;Dados Insuficientes;Medio;33,3;Parcial;True;True;True;True;True;True;True;False;False;7;Alta
22321;Massa d'Água #83514;;Irrigação;BA;UNA;Não Classificado;Não Classificado;;;Agência Nacional de Águas e Saneamento Básico - ANA;;Não Classificada;;;Não;Não;;Não;;;;;;Sem Informação;;;;777564,0;Rio Maruim;Região Hidrográfica ATLÂNTICO LESTE;CBH do Leste;Estadual;;;;;;;-15,07825;-39,22742;mínima;2021-01-18;NoData;NoData;2021,0;;Sem_Dado;;Sem_Dado;3;31;0;5;13;18;1;16;54;Dados Insuficientes;Medio;33,3;Parcial;True;True;True;True;True;True;True;False;False;7;Alta
22330;Massa d'Água #85328;;Irrigação;MT;ALTO BOA VISTA;Não Classificado;Não Classificado;;;Agência Nacional de Águas e Saneamento Básico - ANA;;Não Classificada;;;Não;Não;;Não;;;;;;Sem Informação;;;;4254992,0;SEM NOME;Região Hidrográfica AMAZÔNICA;;Estadual;;;;;;;-11,75364;-51,82097;mínima;2021-01-18;NoData;NoData;2021,0;;Sem_Dado;;Sem_Dado;3;31;0;5;13;18;1;16;54;Dados Insuficientes;Medio;33,3;Parcial;True;True;True;True;True;True;True;False;False;7;Alta
21620;Barragem Olho D'Água;;Abastecimento humano;MG;VARGEM GRANDE DO RIO PARDO;Não Classificado;Não Classificado;COMPANHIA DE SANEAMENTO DE MINAS GERAIS - COPASA;;Agência Nacional de Águas e Saneamento Básico - ANA;;Não Classificada;;;Não;Não;;Não;;;;;;Sem Informação;;;;77789252,0;Riacho das Antas;Região Hidrográfica ATLÂNTICO LESTE;CBH do Rio Mosquito;Federal;;;;;Operação;2020-11-19 00:00:00;-15,38637;-42,33539;mínima;2020-11-19;0;0;2020,0;;Sem_Dado;;Sem_Dado;6;30;0;5;13;18;2;19;53;Dados Insuficientes;Medio;44,4;Parcial;True;True;True;True;True;True;True;False;False;7;Alta
21799;Isolado Guaxupé;;Abastecimento humano;MG;GUAXUPÉ;Não se Aplica;Baixo;COMPANHIA DE SANEAMENTO DE MINAS GERAIS - COPASA;;Agência Nacional de Águas e Saneamento Básico - ANA;02501.001371/2024-79;Não;;;Não;Não;;Não;2,6;2,6;0,011;;;Sem Informação;;;;8684276,0;Rio Guaxupé;Região Hidrográfica do PARANÁ;Grande;Federal;;;;;Operação;03-DEC-20;-21,28619;-46,69428;baixa;2020-12-03;0;0;2020,0;2,6;Fundacao;0,011;Original;3;27;0;5;13;18;3;16;50;Baixo;Medio;66,7;Bom;True;True;True;False;False;True;True;False;False;6;Media
22388;Massa d'Água #100032;;Irrigação;MS;AQUIDAUANA;Não Classificado;Não Classificado;;;Agência Nacional de Águas e Saneamento Básico - ANA;;Não Classificada;;;Não;Não;;Não;;;;;;Sem Informação;;;;8952446,0;SEM NOME;Região Hidrográfica do PARAGUAI;CBH do Rio Miranda;Estadual;;;;;;;-20,30847;-56,1275;mínima;2021-01-20;NoData;NoData;2021,0;;Sem_Dado;;Sem_Dado;3;31;0;5;13;18;1;16;54;Dados Insuficientes;Medio;33,3;Parcial;True;True;True;True;True;True;True;False;False;7;Alta
22477;Massa d'Água #132337;;Irrigação;BA;BUERAREMA;Não Classificado;Não Classificado;;;Agência Nacional de Águas e Saneamento Básico - ANA;;Não Classificada;;;Não;Não;;Não;;;;;;Sem Informação;;;;77742,0;Rio Fortuna;Região Hidrográfica ATLÂNTICO LESTE;CBH do Leste;Estadual;;;;;;;-15,04531;-39,25867;mínima;2021-01-22;NoData;NoData;2021,0;;Sem_Dado;;Sem_Dado;3;31;0;5;13;18;1;16;54;Dados Insuficientes;Medio;33,3;Parcial;True;True;True;True;True;True;True;False;False;7;Alta
22205;Massa d'Água #29137;;Irrigação;PE;CARNAUBEIRA DA PENHA;Não Classificado;Não Classificado;;;Agência Nacional de Águas e Saneamento Básico - ANA;;Não Classificada;;;Não;Não;;Não;;;;;;Sem Informação;;;;76136,0;Riacho do Poço da Pedra;Região Hidrográfica do SÃO FRANCISCO;São Francisco;Estadual;;;;;;;-8,27128;-38,83836;mínima;2020-12-29;NoData;NoData;2020,0;;Sem_Dado;;Sem_Dado;3;31;0;5;13;18;1;16;54;Dados Insuficientes;Medio;33,3;Parcial;True;True;True;True;True;True;True;False;False;7;Alta
22368;Massa d'Água #90613;;Irrigação;BA;UNA;Não Classificado;Não Classificado;;;Agência Nacional de Águas e Saneamento Básico - ANA;;Não Classificada;;;Não;Não;;Não;;;;;;Sem Informação;;;;777566,0;Ribeirão Ipiranga;Região Hidrográfica ATLÂNTICO LESTE;CBH do Leste;Estadual;;;;;;;-15,04503;-39,128;mínima;2021-01-19;NoData;NoData;2021,0;;Sem_Dado;;Sem_Dado;3;31;0;5;13;18;1;16;54;Dados Insuficientes;Medio;33,3;Parcial;True;True;True;True;True;True;True;False;False;7;Alta
22372;Massa d'Água #91907;;Irrigação;ES;ARACRUZ;Não Classificado;Não Classificado;;;Agência Nacional de Águas e Saneamento Básico - ANA;;Não Classificada;;;Não;Não;;Não;;;;;;Sem Informação;;;;79114,0;Rio Piraquê-Açu;Região Hidrográfica ATLÂNTICO SUDESTE;CBH das Bacias Hidrográficas Costeiras do Litoral Centro-Norte;Estadual;;;;;;;-19,94878;-40,16925;mínima;2021-01-19;NoData;NoData;2021,0;;Sem_Dado;;Sem_Dado;3;31;0;5;13;18;1;16;54;Dados Insuficientes;Medio;33,3;Parcial;True;True;True;True;True;True;True;False;False;7;Alta
22438;Massa d'Água #119002;;Irrigação;BA;PRADO;Não Classificado;Não Classificado;;;Agência Nacional de Águas e Saneamento Básico - ANA;;Não Classificada;;;Não;Não;;Não;;;;;;Sem Informação;;;;779194,0;Rio do Queimado;Região Hidrográfica ATLÂNTICO LESTE;CBH dos Rios Frades, Buranhém e Santo Antônio;Federal;;;;;;;-16,99931;-39,28425;mínima;2021-01-21;NoData;NoData;2021,0;;Sem_Dado;;Sem_Dado;3;31;0;5;13;18;1;16;54;Dados Insuficientes;Medio;33,3;Parcial;True;True;True;True;True;True;True;False;False;7;Alta
22446;Massa d'Água #120886;;Irrigação;SC;ABELARDO LUZ;Não Classificado;Não Classificado;;;Agência Nacional de Águas e Saneamento Básico - ANA;;Não Classificada;;;Não;Não;;Não;;;;;;Sem Informação;;;;8278,0;Rio Chapecó;Região Hidrográfica do URUGUAI;CBH dos Rios Chapecó e Irani;Estadual;;;;;;;-26,56158;-52,36083;mínima;2021-01-21;NoData;NoData;2021,0;;Sem_Dado;;Sem_Dado;3;31;0;5;13;18;1;16;54;Dados Insuficientes;Medio;33,3;Parcial;True;True;True;True;True;True;True;False;False;7;Alta
22490;Massa d'Água #137748;;Irrigação;MT;SÃO FÉLIX DO ARAGUAIA;Não Classificado;Não Classificado;;;Agência Nacional de Águas e Saneamento Básico - ANA;;Não Classificada;;;Não;Não;;Não;;;;;;Sem Informação;;;;4254,0;Rio Comandante Fontoura;Região Hidrográfica AMAZÔNICA;;Estadual;;;;;;;-11,59069;-51,83197;mínima;2021-01-25;NoData;NoData;2021,0;;Sem_Dado;;Sem_Dado;3;31;0;5;13;18;1;16;54;Dados Insuficientes;Medio;33,3;Parcial;True;True;True;True;True;True;True;False;False;7;Alta
22492;Massa d'Água #137918;;Irrigação;MT;ALTO BOA VISTA;Não Classificado;Não Classificado;;;Agência Nacional de Águas e Saneamento Básico - ANA;;Não Classificada;;;Não;Não;;Não;;;;;;Sem Informação;;;;678242,0;Córrego Grotão;Região Hidrográfica do TOCANTINS-ARAGUAIA;;Estadual;;;;;;;-11,69089;-51,42456;mínima;2021-01-25;NoData;NoData;2021,0;;Sem_Dado;;Sem_Dado;3;31;0;5;13;18;1;16;54;Dados Insuficientes;Medio;33,3;Parcial;True;True;True;True;True;True;True;False;False;7;Alta
22497;Massa d'Água #138982;;Irrigação;RS;CACIQUE DOBLE;Não Classificado;Não Classificado;;;Agência Nacional de Águas e Saneamento Básico - ANA;;Não Classificada;;;Não;Não;;Não;;;;;;Sem Informação;;;;8279824,0;SEM NOME;Região Hidrográfica do URUGUAI;CBH do Rio Apuaê-Inhandava;Estadual;;;;;;;-27,85017;-51,62586;mínima;2021-01-25;NoData;NoData;2021,0;;Sem_Dado;;Sem_Dado;3;31;0;5;13;18;1;16;54;Dados Insuficientes;Medio;33,3;Parcial;True;True;True;True;True;True;True;False;False;7;Alta
22498;Massa d'Água #139258;;Irrigação;MT;PONTES E LACERDA;Não Classificado;Não Classificado;;;Agência Nacional de Águas e Saneamento Básico - ANA;;Não Classificada;;;Não;Não;;Não;;;;;;Sem Informação;;;;46998,0;Rio Barbado;Região Hidrográfica AMAZÔNICA;;Estadual;;;;;;;-16,13942;-59,52742;mínima;2021-01-25;NoData;NoData;2021,0;;Sem_Dado;;Sem_Dado;3;31;0;5;13;18;1;16;54;Dados Insuficientes;Medio;33,3;Parcial;True;True;True;True;True;True;True;False;False;7;Alta
22499;Massa d'Água #139262;;Irrigação;MS;CAARAPÓ;Não Classificado;Não Classificado;;;Agência Nacional de Águas e Saneamento Básico - ANA;;Não Classificada;;;Não;Não;;Não;;;;;;Sem Informação;;;;86386156,0;Córrego Ipuitá;Região Hidrográfica do PARANÁ;CBH do Rio Ivinhema;Estadual;;;;;;;-22,53589;-54,6595;mínima;2021-01-25;NoData;NoData;2021,0;;Sem_Dado;;Sem_Dado;3;31;0;5;13;18;1;16;54;Dados Insuficientes;Medio;33,3;Parcial;True;True;True;True;True;True;True;False;False;7;Alta
20990;Barragem do Bom Sucesso;Açude Bonsucesso;Irrigação;CE;QUIXERÉ;Não se Aplica;Baixo;Companhia Industrial de Cimento APODI;;Agência Nacional de Águas e Saneamento Básico - ANA;02501.000122/2026-28;Não Classificada;10/2026/SRB-ANA-SEI;;Não;Não;;Não;2,0;2,0;0,169;23,0;0,0;Concreto convencional;;;;7534,0;SEM NOME;Região Hidrográfica ATLÂNTICO NORDESTE ORIENTAL;CBH do Baixo Jaguaribe;Federal;;;;Não;Operação;2020-07-01 00:00:00;-5,03946;-37,77594;ótima;2020-07-01;NoData;NoData;2020,0;2,0;Fundacao;0,169;Original;6;21;0;5;13;18;4;19;44;Baixo;Medio;77,8;Bom;True;True;True;False;False;False;True;False;False;6;Media
21001;Fazenda Boa Vista;;Irrigação;MT;PLANALTO DA SERRA;Não Classificado;Não Classificado;RICARDO CARANDINA;Pessoa Física;Agência Nacional de Águas e Saneamento Básico - ANA;;Não Classificada;;;Não;Não;;Não;0,0;0,0;0,0;;0,0;Sem Informação;;;;42,0;Rio Culuene;Região Hidrográfica AMAZÔNICA;;Federal;;;;;Operação;2020-07-01 00:00:00;-14,78042;-54,51936;mínima;2020-07-01;NoData;NoData;2020,0;0,0;Fundacao;0,0;Original;6;26;0;5;13;18;3;19;49;Baixo;Medio;66,7;Bom;True;True;True;False;False;True;True;False;False;6;Media
21011;Fazenda Bela Vista;;Irrigação;MT;GUARANTÃ DO NORTE;Não Classificado;Não Classificado;MILTON CIRINO DE ALMEIDA;Pessoa Física;Agência Nacional de Águas e Saneamento Básico - ANA;;Não Classificada;;;Não;Não;;Não;0,0;0,0;0,0;;0,0;Sem Informação;;;;4228994,0;SEM NOME;Região Hidrográfica AMAZÔNICA;;Federal;;;;;Operação;2020-07-01 00:00:00;-9,55831;-54,55408;mínima;2020-07-01;NoData;NoData;2020,0;0,0;Fundacao;0,0;Original;6;26;0;5;13;18;3;19;49;Baixo;Medio;66,7;Bom;True;True;True;False;False;True;True;False;False;6;Media
22257;Barragem - Fazenda Passo Firme ;Massa d'Água #69337;Dessedentação Animal;PR;LARANJEIRAS DO SUL;Não se Aplica;Baixo;Sadi Bittencourt da Silva;Pessoa Física;Agência Nacional de Águas e Saneamento Básico - ANA;02501.004285/2024-18;Não;39/2025/SRB-ANA-SEI;;Não;Não;;Não;2,0;2,0;0,003;165,0;5703,49;Terra;;;;8632984,0;SEM NOME;Região Hidrográfica do PARANÁ;CBH dos rios Piquiri e Paraná II;Estadual;;;;Não;Operação;25-OCT-03;-25,23542;-52,38747;ótima;2021-01-06;0;0;2021,0;2,0;Fundacao;0,003;Original;5;24;0;5;13;18;4;18;47;Baixo;Medio;77,8;Bom;True;True;True;False;False;False;True;False;False;6;Media
23595;Massa d'Água #198881;;Irrigação;MS;DOURADINA;Não Classificado;Não Classificado;;;Agência Nacional de Águas e Saneamento Básico - ANA;;Não Classificada;;;Não;Não;;Não;;;;;;Sem Informação;;;;8638772,0;Córrego Panambi;Região Hidrográfica do PARANÁ;CBH do Rio Ivinhema;Federal;;;;;;;-22,00156;-54,63242;mínima;2021-02-11;NoData;NoData;2021,0;;Sem_Dado;;Sem_Dado;3;31;0;5;13;18;1;16;54;Dados Insuficientes;Medio;33,3;Parcial;True;True;True;True;True;True;True;False;False;7;Alta
23602;Massa d'Água #201444;;Irrigação;MT;BRASNORTE;Não Classificado;Não Classificado;;;Agência Nacional de Águas e Saneamento Básico - ANA;;Não Classificada;;;Não;Não;;Não;;;;;;Sem Informação;;;;448188,0;SEM NOME;Região Hidrográfica AMAZÔNICA;;Federal;;;;;;;-12,17781;-58,20706;mínima;2021-02-11;NoData;NoData;2021,0;;Sem_Dado;;Sem_Dado;3;31;0;5;13;18;1;16;54;Dados Insuficientes;Medio;33,3;Parcial;True;True;True;True;True;True;True;False;False;7;Alta
23603;Massa d'Água #201637;;Irrigação;MS;AQUIDAUANA;Não Classificado;Não Classificado;;;Agência Nacional de Águas e Saneamento Básico - ANA;;Não Classificada;;;Não;Não;;Não;;;;;;Sem Informação;;;;89524,0;Vazante Grande;Região Hidrográfica do PARAGUAI;CBH do Rio Miranda;Estadual;;;;;;;-20,21119;-56,04908;mínima;2021-02-11;NoData;NoData;2021,0;;Sem_Dado;;Sem_Dado;3;31;0;5;13;18;1;16;54;Dados Insuficientes;Medio;33,3;Parcial;True;True;True;True;True;True;True;False;False;7;Alta
20847;Fazenda Córrego do Ouro;;Dessedentação Animal;GO;SÃO MIGUEL DO ARAGUAIA;Alto;Médio;José Maria Remigio Moreira;Pessoa Física;Agência Nacional de Águas e Saneamento Básico - ANA;;Sim;;;Não;Não;;Não;2,5;2,5;0,087;0,0;0,0;Terra;;;;666,0;Ribeirão Baião;Região Hidrográfica do TOCANTINS-ARAGUAIA;CBH Médio Araguaia;Federal;;;;;Operação;2020-06-26 00:00:00;-13,29297;-50,18256;baixa;2020-06-26;0;0;2020,0;2,5;Fundacao;0,087;Original;8;23;0;5;13;18;4;21;46;Baixo;Medio;77,8;Bom;True;True;True;False;False;False;True;True;False;8;Alta
20854;Fazenda Dois Irmãos;;Irrigação;MA;SÃO FRANCISCO DO BREJÃO;Não Classificado;Não Classificado;José da Silva;Pessoa Física;Agência Nacional de Águas e Saneamento Básico - ANA;;Não Classificada;;;Não;Não;;Não;0,0;0,0;0,0;;0,0;Sem Informação;;;;714,0;Córrego Brejão;Região Hidrográfica ATLÂNTICO NORDESTE OCIDENTAL;;Federal;;;;;Operação;2020-06-26 00:00:00;-5,20428;-47,38103;mínima;2020-06-26;NoData;NoData;2020,0;0,0;Fundacao;0,0;Original;6;26;0;5;13;18;3;19;49;Baixo;Medio;66,7;Bom;True;True;True;False;False;True;True;False;False;6;Media
21014;PA Fortaleza - Barragem 01;;Irrigação;SE;NOSSA SENHORA DA GLÓRIA;Não Classificado;Não Classificado;JOSÉ LUIZ DE SOUZA;Pessoa Física;Agência Nacional de Águas e Saneamento Básico - ANA;;Não Classificada;;;Não;Não;;Não;;;;;0,0;Sem Informação;;;;7714,0;Rio Sergipe;Região Hidrográfica ATLÂNTICO LESTE;CBH do Rio Sergipe;Federal;;;;;Operação;2020-07-01 00:00:00;-10,15792;-37,77631;mínima;2020-07-01;NoData;NoData;2020,0;;Sem_Dado;;Sem_Dado;6;30;0;5;13;18;2;19;53;Dados Insuficientes;Medio;44,4;Parcial;True;True;True;True;True;True;True;False;False;7;Alta
21015;PA Fortaleza - Barragem 02;;Irrigação;SE;NOSSA SENHORA DA GLÓRIA;Não Classificado;Não Classificado;JOSÉ LUIZ DE SOUZA;Pessoa Física;Agência Nacional de Águas e Saneamento Básico - ANA;;Não Classificada;;;Não;Não;;Não;;;;;0,0;Sem Informação;;;;7714,0;Rio Sergipe;Região Hidrográfica ATLÂNTICO LESTE;CBH do Rio Sergipe;Federal;;;;;Operação;2020-07-01 00:00:00;-10,14964;-37,77544;mínima;2020-07-01;NoData;NoData;2020,0;;Sem_Dado;;Sem_Dado;6;30;0;5;13;18;2;19;53;Dados Insuficientes;Medio;44,4;Parcial;True;True;True;True;True;True;True;False;False;7;Alta
21016;Fazenda São Domingos;;Irrigação;SE;CARIRA;Não Classificado;Não Classificado;ARIOSTO ALVES DE OLIVEIRA;Pessoa Física;Agência Nacional de Águas e Saneamento Básico - ANA;;Não Classificada;;;Não;Não;;Não;0,0;0,0;0,0;;0,0;Sem Informação;;;;771496,0;Riacho Melancia;Região Hidrográfica ATLÂNTICO LESTE;CBH do Rio Sergipe;Federal;;;;;Operação;2020-07-01 00:00:00;-10,21444;-37,72781;mínima;2020-07-01;NoData;NoData;2020,0;0,0;Fundacao;0,0;Original;6;26;0;5;13;18;3;19;49;Baixo;Medio;66,7;Bom;True;True;True;False;False;True;True;False;False;6;Media
21018;Fazenda Quixaba;;Irrigação;SE;CARIRA;Não Classificado;Não Classificado; FRANCISCO TELES DE MENDONÇA;Pessoa Física;Agência Nacional de Águas e Saneamento Básico - ANA;;Não Classificada;;;Não;Não;;Não;0,0;0,0;0,0;;0,0;Sem Informação;;;;7716144,0;Riacho Cansação;Região Hidrográfica ATLÂNTICO LESTE;;Federal;;;;;Operação;2020-07-01 00:00:00;-10,35483;-37,78731;mínima;2020-07-01;NoData;NoData;2020,0;0,0;Fundacao;0,0;Original;6;26;0;5;13;18;3;19;49;Baixo;Medio;66,7;Bom;True;True;True;False;False;True;True;False;False;6;Media
22537;Massa d'Água #148275;;Paisagismo;PR;INÁCIO MARTINS;Não se Aplica;Baixo;Fundação Nacional dos Povos Indígenas - FUNAI;Órgãos - Público;Agência Nacional de Águas e Saneamento Básico - ANA;02501.004411/2024-34;Não;130/2025/SRB-ANA-SEI;;Não;Não;;Não;1,5;1,5;0,005;70,0;0,99;Terra;;;;86256,0;Rio da Areia;Região Hidrográfica do PARANÁ;;Estadual;;;;;Operação;1968-01-01 00:00:00;-25,76842;-51,24606;ótima;2021-01-26;NoData;NoData;2021,0;1,5;Fundacao;0,005;Original;9;24;0;5;13;18;4;22;47;Baixo;Medio;77,8;Bom;True;True;True;False;False;False;True;False;False;6;Media
22541;Massa d'Água #149944;;Irrigação;MS;PARANHOS;Não Classificado;Não Classificado;;;Agência Nacional de Águas e Saneamento Básico - ANA;;Não Classificada;;;Não;Não;;Não;;;;;;Sem Informação;;;;86332936,0;Córrego Pacuri;Região Hidrográfica do PARANÁ;;Estadual;;;;;;;-23,58119;-55,49831;mínima;2021-01-26;NoData;NoData;2021,0;;Sem_Dado;;Sem_Dado;3;31;0;5;13;18;1;16;54;Dados Insuficientes;Medio;33,3;Parcial;True;True;True;True;True;True;True;False;False;7;Alta
22553;Massa d'Água #150601;;Irrigação;MS;AQUIDAUANA;Não Classificado;Não Classificado;;;Agência Nacional de Águas e Saneamento Básico - ANA;;Não Classificada;;;Não;Não;;Não;;;;;;Sem Informação;;;;8952442,0;SEM NOME;Região Hidrográfica do PARAGUAI;CBH do Rio Miranda;Estadual;;;;;;;-20,21936;-56,06025;mínima;2021-01-27;NoData;NoData;2021,0;;Sem_Dado;;Sem_Dado;3;31;0;5;13;18;1;16;54;Dados Insuficientes;Medio;33,3;Parcial;True;True;True;True;True;True;True;False;False;7;Alta
23641;Massa d'Água #204762;;Irrigação;MS;MIRANDA;Não Classificado;Não Classificado;;;Agência Nacional de Águas e Saneamento Básico - ANA;;Não Classificada;;;Não;Não;;Não;;;;;;Sem Informação;;;;895232,0;Córrego Agachi;Região Hidrográfica do PARAGUAI;CBH do Rio Miranda;Estadual;;;;;;;-20,12625;-56,26183;mínima;2021-02-12;NoData;NoData;2021,0;;Sem_Dado;;Sem_Dado;3;31;0;5;13;18;1;16;54;Dados Insuficientes;Medio;33,3;Parcial;True;True;True;True;True;True;True;False;False;7;Alta
23650;Massa d'Água #206389;;Irrigação;MS;IGUATEMI;Não Classificado;Não Classificado;;;Agência Nacional de Águas e Saneamento Básico - ANA;;Não Classificada;;;Não;Não;;Não;;;;;;Sem Informação;;;;86332232,0;Córrego Costa Rica;Região Hidrográfica do PARANÁ;;Federal;;;;;;;-23,42747;-54,70472;mínima;2021-02-12;NoData;NoData;2021,0;;Sem_Dado;;Sem_Dado;3;31;0;5;13;18;1;16;54;Dados Insuficientes;Medio;33,3;Parcial;True;True;True;True;True;True;True;False;False;7;Alta
23654;Massa d'Água #207214;;Irrigação;BA;PRADO;Não Classificado;Não Classificado;;;Agência Nacional de Águas e Saneamento Básico - ANA;;Não Classificada;;;Não;Não;;Não;;;;;;Sem Informação;;;;;SEM NOME;Região Hidrográfica ATLÂNTICO LESTE;CBH dos Rios Frades, Buranhém e Santo Antônio;Federal;;;;;;;-17,04647;-39,17675;mínima;2021-02-12;NoData;NoData;2021,0;;Sem_Dado;;Sem_Dado;3;31;0;5;13;18;1;16;54;Dados Insuficientes;Medio;33,3;Parcial;True;True;True;True;True;True;True;False;False;7;Alta
23496;Massa d'Água #181614;;Irrigação;BA;ITAJU DO COLÔNIA;Não Classificado;Não Classificado;;;Agência Nacional de Águas e Saneamento Básico - ANA;;Não Classificada;;;Não;Não;;Não;0,0;0,0;0,0;;0,0;Sem Informação;;;;777484,0;Riacho do Ourinho;Região Hidrográfica ATLÂNTICO LESTE;CBH do Leste;Estadual;;;;;;;-15,25944;-39,71681;mínima;2021-02-10;NoData;NoData;2021,0;0,0;Fundacao;0,0;Original;3;27;0;5;13;18;2;16;50;Dados Insuficientes;Medio;55,6;Parcial;True;True;True;False;False;True;True;False;False;6;Media
20942;Barragem Fazenda Santa Cruz;1;Irrigação;ES;PEDRO CANÁRIO;Não se Aplica;Baixo;Gilberto Bento Correa;Pessoa Física;Agência Nacional de Águas e Saneamento Básico - ANA;02501.005718/2024-52;Não;2160;;Não;Não;;Não;2,7;2,7;0,007;103,0;0,0;Terra;;;;7797872,0;Córrego do Engano;Região Hidrográfica ATLÂNTICO LESTE;CBH do Rio Itaúnas;Federal;;;;Não;Operação;01-MAY-94;-18,11114;-40,06267;ótima;2020-06-30;NoData;NoData;2020,0;2,7;Fundacao;0,007;Original;5;24;0;5;13;18;4;18;47;Baixo;Medio;77,8;Bom;True;True;True;False;False;False;True;False;False;6;Media
20948;Fazenda Nova Shalon;;Irrigação;PE;BREJÃO;Não se Aplica;Baixo;Aderval Monteiro Marques Júnior;Pessoa Física;Agência Nacional de Águas e Saneamento Básico - ANA;02501.001959/2024-22;Não;;;Não;Não;;Não;3,0;3,0;0,038;;0,0;Sem Informação;;;;759668,0;SEM NOME;Região Hidrográfica ATLÂNTICO NORDESTE ORIENTAL;;Federal;;;;;Operação;2020-06-30 00:00:00;-8,96067;-36,5395;baixa;2020-06-30;3;0.038;2020,0;3,0;Fundacao;0,038;Original;6;26;0;5;13;18;3;19;49;Baixo;Medio;66,7;Bom;True;True;True;False;False;True;True;False;False;6;Media
20950;Sítio Mucambo;;Irrigação;PE;SÃO JOÃO;Não Classificado;Não Classificado;José Edmilson Pereira Pita;Pessoa Física;Agência Nacional de Águas e Saneamento Básico - ANA;;Não Classificada;;;Não;Não;;Não;0,0;0,0;0,0;;0,0;Sem Informação;;;;75968,0;Riacho Mocambo;Região Hidrográfica ATLÂNTICO NORDESTE ORIENTAL;;Federal;;;;;Operação;2020-06-30 00:00:00;-8,90406;-36,42394;mínima;2020-06-30;NoData;NoData;2020,0;0,0;Fundacao;0,0;Original;6;26;0;5;13;18;3;19;49;Baixo;Medio;66,7;Bom;True;True;True;False;False;True;True;False;False;6;Media
20858;Fazenda Santo Antônio;;Irrigação;MA;SÃO FRANCISCO DO BREJÃO;Não Classificado;Não Classificado;Nildete Cortes Morais;Pessoa Física;Agência Nacional de Águas e Saneamento Básico - ANA;;Não Classificada;;;Não;Não;;Não;0,0;0,0;0,0;;0,0;Sem Informação;;;;714,0;Córrego Brejão;Região Hidrográfica ATLÂNTICO NORDESTE OCIDENTAL;;Federal;;;;;Operação;2020-06-26 00:00:00;-5,18683;-47,39711;mínima;2020-06-26;NoData;NoData;2020,0;0,0;Fundacao;0,0;Original;6;26;0;5;13;18;3;19;49;Baixo;Medio;66,7;Bom;True;True;True;False;False;True;True;False;False;6;Media
20860;Fazenda Pouso Frio - Barragem 02;;Irrigação;MS;CHAPADÃO DO SUL;Não Classificado;Não Classificado;José Ronaldo Xavier Machado;Pessoa Física;Agência Nacional de Águas e Saneamento Básico - ANA;;Não Classificada;;;Não;Não;;Não;;;;;0,0;Sem Informação;;;;869126,0;Rio Aporé ou do Peixe;Região Hidrográfica do PARANÁ;Paranaíba;Federal;;;;;Operação;2020-06-26 00:00:00;-18,66308;-52,891;mínima;2020-06-26;NoData;NoData;2020,0;;Sem_Dado;;Sem_Dado;6;30;0;5;13;18;2;19;53;Dados Insuficientes;Medio;44,4;Parcial;True;True;True;True;True;True;True;False;False;7;Alta
18127;Açude do Jatobá de Baixo;;Abastecimento humano;PB;BELÉM DO BREJO DO CRUZ;Não se Aplica;Baixo;Petrolino da Costa Neto;Pessoa Física;Agência Nacional de Águas e Saneamento Básico - ANA;02501.001476/2015-37;Não;s/n;;Não;Não;;Não;2,4;2,4;0,32;547,33;0,0;Terra;;;;7563256,0;Riacho Passagem Limpa;Região Hidrográfica ATLÂNTICO NORDESTE ORIENTAL;Piranhas-Açu;Federal;;;;;Operação;2000-01-01 00:00:00;-6,15917;-37,36361;ótima;2019-09-12;0;0;2019,0;2,4;Fundacao;0,32;Original;8;23;0;5;13;18;4;21;46;Baixo;Medio;77,8;Bom;True;True;True;False;False;False;True;False;False;6;Media
22428;Barragem do Cascavel;Massa d'Água #114794;Dessedentação Animal;CE;PORANGA;Não se Aplica;Baixo;Prefeitura do Município de Poranga - CE;Órgãos - Público;Agência Nacional de Águas e Saneamento Básico - ANA;02501.000457/2026-46;Não Classificada;15/2026/SRB-ANA-SEI;;Não;Não;;Não;7,0;7,0;0,505;95,0;;Alvenaria;;;;7428,0;Rio Macambira;Região Hidrográfica do PARNAÍBA;Parnaíba;Federal;;;;Não;Operação;2021-01-21 00:00:00;-4,90731;-41,15703;ótima;2021-01-21;NoData;NoData;2021,0;7,0;Fundacao;0,505;Original;8;23;0;5;13;18;4;21;46;Baixo;Medio;77,8;Bom;True;True;True;False;False;False;True;False;False;6;Media
22448;Massa d'Água #121634;;Irrigação;MT;BRASNORTE;Não Classificado;Não Classificado;;;Agência Nacional de Águas e Saneamento Básico - ANA;;Não Classificada;;;Não;Não;;Não;;;;;;Sem Informação;;;;4485642,0;SEM NOME;Região Hidrográfica AMAZÔNICA;;Estadual;;;;;;;-12,77761;-57,63475;mínima;2021-01-22;NoData;NoData;2021,0;;Sem_Dado;;Sem_Dado;3;31;0;5;13;18;1;16;54;Dados Insuficientes;Medio;33,3;Parcial;True;True;True;True;True;True;True;False;False;7;Alta
22457;Massa d'Água #125244;;Irrigação;MS;IGUATEMI;Não Classificado;Não Classificado;;;Agência Nacional de Águas e Saneamento Básico - ANA;;Não Classificada;;;Não;Não;;Não;;;;;;Sem Informação;;;;86332222,0;Córrego Mandeí;Região Hidrográfica do PARANÁ;;Federal;;;;;;;-23,51581;-54,68128;mínima;2021-01-22;NoData;NoData;2021,0;;Sem_Dado;;Sem_Dado;3;31;0;5;13;18;1;16;54;Dados Insuficientes;Medio;33,3;Parcial;True;True;True;True;True;True;True;False;False;7;Alta
22617;Massa d'Água #161312;;Irrigação;MG;CAPITÓLIO;Não Classificado;Não Classificado;;;Agência Nacional de Águas e Saneamento Básico - ANA;;Não Classificada;;;Não;Não;;Não;;;;;;Sem Informação;;;;86879962,0;Ribeirão Fumal;Região Hidrográfica do PARANÁ;Grande;Estadual;;;;;;;-20,55636;-46,27922;mínima;2021-01-28;NoData;NoData;2021,0;;Sem_Dado;;Sem_Dado;3;31;0;5;13;18;1;16;54;Dados Insuficientes;Medio;33,3;Parcial;True;True;True;True;True;True;True;False;False;7;Alta
23576;Massa d'Água #192846;;Irrigação;MS;IGUATEMI;Não Classificado;Não Classificado;;;Agência Nacional de Águas e Saneamento Básico - ANA;;Não Classificada;;;Não;Não;;Não;;;;;;Sem Informação;;;;8633882,0;Córrego Sousa-cuê;Região Hidrográfica do PARANÁ;;Federal;;;;;;;-23,41189;-54,69181;mínima;2021-02-11;NoData;NoData;2021,0;;Sem_Dado;;Sem_Dado;3;31;0;5;13;18;1;16;54;Dados Insuficientes;Medio;33,3;Parcial;True;True;True;True;True;True;True;False;False;7;Alta
22264;Massa d'Água #70517;;Irrigação;MT;SÃO FÉLIX DO ARAGUAIA;Não Classificado;Não Classificado;;;Agência Nacional de Águas e Saneamento Básico - ANA;;Não Classificada;;;Não;Não;;Não;;;;;;Sem Informação;;;;4254,0;Rio Comandante Fontoura;Região Hidrográfica AMAZÔNICA;;Estadual;;;;;;;-11,60425;-51,83731;mínima;2021-01-06;NoData;NoData;2021,0;;Sem_Dado;;Sem_Dado;3;31;0;5;13;18;1;16;54;Dados Insuficientes;Medio;33,3;Parcial;True;True;True;True;True;True;True;False;False;7;Alta
20868;Fazenda Renascer - Barragem 02;;Irrigação;PB;CAIÇARA;Não Classificado;Não Classificado;Severino Medeiros do Nascimento;Pessoa Física;Agência Nacional de Águas e Saneamento Básico - ANA;;Não Classificada;;;Não;Não;;Não;;;;;0,0;Sem Informação;;;;75762,0;Rio Pirari;Região Hidrográfica ATLÂNTICO NORDESTE ORIENTAL;;Federal;;;;;Operação;2020-06-26 00:00:00;-6,66694;-35,40889;mínima;2020-06-26;NoData;NoData;2020,0;;Sem_Dado;;Sem_Dado;6;30;0;5;13;18;2;19;53;Dados Insuficientes;Medio;44,4;Parcial;True;True;True;True;True;True;True;False;False;7;Alta
22554;Massa d'Água #150817;;Irrigação;BA;UNA;Não Classificado;Não Classificado;;;Agência Nacional de Águas e Saneamento Básico - ANA;;Não Classificada;;;Não;Não;;Não;;;;;;Sem Informação;;;;77756,0;Ribeirão Canoa;Região Hidrográfica ATLÂNTICO LESTE;CBH do Leste;Estadual;;;;;;;-15,06442;-39,16069;mínima;2021-01-27;NoData;NoData;2021,0;;Sem_Dado;;Sem_Dado;3;31;0;5;13;18;1;16;54;Dados Insuficientes;Medio;33,3;Parcial;True;True;True;True;True;True;True;False;False;7;Alta
23590;Fazenda Boa Vista #197051;Massa d'Água #197051;Irrigação;GO;FORMOSA;Não Classificado;Não Classificado;;;Agência Nacional de Águas e Saneamento Básico - ANA;02501.001631/2025-97;Não Classificada;;;Não;Não;;Não;;;;;;Sem Informação;;;;76848,0;Rio Bezerra;Região Hidrográfica do SÃO FRANCISCO;São Francisco;Federal;;;;;;;-15,58375;-47,12483;mínima;2021-02-11;NoData;NoData;2021,0;;Sem_Dado;;Sem_Dado;3;31;0;5;13;18;1;16;54;Dados Insuficientes;Medio;33,3;Parcial;True;True;True;True;True;True;True;False;False;7;Alta
19538;Fazenda Por do Sol;;Irrigação;GO;CRISTALINA;Não Classificado;Médio;Danilo Julio Gatto;Pessoa Física;Agência Nacional de Águas e Saneamento Básico - ANA;;Sim;2473/2019;Sim;Sim;Não;2025-09-24;Não;24,0;;4,98;702,0;;Terra;;;;7684776,0;Córrego Morais;Região Hidrográfica do PARANÁ;São Francisco;Federal;2025-09-24;Regular;Normal;;Operação;01-AUG-23;-16,24392;-47,36469;média;2020-01-07;0;0;2020,0;24,0;Fundacao;4,98;Original;7;26;2;2;5;5;4;14;33;Baixo;Baixo;100,0;Completo;False;False;True;False;False;False;False;True;False;3;Baixa
20983;Fazenda São José;;Dessedentação Animal;PA;JACAREACANGA;Não se Aplica;Baixo;Dornelis José Chiodelli;Pessoa Física;Agência Nacional de Águas e Saneamento Básico - ANA;02501.001611/2025-16;Não;84/2025/SRB-ANA-SEI;;Não;Não;;Não;4,0;4,0;0,088;;0,0;Sem Informação;Irrigação;;;444552,0;SEM NOME;Região Hidrográfica AMAZÔNICA;;Federal;;;;Não;Operação;2020-07-01 00:00:00;-9,39797;-56,17981;ótima;2020-07-01;NoData;NoData;2020,0;4,0;Fundacao;0,088;Original;6;26;0;5;13;18;3;19;49;Baixo;Medio;66,7;Bom;True;True;True;False;False;True;True;False;False;6;Media
23899;Barragem Usina Ariadnópolis;;Irrigação;MG;CAMPO DO MEIO;Alto;Não Classificado;JOVANE DE SOUZA MOREIRA;Pessoa Física;Agência Nacional de Águas e Saneamento Básico - ANA;;Sim;;;Não;Não;;Não;6,0;6,0;4,5;;;Sem Informação;;;;868818,0;Ribeirão do Sapé;Região Hidrográfica do PARANÁ;Grande;Federal;;;;Não;;;-21,07833;-45,8575;baixa;2021-02-26;;;;6,0;Fundacao;4,5;Original;3;27;0;5;13;18;2;16;50;Dados Insuficientes;Medio;66,7;Bom;True;True;True;False;False;True;True;True;False;8;Alta
23708;Massa d'Água #217535;;Irrigação;MS;BRASILÂNDIA;Não Classificado;Não Classificado;;;Agência Nacional de Águas e Saneamento Básico - ANA;;Não Classificada;;;Não;Não;;Não;;;;;;Sem Informação;;;;865344,0;SEM NOME;Região Hidrográfica do PARANÁ;;Estadual;;;;;;;-21,27561;-52,179;mínima;2021-02-13;NoData;NoData;2021,0;;Sem_Dado;;Sem_Dado;3;31;0;5;13;18;1;16;54;Dados Insuficientes;Medio;33,3;Parcial;True;True;True;True;True;True;True;False;False;7;Alta
23709;Massa d'Água #217564;;Irrigação;BA;UNA;Não Classificado;Não Classificado;;;Agência Nacional de Águas e Saneamento Básico - ANA;;Não Classificada;;;Não;Não;;Não;;;;;;Sem Informação;;;;777562,0;Rio da Serra;Região Hidrográfica ATLÂNTICO LESTE;CBH do Leste;Estadual;;;;;;;-15,138;-39,15764;mínima;2021-02-13;NoData;NoData;2021,0;;Sem_Dado;;Sem_Dado;3;31;0;5;13;18;1;16;54;Dados Insuficientes;Medio;33,3;Parcial;True;True;True;True;True;True;True;False;False;7;Alta
23712;Massa d'Água #218719;;Irrigação;SC;ITAIÓPOLIS;Não Classificado;Não Classificado;;;Agência Nacional de Águas e Saneamento Básico - ANA;;Não Classificada;;;Não;Não;;Não;;;;;;Sem Informação;;;;86298,0;Rio Preto;Região Hidrográfica ATLÂNTICO SUL;;Estadual;;;;;;;-26,69117;-49,69492;mínima;2021-02-13;NoData;NoData;2021,0;;Sem_Dado;;Sem_Dado;3;31;0;5;13;18;1;16;54;Dados Insuficientes;Medio;33,3;Parcial;True;True;True;True;True;True;True;False;False;7;Alta
24194;FAZENDA SÃO CIPRIANO;;Irrigação;GO;CATALÃO;Não se Aplica;Baixo;Anisio Favoreto;Pessoa Física;Agência Nacional de Águas e Saneamento Básico - ANA;;Não;646/2021;;Não;Não;;Não;6,24;;0,352;259,0;;Terra;;;;8699924,0;Rio São Bento;Região Hidrográfica do PARANÁ;CBH do Rio Paranaíba;Federal;;;;Não;Projeto;15-APR-21;-17,65078;-47,49414;ótima;2021-04-20;NoData;NoData;2021,0;6,24;Fundacao;0,352;Original;6;25;0;5;13;18;4;19;48;Baixo;Medio;77,8;Bom;True;True;True;False;False;False;True;False;False;6;Media
20885;Sítio Morada Nova 1;;Irrigação;PB;NOVA PALMEIRA;Não Classificado;Não Classificado;Erly Joan Souto de Medeiros;Pessoa Física;Agência Nacional de Águas e Saneamento Básico - ANA;;Não Classificada;;;Não;Não;;Não;;;;;0,0;Sem Informação;;;;756286,0;SEM NOME;Região Hidrográfica ATLÂNTICO NORDESTE ORIENTAL;Piranhas-Açu;Federal;;;;;Operação;2020-06-27 00:00:00;-6,71736;-36,40108;mínima;2020-06-27;NoData;NoData;2020,0;;Sem_Dado;;Sem_Dado;6;30;0;5;13;18;2;19;53;Dados Insuficientes;Medio;44,4;Parcial;True;True;True;True;True;True;True;False;False;7;Alta
22378;Massa d'Água #95739;;Irrigação;BA;PRADO;Não Classificado;Não Classificado;;;Agência Nacional de Águas e Saneamento Básico - ANA;;Não Classificada;;;Não;Não;;Não;;;;;;Sem Informação;;;;779196,0;SEM NOME;Região Hidrográfica ATLÂNTICO LESTE;CBH dos Rios Frades, Buranhém e Santo Antônio;Federal;;;;;;;-16,98117;-39,22433;mínima;2021-01-19;NoData;NoData;2021,0;;Sem_Dado;;Sem_Dado;3;31;0;5;13;18;1;16;54;Dados Insuficientes;Medio;33,3;Parcial;True;True;True;True;True;True;True;False;False;7;Alta
22387;Massa d'Água #99980;;Irrigação;SP;ARCO-ÍRIS;Não Classificado;Não Classificado;;;Agência Nacional de Águas e Saneamento Básico - ANA;;Não Classificada;;;Não;Não;;Não;;;;;;Sem Informação;;;;865642,0;Córrego Pirá;Região Hidrográfica do PARANÁ;CBH dos Rios Aguapei e Peixe;Estadual;;;;;;;-21,79672;-50,38497;mínima;2021-01-20;NoData;NoData;2021,0;;Sem_Dado;;Sem_Dado;3;31;0;5;13;18;1;16;54;Dados Insuficientes;Medio;33,3;Parcial;True;True;True;True;True;True;True;False;False;7;Alta
22404;Massa d'Água #105348;;Irrigação;MS;AQUIDAUANA;Não Classificado;Não Classificado;;;Agência Nacional de Águas e Saneamento Básico - ANA;;Não Classificada;;;Não;Não;;Não;;;;;;Sem Informação;;;;895258,0;Córrego João Dias;Região Hidrográfica do PARAGUAI;CBH do Rio Miranda;Estadual;;;;;;;-20,33422;-55,70967;mínima;2021-01-20;NoData;NoData;2021,0;;Sem_Dado;;Sem_Dado;3;31;0;5;13;18;1;16;54;Dados Insuficientes;Medio;33,3;Parcial;True;True;True;True;True;True;True;False;False;7;Alta
20968;Fazenda Caratuva - Barragem 02;;Irrigação;SC;PONTE SERRADA;Não Classificado;Não Classificado;CARATUVA AGROFLORESTAL LTDA;;Agência Nacional de Águas e Saneamento Básico - ANA;02501.002552/2024-12;Não Classificada;;;Não;Não;;Não;;;;;0,0;Sem Informação;;;;82786,0;Rio do Mato;Região Hidrográfica do URUGUAI;Uruguai;Estadual;;;;Não;Operação;2020-06-30 00:00:00;-26,82158;-51,986;mínima;2020-06-30;;;;;Sem_Dado;;Sem_Dado;6;30;0;5;13;18;2;19;53;Dados Insuficientes;Medio;44,4;Parcial;True;True;True;True;True;True;True;False;False;7;Alta
20898;Fazenda Talhados;;Irrigação;MG;SÃO JOÃO BATISTA DO GLÓRIA;Não Classificado;Não Classificado;Antônio Joaquim Bernardes;Pessoa Física;Agência Nacional de Águas e Saneamento Básico - ANA;;Não Classificada;;;Não;Não;;Não;0,0;0,0;0,0;;0,0;Sem Informação;;;;868,0;Rio Grande;Região Hidrográfica do PARANÁ;Grande;Federal;;;;;Operação;2020-06-29 00:00:00;-20,65172;-46,28919;mínima;2020-06-29;NoData;NoData;2020,0;0,0;Fundacao;0,0;Original;6;26;0;5;13;18;3;19;49;Baixo;Medio;66,7;Bom;True;True;True;False;False;True;True;False;False;6;Media
23510;Massa d'Água #187400;;Irrigação;BA;ITAJU DO COLÔNIA;Não Classificado;Não Classificado;;;Agência Nacional de Águas e Saneamento Básico - ANA;;Não Classificada;;;Não;Não;;Não;;;;;;Sem Informação;;;;777484,0;Riacho do Ourinho;Região Hidrográfica ATLÂNTICO LESTE;CBH do Leste;Estadual;;;;;;;-15,29986;-39,72661;mínima;2021-02-10;NoData;NoData;2021,0;;Sem_Dado;;Sem_Dado;3;31;0;5;13;18;1;16;54;Dados Insuficientes;Medio;33,3;Parcial;True;True;True;True;True;True;True;False;False;7;Alta
23663;Massa d'Água #208579;;Irrigação;MS;DOURADINA;Não Classificado;Não Classificado;;;Agência Nacional de Águas e Saneamento Básico - ANA;;Não Classificada;;;Não;Não;;Não;;;;;;Sem Informação;;;;8638772,0;Córrego Panambi;Região Hidrográfica do PARANÁ;CBH do Rio Ivinhema;Federal;;;;;;;-21,99872;-54,62728;mínima;2021-02-12;NoData;NoData;2021,0;;Sem_Dado;;Sem_Dado;3;31;0;5;13;18;1;16;54;Dados Insuficientes;Medio;33,3;Parcial;True;True;True;True;True;True;True;False;False;7;Alta
23675;Massa d'Água #215031;;Irrigação;MS;AQUIDAUANA;Não Classificado;Não Classificado;;;Agência Nacional de Águas e Saneamento Básico - ANA;;Não Classificada;;;Não;Não;;Não;;;;;;Sem Informação;;;;8952442,0;SEM NOME;Região Hidrográfica do PARAGUAI;CBH do Rio Miranda;Estadual;;;;;;;-20,22133;-56,06764;mínima;2021-02-12;NoData;NoData;2021,0;;Sem_Dado;;Sem_Dado;3;31;0;5;13;18;1;16;54;Dados Insuficientes;Medio;33,3;Parcial;True;True;True;True;True;True;True;False;False;7;Alta
20802;Fazenda Sombrio - Barragem 01;;Irrigação;BA;PEDRO ALEXANDRE;Não Classificado;Não Classificado;Leôncio José de Santana;Pessoa Física;Agência Nacional de Águas e Saneamento Básico - ANA;;Não Classificada;;;Não;Não;;Não;;;;;0,0;Sem Informação;;;;7611386,0;Rio do Cachorro;Região Hidrográfica ATLÂNTICO LESTE;São Francisco;Federal;;;;;Operação;2020-06-23 00:00:00;-10,01292;-37,86742;mínima;2020-06-23;NoData;NoData;2020,0;;Sem_Dado;;Sem_Dado;6;30;0;5;13;18;2;19;53;Dados Insuficientes;Medio;44,4;Parcial;True;True;True;True;True;True;True;False;False;7;Alta
21027;Fazenda Potreiro Grande II;Barragem - 3308 IAT;Irrigação;PR;CASTRO;Não se Aplica;Baixo;VESPASIANO BITTENCOURT;Pessoa Física;Agência Nacional de Águas e Saneamento Básico - ANA;02501.004378/2024-42;Não Classificada;63/2026/SRB-ANA-SEI;;Não;Não;;Não;4,5;4,5;0,025;;0,0;Sem Informação;;;;7948,0;Rio Ribeirão Grande e Rio São Pedro;Região Hidrográfica do PARANÁ;Ribeira do Iguape;Estadual;;;;;Operação;2020-07-02 00:00:00;-24,99886;-49,91797;ótima;2020-07-02;NoData;NoData;2020,0;4,5;Fundacao;0,025;Original;6;26;0;5;13;18;3;19;49;Baixo;Medio;66,7;Bom;True;True;True;False;False;True;True;False;False;6;Media
23744;Massa d'Água #220169;;Irrigação;MS;CAARAPÓ;Não Classificado;Não Classificado;;;Agência Nacional de Águas e Saneamento Básico - ANA;;Não Classificada;;;Não;Não;;Não;;;;;;Sem Informação;;;;86386156,0;Córrego Ipuitá;Região Hidrográfica do PARANÁ;CBH do Rio Ivinhema;Estadual;;;;;;;-22,53361;-54,67306;mínima;2021-02-15;NoData;NoData;2021,0;;Sem_Dado;;Sem_Dado;3;31;0;5;13;18;1;16;54;Dados Insuficientes;Medio;33,3;Parcial;True;True;True;True;True;True;True;False;False;7;Alta
21062;Fazenda Ana Lúcia;;Irrigação;PR;CAMPINA GRANDE DO SUL;Não Classificado;Não Classificado;Terranossa Agroflorestal LTDA;;Agência Nacional de Águas e Saneamento Básico - ANA;02501.002566/2024-36;Não Classificada;;;Não;Não;;Não;;;;;0,0;Sem Informação;;;;79466,0;Rio Faxinal;Região Hidrográfica ATLÂNTICO SUDESTE;CBH do Alto Iguaçu e Afluentes do Alto Ribeira;Federal;;;;;Operação;2020-07-03 00:00:00;-25,0975;-48,69069;mínima;2020-07-03;0;0;2020,0;;Sem_Dado;;Sem_Dado;6;30;0;5;13;18;2;19;53;Dados Insuficientes;Medio;44,4;Parcial;True;True;True;True;True;True;True;False;False;7;Alta
22224;Massa d'Água #57710;;Irrigação;MT;ALTO BOA VISTA;Não Classificado;Não Classificado;;;Agência Nacional de Águas e Saneamento Básico - ANA;;Não Classificada;;;Não;Não;;Não;;;;;;Sem Informação;;;;4254992,0;SEM NOME;Região Hidrográfica AMAZÔNICA;;Estadual;;;;;;;-11,7675;-51,82869;mínima;2020-12-30;NoData;NoData;2020,0;;Sem_Dado;;Sem_Dado;3;31;0;5;13;18;1;16;54;Dados Insuficientes;Medio;33,3;Parcial;True;True;True;True;True;True;True;False;False;7;Alta
22229;Fazenda Europa;;Recreação;MT;VILA RICA;Não se Aplica;Baixo;Vatutin Pereira Maia;Pessoa Física;Agência Nacional de Águas e Saneamento Básico - ANA;02501.010272/2025-69;Não;125/2025/SRB-ANA-SEI;;Não;Não;;Não;5,0;5,0;0,512;390,0;30,09;Terra;;;;659852,0;SEM NOME;Região Hidrográfica do TOCANTINS-ARAGUAIA;;Federal;;;;;Operação;2001-01-01 00:00:00;-9,83108;-50,88189;ótima;2020-12-30;NoData;NoData;2020,0;5,0;Fundacao;0,512;Original;8;23;0;5;13;18;4;21;46;Baixo;Medio;77,8;Bom;True;True;True;False;False;False;True;False;False;6;Media
20954;Sítio Timoteo;;Irrigação;PE;BREJÃO;Não se Aplica;Baixo;Maria Ivandete Alves;Pessoa Física;Agência Nacional de Águas e Saneamento Básico - ANA;02501.001960/2024-57;Não;;;Não;Não;;Não;5,0;5,0;0,048;0,0;0,0;Terra;;;;759668,0;SEM NOME;Região Hidrográfica ATLÂNTICO NORDESTE ORIENTAL;;Federal;;;;;Operação;2020-06-30 00:00:00;-8,95433;-36,54825;baixa;2020-06-30;0;0;2020,0;5,0;Fundacao;0,048;Original;8;23;0;5;13;18;4;21;46;Baixo;Medio;77,8;Bom;True;True;True;False;False;False;True;False;False;6;Media
20955;Sítio Queimada da Jurema;;Irrigação;PE;ITAÍBA;Não se Aplica;Baixo;Sebastião Vieira da Gama;Pessoa Física;Agência Nacional de Águas e Saneamento Básico - ANA;;Não;;;Não;Não;;Não;3,0;3,0;0,016;;0,0;Sem Informação;;;;761166,0;Riacho Forquilha;Região Hidrográfica do SÃO FRANCISCO;São Francisco;Federal;;;;;Operação;2020-06-30 00:00:00;-8,98419;-37,46033;baixa;2020-06-30;0;0;2020,0;3,0;Fundacao;0,016;Original;6;26;0;5;13;18;3;19;49;Baixo;Medio;66,7;Bom;True;True;True;False;False;True;True;False;False;6;Media
20957;Fazenda Guaribas;;Irrigação;PE;BUÍQUE;Não Classificado;Não Classificado;Carlos Henrique Soares Vaz;Pessoa Física;Agência Nacional de Águas e Saneamento Básico - ANA;;Não Classificada;;;Não;Não;;Não;0,0;0,0;0,0;;0,0;Sem Informação;;;;76114,0;Rio Ipanema;Região Hidrográfica do SÃO FRANCISCO;São Francisco;Federal;;;;;Operação;2020-06-30 00:00:00;-8,72192;-36,99217;mínima;2020-06-30;NoData;NoData;2020,0;0,0;Fundacao;0,0;Original;6;26;0;5;13;18;3;19;49;Baixo;Medio;66,7;Bom;True;True;True;False;False;True;True;False;False;6;Media
23760;Massa d'Água #224991;;Irrigação;MT;BRASNORTE;Não Classificado;Não Classificado;;;Agência Nacional de Águas e Saneamento Básico - ANA;;Não Classificada;;;Não;Não;;Não;;;;;;Sem Informação;;;;4481882,0;SEM NOME;Região Hidrográfica AMAZÔNICA;;Federal;;;;;;;-12,19542;-58,16825;mínima;2021-02-15;NoData;NoData;2021,0;;Sem_Dado;;Sem_Dado;3;31;0;5;13;18;1;16;54;Dados Insuficientes;Medio;33,3;Parcial;True;True;True;True;True;True;True;False;False;7;Alta
23762;Massa d'Água #225168;;Irrigação;MS;IGUATEMI;Não Classificado;Não Classificado;;;Agência Nacional de Águas e Saneamento Básico - ANA;;Não Classificada;;;Não;Não;;Não;;;;;;Sem Informação;;;;86332232,0;Córrego Ipané;Região Hidrográfica do PARANÁ;;Federal;;;;;;;-23,49197;-54,72503;mínima;2021-02-15;NoData;NoData;2021,0;;Sem_Dado;;Sem_Dado;3;31;0;5;13;18;1;16;54;Dados Insuficientes;Medio;33,3;Parcial;True;True;True;True;True;True;True;False;False;7;Alta
23766;Massa d'Água #226349;;Irrigação;BA;PRADO;Não Classificado;Não Classificado;;;Agência Nacional de Águas e Saneamento Básico - ANA;;Não Classificada;;;Não;Não;;Não;;;;;;Sem Informação;;;;;SEM NOME;Região Hidrográfica ATLÂNTICO LESTE;CBH dos Rios Frades, Buranhém e Santo Antônio;Federal;;;;;;;-17,10122;-39,22531;mínima;2021-02-15;NoData;NoData;2021,0;;Sem_Dado;;Sem_Dado;3;31;0;5;13;18;1;16;54;Dados Insuficientes;Medio;33,3;Parcial;True;True;True;True;True;True;True;False;False;7;Alta
20876;Fazenda Lagoa da Serra;;Dessedentação Animal;PB;CAIÇARA;Não se Aplica;Baixo;Construtora ATS Eireli-ME;Empresas em Geral - Privado;Agência Nacional de Águas e Saneamento Básico - ANA;02501.001079/2025-37;Não Classificada;14/2026/SRB-ANA-SEI;;Não;Não;;Não;6,0;6,0;0,254;;0,0;Sem Informação;;;;757632,0;Riacho Bueiro;Região Hidrográfica ATLÂNTICO NORDESTE ORIENTAL;;Federal;;;;;Operação;2020-06-27 00:00:00;-6,5095;-35,39481;ótima;2020-06-27;NoData;NoData;2020,0;6,0;Fundacao;0,254;Original;6;26;0;5;13;18;3;19;49;Baixo;Medio;66,7;Bom;True;True;True;False;False;True;True;False;False;6;Media
23878;Massa d'Água #243864;;Irrigação;MT;RONDOLÂNDIA;Não Classificado;Não Classificado;;;Agência Nacional de Águas e Saneamento Básico - ANA;;Não Classificada;;;Não;Não;;Não;;;;;;Sem Informação;;;;46244948,0;Igarapé Manuel;Região Hidrográfica AMAZÔNICA;;Federal;;;;;;;-10,98208;-61,54272;mínima;2021-02-25;NoData;NoData;2021,0;;Sem_Dado;;Sem_Dado;3;31;0;5;13;18;1;16;54;Dados Insuficientes;Medio;33,3;Parcial;True;True;True;True;True;True;True;False;False;7;Alta
23884;Massa d'Água #243895;;Irrigação;PB;SÃO JOSÉ DO SABUGI;Não Classificado;Não Classificado;;;Agência Nacional de Águas e Saneamento Básico - ANA;;Não Classificada;;;Não;Não;;Não;;;;;;Sem Informação;;;;756248,0;Riacho da Serra;Região Hidrográfica ATLÂNTICO NORDESTE ORIENTAL;Piranhas-Açu;Federal;;;;;;;-6,81575;-36,86272;mínima;2021-02-25;NoData;NoData;2021,0;;Sem_Dado;;Sem_Dado;3;31;0;5;13;18;1;16;54;Dados Insuficientes;Medio;33,3;Parcial;True;True;True;True;True;True;True;False;False;7;Alta
20988;Fazenda Cristalino;;Dessedentação Animal;PA;NOVO PROGRESSO;Alto;Médio;José Maria Faé Taquete;Pessoa Física;Agência Nacional de Águas e Saneamento Básico - ANA;02501.009284/2025-41;Sim;133/2025/SRB-ANA-SEI;;Não;Não;;Não;5,0;5,0;0,557;230,0;0,0;Terra;Hidroelétrica;B;;4445614,0;SEM NOME;Região Hidrográfica AMAZÔNICA;;Federal;;;;;Operação;2002-01-01 00:00:00;-9,40675;-55,87253;boa;2020-07-01;NoData;NoData;2020,0;5,0;Fundacao;0,557;Original;8;23;0;5;13;18;4;21;46;Baixo;Medio;77,8;Bom;True;True;True;False;False;False;True;True;False;8;Alta
20989;Fazenda El Shaday;;Dessedentação Animal;PA;NOVO PROGRESSO;Alto;Médio;BOM FUTURO AGRICOLA LTDA;Empresas em Geral - Privado;Agência Nacional de Águas e Saneamento Básico - ANA;02501.011270/2025-97;Sim;5/2026/SRB-ANA-SEI;;Não;Não;;Não;5,0;5,0;0,411;265,0;0,0;Terra;;B;;4445614,0;SEM NOME;Região Hidrográfica AMAZÔNICA;;Federal;;;;Não;Operação;2020-07-01 00:00:00;-9,40778;-55,88544;boa;2020-07-01;NoData;NoData;2020,0;5,0;Fundacao;0,411;Original;9;24;0;5;13;18;4;22;47;Baixo;Medio;77,8;Bom;True;True;True;False;False;False;True;True;False;8;Alta
20832;Fazenda Santa Rita II;;Irrigação;GO;SÃO MIGUEL DO ARAGUAIA;Não Classificado;Não Classificado;Altamiro Peruccini de Souza;Pessoa Física;Agência Nacional de Águas e Saneamento Básico - ANA;;Não Classificada;;;Não;Não;;Não;0,0;0,0;0,0;;0,0;Sem Informação;;;;6668,0;Riozinho Riozinho;Região Hidrográfica do TOCANTINS-ARAGUAIA;CBH Médio Araguaia;Federal;;;;;Operação;2020-06-25 00:00:00;-13,11119;-50,00681;mínima;2020-06-25;NoData;NoData;2020,0;0,0;Fundacao;0,0;Original;6;26;0;5;13;18;3;19;49;Baixo;Medio;66,7;Bom;True;True;True;False;False;True;True;False;False;6;Media
22255;Massa d'Água #68585;;Irrigação;MS;JAPORÃ;Não Classificado;Não Classificado;;;Agência Nacional de Águas e Saneamento Básico - ANA;;Não Classificada;;;Não;Não;;Não;;;;;;Sem Informação;;;;86332,0;Rio Iguatemi;Região Hidrográfica do PARANÁ;;Estadual;;;;;;;-23,76475;-54,51161;mínima;2021-01-06;NoData;NoData;2021,0;;Sem_Dado;;Sem_Dado;3;31;0;5;13;18;1;16;54;Dados Insuficientes;Medio;33,3;Parcial;True;True;True;True;True;True;True;False;False;7;Alta
22263;Massa d'Água #70232;;Irrigação;MT;GENERAL CARNEIRO;Não Classificado;Não Classificado;;;Agência Nacional de Águas e Saneamento Básico - ANA;;Não Classificada;;;Não;Não;;Não;;;;;;Sem Informação;;;;698298,0;Córrego Jeriguiga;Região Hidrográfica do TOCANTINS-ARAGUAIA;CBH dos Afluentes do Alto Araguaia;Estadual;;;;;;;-15,57797;-53,07775;mínima;2021-01-06;NoData;NoData;2021,0;;Sem_Dado;;Sem_Dado;3;31;0;5;13;18;1;16;54;Dados Insuficientes;Medio;33,3;Parcial;True;True;True;True;True;True;True;False;False;7;Alta
22352;Massa d'Água #89279;;Irrigação;MS;IGUATEMI;Não Classificado;Não Classificado;;;Agência Nacional de Águas e Saneamento Básico - ANA;;Não Classificada;;;Não;Não;;Não;;;;;;Sem Informação;;;;86332232,0;Córrego Ipané;Região Hidrográfica do PARANÁ;;Federal;;;;;;;-23,45147;-54,72322;mínima;2021-01-19;NoData;NoData;2021,0;;Sem_Dado;;Sem_Dado;3;31;0;5;13;18;1;16;54;Dados Insuficientes;Medio;33,3;Parcial;True;True;True;True;True;True;True;False;False;7;Alta
20843;Fazenda Campo de Fora;;Irrigação;GO;CABECEIRAS;Não se Aplica;Baixo;CAIO BRUNNER SANTOS;Pessoa Física;Agência Nacional de Águas e Saneamento Básico - ANA;02501.004248/2022-48;Não;621/2023;;Não;Não;;Não;5,0;5,0;0,04;0,0;0,0;Terra;;;;7684692,0;Córrego Buritizinho;Região Hidrográfica do SÃO FRANCISCO;São Francisco;Federal;;;;;Operação;2020-06-25 00:00:00;-15,89842;-46,96103;ótima;2020-06-25;0;0;2020,0;5,0;Fundacao;0,04;Original;8;23;0;5;13;18;4;21;46;Baixo;Medio;77,8;Bom;True;True;True;False;False;False;True;False;False;6;Media
20825;Fazenda Ponta Porã;;Irrigação;GO;SÃO MIGUEL DO ARAGUAIA;Não Classificado;Não Classificado;Rubens Leopoldino Dantas;Pessoa Física;Agência Nacional de Águas e Saneamento Básico - ANA;;Não Classificada;;;Não;Não;;Não;0,0;0,0;0,0;;0,0;Sem Informação;;;;6668,0;Riozinho Riozinho;Região Hidrográfica do TOCANTINS-ARAGUAIA;CBH Médio Araguaia;Federal;;;;;Operação;2020-06-25 00:00:00;-13,08103;-49,99214;mínima;2020-06-25;NoData;NoData;2020,0;0,0;Fundacao;0,0;Original;6;26;0;5;13;18;3;19;49;Baixo;Medio;66,7;Bom;True;True;True;False;False;True;True;False;False;6;Media
20973;Fazenda Santo Antônio - Barragem 02;;Irrigação;SC;PASSOS MAIA;Não Classificado;Não Classificado;Agroflorestal Tozzo S/A;;Agência Nacional de Águas e Saneamento Básico - ANA;02501.002545/2024-11;Não Classificada;;;Não;Não;;Não;;;;;0,0;Sem Informação;;;;8278,0;Rio Chapecó;Região Hidrográfica do URUGUAI;CBH dos Rios Chapecó e Irani;Estadual;;;;;Operação;2020-07-01 00:00:00;-26,71108;-51,98414;mínima;2020-07-01;0;0;2020,0;;Sem_Dado;;Sem_Dado;6;30;0;5;13;18;2;19;53;Dados Insuficientes;Medio;44,4;Parcial;True;True;True;True;True;True;True;False;False;7;Alta
20974;Fazenda Santo Antônio - Barragem 03;;Irrigação;SC;PASSOS MAIA;Não Classificado;Não Classificado;Agroflorestal Tozzo S/A;;Agência Nacional de Águas e Saneamento Básico - ANA;02501.002546/2024-65;Não Classificada;;;Não;Não;;Não;;;;;0,0;Sem Informação;;;;8278,0;Rio Chapecó;Região Hidrográfica do URUGUAI;CBH dos Rios Chapecó e Irani;Estadual;;;;;Operação;2020-07-01 00:00:00;-26,70872;-51,97633;mínima;2020-07-01;0;0;2020,0;;Sem_Dado;;Sem_Dado;6;30;0;5;13;18;2;19;53;Dados Insuficientes;Medio;44,4;Parcial;True;True;True;True;True;True;True;False;False;7;Alta
23823;Massa d'Água #242548;;Irrigação;DF;BRASÍLIA;Não Classificado;Não Classificado;;;Agência Nacional de Águas e Saneamento Básico - ANA;;Não Classificada;;;Não;Não;;Não;;;;;;Sem Informação;;;;86,0;Rio Samambaia;Região Hidrográfica do PARANÁ;Paranaíba;Federal;;;;;;;-16,02508;-47,60192;mínima;2021-02-23;NoData;NoData;2021,0;;Sem_Dado;;Sem_Dado;3;31;0;5;13;18;1;16;54;Dados Insuficientes;Medio;33,3;Parcial;True;True;True;True;True;True;True;False;False;7;Alta
23824;Massa d'Água #242550;;Irrigação;DF;BRASÍLIA;Não Classificado;Não Classificado;;;Agência Nacional de Águas e Saneamento Básico - ANA;;Não Classificada;;;Não;Não;;Não;;;;;;Sem Informação;;;;86999994,0;SEM NOME;Região Hidrográfica do PARANÁ;Paranaíba;Federal;;;;;;;-16,04086;-47,55303;mínima;2021-02-23;NoData;NoData;2021,0;;Sem_Dado;;Sem_Dado;3;31;0;5;13;18;1;16;54;Dados Insuficientes;Medio;33,3;Parcial;True;True;True;True;True;True;True;False;False;7;Alta
23826;Massa d'Água #243518;;Irrigação;RN;JARDIM DE PIRANHAS;Não Classificado;Não Classificado;;;Agência Nacional de Águas e Saneamento Básico - ANA;;Não Classificada;;;Não;Não;;Não;;;;;;Sem Informação;;;;7563364,0;SEM NOME;Região Hidrográfica ATLÂNTICO NORDESTE ORIENTAL;Piranhas-Açu;Federal;;;;;;;-6,28417;-37,31156;mínima;2021-02-23;NoData;NoData;2021,0;;Sem_Dado;;Sem_Dado;3;31;0;5;13;18;1;16;54;Dados Insuficientes;Medio;33,3;Parcial;True;True;True;True;True;True;True;False;False;7;Alta
23829;Massa d'Água #243523;;Irrigação;ES;MUCURICI;Não Classificado;Não Classificado;;;Agência Nacional de Águas e Saneamento Básico - ANA;;Não Classificada;;;Não;Não;;Não;;;;;;Sem Informação;;;;7797892,0;Córrego Barreado e Córrego Limoeiro;Região Hidrográfica ATLÂNTICO LESTE;CBH do Rio Itaúnas;Federal;;;;;;;-17,92011;-40,45403;mínima;2021-02-23;NoData;NoData;2021,0;;Sem_Dado;;Sem_Dado;3;31;0;5;13;18;1;16;54;Dados Insuficientes;Medio;33,3;Parcial;True;True;True;True;True;True;True;False;False;7;Alta
23786;Massa d'Água #233529;;Irrigação;MS;SETE QUEDAS;Não Classificado;Não Classificado;;;Agência Nacional de Águas e Saneamento Básico - ANA;;Não Classificada;;;Não;Não;;Não;;;;;;Sem Informação;;;;8633236,0;Córrego Sombrerito;Região Hidrográfica do PARANÁ;;Estadual;;;;;;;-23,84836;-54,71528;mínima;2021-02-17;NoData;NoData;2021,0;;Sem_Dado;;Sem_Dado;3;31;0;5;13;18;1;16;54;Dados Insuficientes;Medio;33,3;Parcial;True;True;True;True;True;True;True;False;False;7;Alta
23515;Massa d'Água #189560;;Irrigação;BA;ILHÉUS;Não Classificado;Não Classificado;;;Agência Nacional de Águas e Saneamento Básico - ANA;;Não Classificada;;;Não;Não;;Não;;;;;;Sem Informação;;;;77754,0;Rio Aguípe;Região Hidrográfica ATLÂNTICO LESTE;CBH do Leste;Estadual;;;;;;;-14,97328;-39,11531;mínima;2021-02-10;NoData;NoData;2021,0;;Sem_Dado;;Sem_Dado;3;31;0;5;13;18;1;16;54;Dados Insuficientes;Medio;33,3;Parcial;True;True;True;True;True;True;True;False;False;7;Alta
36605;Barragem 02 - Rio Pardo;;Irrigação;MG;BERIZAL;Não Classificado;Não Classificado;Antônio José Felix Lopes;Pessoa Física;Agência Nacional de Águas e Saneamento Básico - ANA;;Não Classificada;2318/2017;;Não;Não;;Não;3,0;3,0;0,12;50,0;;Concreto convencional;;;;7778,0;Rio Pardo;Região Hidrográfica ATLÂNTICO LESTE;CBH do Rio Mosquito;Federal;;;;Não;;;-15,6205;-41,88733;média;2026-04-01;;;;3,0;Fundacao;0,12;Original;3;22;0;5;13;18;3;16;45;Baixo;Medio;77,8;Bom;True;True;True;False;False;False;True;False;False;6;Media
14;Barragem no Córrego da Cruz - Edecil;;Irrigação;ES;PEDRO CANÁRIO;Não se Aplica;Baixo;Edecil Moraes Miranda;Pessoa Física;Agência Nacional de Águas e Saneamento Básico - ANA;02501.001554/2015-01;Não;3372009;;Não;Não;;Não;1,65;1,65;0,03;;;Terra;;;;7797846,0;Córrego da Cruz e Córrego da Samambaia;Região Hidrográfica ATLÂNTICO LESTE;CBH do Rio Itaúnas;Federal;2012-12-21;Regular;Normal;;Operação;2000-01-01 00:00:00;-18,14972;-39,96917;ótima;2019-02-11;0;0;2019,0;1,65;Fundacao;0,03;Original;5;25;2;2;13;18;3;20;45;Baixo;Medio;77,8;Bom;True;True;True;False;False;True;False;False;False;5;Media
20;Caldeirões;Barragem do Riacho Bálsamo;Irrigação;AL;PALMEIRA DOS ÍNDIOS;Médio;Alto;Secretaria de Infraestrutura do Estado de Alagoas;Órgãos - Público;Agência Nacional de Águas e Saneamento Básico - ANA;02501.001412/2015-36;Sim;602002;Sim;Sim;Sim;2025-06-02;Não;29,0;29,0;18,79;296,84;0,0;Terra;Abastecimento humano;;;7598788,0;SEM NOME;Região Hidrográfica ATLÂNTICO NORDESTE ORIENTAL;;Federal;2013-09-27;Regular;Atenção;;Operação;2005-01-01 00:00:00;-9,31647;-36,64983;ótima;2018-06-21;0;0;2018,0;29,0;Fundacao;18,79;Original;9;24;4;4;0;0;4;13;28;Baixo;Baixo;100,0;Completo;False;False;False;False;False;False;False;True;True;5;Media
25;Baião;;Abastecimento humano;PB;BELÉM DO BREJO DO CRUZ;Alto;Alto;Secretaria de Estado da Infraestrutura e Recursos Hídricos;Órgãos - Público;Agência Nacional de Águas e Saneamento Básico - ANA;02501.001432/2015-15;Sim;4062015;Sim;Sim;Sim;2025-09-04;Não;14,7;14,7;39,23;1491,0;0,0;Terra;Combate às secas;;;75632,0;Rio Baião;Região Hidrográfica ATLÂNTICO NORDESTE ORIENTAL;Piranhas-Açu;Federal;2025-09-05;Regular;Atenção;Não;Operação;2002-01-01 00:00:00;-6,17322;-37,33014;ótima;2018-06-21;0;0;2018,0;14,7;Fundacao;39,23;Original;10;25;4;4;0;0;4;14;29;Baixo;Baixo;100,0;Completo;False;False;False;False;False;False;False;True;True;5;Media
26;Cacimba da Várzea;;Combate às secas;PB;SOLÂNEA;Alto;Alto;Secretaria de Estado da Infraestrutura e Recursos Hídricos;Órgãos - Público;Agência Nacional de Águas e Saneamento Básico - ANA;02501.001433/2015-51;Sim;4072014;Sim;Sim;Sim;2025-06-30;Não;22,33;14,0;9,264;310,47;0,0;Terra;Aquicultura;;;7576,0;Rio Curimataú;Região Hidrográfica ATLÂNTICO NORDESTE ORIENTAL;;Federal;2025-11-19;Regular;Atenção;;Operação;1987-01-01 00:00:00;-6,69097;-35,78003;ótima;2018-06-21;0;0;2018,0;22,33;Fundacao;9,264;Original;8;23;4;4;0;0;4;12;27;Baixo;Baixo;100,0;Completo;False;False;False;False;False;False;False;True;True;5;Media
34;Santa Inês;;Abastecimento humano;PB;SANTA INÊS;Médio;Alto;Departamento Nacional de Obras Contra as Secas - DNOCS - PB;Autarquias - Público;Agência Nacional de Águas e Saneamento Básico - ANA;02501.001457/2015-19;Sim;12742015;Sim;Sim;Sim;2025-11-13;Não;37,7;37,7;26,12;412,0;0,0;Terra;Regularização de vazão;;;756,0;Riacho Santa Inês;Região Hidrográfica ATLÂNTICO NORDESTE ORIENTAL;Piranhas-Açu;Federal;2025-11-13;Regular;Atenção;;Operação;1985-01-01 00:00:00;-7,62986;-38,59489;ótima;2017-08-25;0;0;2017,0;37,7;Fundacao;26,12;Original;9;24;4;4;0;0;4;13;28;Baixo;Baixo;100,0;Completo;False;False;False;False;False;False;False;True;True;5;Media
35;Santa Luzia;Tartaruga;Abastecimento humano;PB;SANTA LUZIA;Médio;Alto;Departamento Nacional de Obras Contra as Secas - DNOCS - PB;Autarquias - Público;Agência Nacional de Águas e Saneamento Básico - ANA;28;Sim;4012014;Sim;Sim;Sim;2025-07-01;Não;15,5;15,18;11,72;382,0;0,0;Terra;;;;75624,0;Riacho Chafariz;Região Hidrográfica ATLÂNTICO NORDESTE ORIENTAL;Piranhas-Açu;Federal;2025-08-27;Regular;Atenção;;Operação;2033-01-01 00:00:00;-6,87389;-36,92389;ótima;2017-08-25;NoData;NoData;2017,0;15,5;Fundacao;11,72;Original;11;26;4;4;0;0;4;15;30;Baixo;Baixo;100,0;Completo;False;False;False;False;False;False;False;True;True;5;Media
63;Pai Mané;;Regularização de vazão;AL;DOIS RIACHOS;Médio;Alto;Departamento Nacional de Obras Contra as Secas - DNOCS - CE;Autarquias - Público;Agência Nacional de Águas e Saneamento Básico - ANA;02501.001581/2015-76;Sim;3992014;;Não;Não;2025-06-03;Não;14,0;14,0;2,12;381,0;0,0;Terra;Abastecimento humano;;;7611422,0;Riacho do Cágado e Riacho Amaro Ferreira;Região Hidrográfica do SÃO FRANCISCO;São Francisco;Federal;2023-03-09;Regular;Alerta;;Operação;1957-01-01 00:00:00;-9,35775;-37,01348;boa;2017-08-24;0;0;2017,0;14,0;Fundacao;2,12;Original;10;25;8;8;13;18;4;31;51;Alto;Alto;88,9;Bom;True;True;True;False;False;False;False;True;True;12;Urgente
67;Barragem no rio Samambaia;Barragem no rio Samambaia - Nardi;Irrigação;GO;CRISTALINA;Alto;Baixo;Hercílio Nardi;Pessoa Física;Agência Nacional de Águas e Saneamento Básico - ANA;02501.001564/2015-39;Sim;872/2017;Não;Sim;Sim;2025-09-25;Não;9,06;9,06;3,05;300,0;;Terra;;;;86,0;SEM NOME;Região Hidrográfica do PARANÁ;Paranaíba;Federal;2023-03-14;Regular;Atenção;;Operação;2002-01-01 00:00:00;-16,42833;-47,54306;ótima;2017-03-29;0;0;2017,0;9,06;Fundacao;3,05;Original;8;23;4;4;5;5;4;17;32;Baixo;Baixo;100,0;Completo;True;False;False;False;False;False;False;True;False;4;Media
95;Boi I - PISF;;Abastecimento humano;CE;BREJO SANTO;Baixo;Alto;Ministério da Integração Nacional;Órgãos - Público;Agência Nacional de Águas e Saneamento Básico - ANA;02501.000547/2017-46;Sim;1133;Sim;Sim;Sim;2022-08-19;Não;26,15;26,15;26,33;1425,0;;Terra;Combate às secas;A;;7524974,0;Riacho Cana Brava;Região Hidrográfica ATLÂNTICO NORDESTE ORIENTAL;CBH do Rio Salgado;Federal;2025-08-25;Regular;Normal;;Operação;2019-01-01 00:00:00;-7,56327;-38,82491;ótima;2018-03-21;0;0;2018,0;26,15;Fundacao;26,33;Original;12;27;2;2;0;0;4;14;29;Baixo;Baixo;100,0;Completo;False;False;False;False;False;False;False;True;True;5;Media
96;Boi II - PISF;;Abastecimento humano;CE;BREJO SANTO;Baixo;Alto;Ministério da Integração Nacional;Órgãos - Público;Agência Nacional de Águas e Saneamento Básico - ANA; 02501.000548/2017-91;Sim;11332016;Sim;Sim;Sim;2022-08-19;Não;28,35;28,35;26,33;1361,0;;Terra;Regularização de vazão;A;;75249744,0;SEM NOME;Região Hidrográfica ATLÂNTICO NORDESTE ORIENTAL;CBH do Rio Salgado;Federal;2025-09-10;Regular;Normal;;Operação;2020-01-01 00:00:00;-7,55823;-38,81778;ótima;2018-03-21;0;0;2018,0;28,35;Fundacao;26,33;Original;12;27;2;2;0;0;4;14;29;Baixo;Baixo;100,0;Completo;False;False;False;False;False;False;False;True;True;5;Media
468; BARRAGEM Nº 05 - FAZENDA SANTA PRISCA;;Irrigação;DF;BRASÍLIA;Não se Aplica;Baixo;GRUPO OK CONSTRUÇÕES E INCORPORAÇÕES S/A;Empresas em Geral - Privado;Agência Nacional de Águas e Saneamento Básico - ANA;208;Não;218/2013;;Não;Não;;Não;4,0;;0,009;;0,0;Concreto convencional;;;;8696856,0;Ribeirão Santana;Região Hidrográfica do PARANÁ;Paranaíba;Federal;;;;Não;Operação;2000-01-01 00:00:00;-16,02339;-47,83406;ótima;2019-02-11;0;0;2019,0;4,0;Fundacao;0,009;Original;3;23;0;5;13;18;3;16;46;Baixo;Medio;66,7;Bom;True;True;True;False;False;True;True;False;False;6;Media
35029;Barragem Fazenda Luciana;Soleira de nível;Irrigação;BA;ENCRUZILHADA;Não se Aplica;Baixo;LUIZ AUGUSTO PEREIRA MONGUILOD;Pessoa Física;Agência Nacional de Águas e Saneamento Básico - ANA;;Não Classificada;54/2025/SRB-ANA-SEI;;Não;Não;;Não;4,5;4,5;0,117;;;Sem Informação;;;;7778,0;Rio Pardo;Região Hidrográfica ATLÂNTICO LESTE;;Federal;;;;;Projeto;2025-06-02 00:00:00;-15,514;-41,27469;ótima;2025-06-03;;;;4,5;Fundacao;0,117;Original;7;27;0;5;13;18;3;20;50;Baixo;Medio;66,7;Bom;True;True;True;False;False;True;True;False;False;6;Media
111;Barro Branco - PISF;;Abastecimento humano;PE;SERTÂNIA;Alto;Alto;Ministério da Integração Nacional;Órgãos - Público;Agência Nacional de Águas e Saneamento Básico - ANA;02501.000526/2017-21;Sim;1133;Sim;Sim;Sim;2025-04-23;Não;12,56;12,56;0,27;320,0;;Terra;Combate às secas;;;76118998,0;Riacho Passagem da Pedra;Região Hidrográfica do SÃO FRANCISCO;São Francisco;Federal;2025-07-31;Regular;Atenção;;Operação;09-DEC-19;-8,03281;-37,26053;ótima;2018-03-21;0;0;2018,0;12,56;Fundacao;0,27;Original;6;25;4;4;0;0;4;10;29;Baixo;Baixo;100,0;Completo;False;False;False;False;False;False;False;True;True;5;Media
128;Fazenda Santo Amaro;;Irrigação;BA;MUCURI;Não se Aplica;Baixo;Luiz Carlos Candido Azevedo ;Pessoa Física;Agência Nacional de Águas e Saneamento Básico - ANA;198;Não;6052012;;Não;Não;;Não;4,0;4,0;0,121;;;Terra;;;;7797872,0;Córrego do Engano;Região Hidrográfica ATLÂNTICO LESTE;;Federal;;;;;Operação;08-OCT-11;-18,06269;-40,09342;ótima;2019-02-11;NoData;NoData;2019,0;4,0;Fundacao;0,121;Original;3;27;0;5;13;18;3;16;50;Baixo;Medio;66,7;Bom;True;True;True;False;False;True;True;False;False;6;Media
38;São Gonçalo;;Abastecimento humano;PB;CUBATI;Médio;Médio;Secretaria de Estado da Infraestrutura e Recursos Hídricos;Órgãos - Público;Agência Nacional de Águas e Saneamento Básico - ANA;02501.001467/2015-46;Sim;4112014;;Não;Não;2022-10-26;Não;11,5;11,5;1,26;492,0;;Terra;Combate às secas;;;75628,0;Rio Seridó;Região Hidrográfica ATLÂNTICO NORDESTE ORIENTAL;Piranhas-Açu;Federal;2025-11-25;Regular;Atenção;;Operação;1982-01-01 00:00:00;-6,80856;-36,35267;boa;2017-08-25;0;0;2017,0;11,5;Fundacao;1,26;Original;7;22;4;4;13;18;4;24;44;Baixo;Medio;88,9;Bom;True;True;True;False;False;False;False;True;False;7;Alta
44;Engenheiro Armando Ribeiro Gonçalves;Do Açu;Regularização de vazão;RN;AÇU;Médio;Alto;Departamento Nacional de Obras Contra as Secas - DNOCS - RN;Autarquias - Público;Agência Nacional de Águas e Saneamento Básico - ANA;02501.001539/2015-55;Sim;3952014;Sim;Sim;Sim;2025-09-04;Não;41,0;41,0;2400,0;2553,0;0,0;Terra;Abastecimento humano;;;756,0;Rio Piranhas ou Açu;Região Hidrográfica ATLÂNTICO NORDESTE ORIENTAL;Piranhas-Açu;Federal;2025-12-04;Regular;Atenção;;Operação;1983-01-01 00:00:00;-5,66942;-36,88547;ótima;2018-07-20;0;0;2018,0;41,0;Fundacao;2400,0;Original;11;26;4;4;0;0;4;15;30;Baixo;Baixo;100,0;Completo;False;False;False;False;False;False;False;True;True;5;Media
45;Esguicho;Divino Espírito Santo;Abastecimento humano;RN;OURO BRANCO;Médio;Alto;Prefeitura Municipal Ouro Branco;Órgãos - Público;Agência Nacional de Águas e Saneamento Básico - ANA;02501.001538/2015-19;Sim;3152012;;Não;Não;2023-10-18;Não;19,59;17,9;27,94;598,0;0,0;Terra;;;;75624,0;Riacho Chafariz;Região Hidrográfica ATLÂNTICO NORDESTE ORIENTAL;Piranhas-Açu;Federal;2022-11-01;Regular;Normal;Não;Operação;2002-01-01 00:00:00;-6,73275;-36,95339;boa;2017-05-05;0;0;2017,0;19,59;Fundacao;27,94;Original;9;24;2;2;13;18;4;24;44;Baixo;Medio;88,9;Bom;True;True;True;False;False;False;False;True;True;10;Urgente
53;Inhumas I;;Abastecimento humano;PE;GARANHUNS;Alto;Alto;Secretaria de Recursos Hídricos e de Saneamento - SRHS;Órgãos - Público;Agência Nacional de Águas e Saneamento Básico - ANA;02501.001529/2015-10;Sim;4782016;Sim;Sim;Sim;2025-06-05;Não;11,95;11,95;7,87;98,0;0,0;Concreto convencional;;;;75968,0;Rio Inhaúma;Região Hidrográfica ATLÂNTICO NORDESTE ORIENTAL;;Federal;2025-02-19;Regular;Alerta;Não;Operação;1997-01-01 00:00:00;-8,98989;-36,38428;ótima;2018-06-21;0;0;2018,0;11,95;Fundacao;7,87;Original;5;20;8;8;0;0;4;13;28;Alto;Alto;100,0;Completo;False;False;False;False;False;False;False;True;True;7;Alta
54;Estreito;;Abastecimento humano;BA;URANDI;Médio;Alto;COMPANHIA DE DESENVOLVIMENTO DOS VALES DO SAO FRANCISCO E DO PARNAÍBA - CODEVASF - Matriz;Empresas Públicas - Público;Agência Nacional de Águas e Saneamento Básico - ANA;02501.001437/2015-30;Sim;3162012;Sim;Sim;Sim;2025-08-06;Não;28,0;23,0;75,86;1091,0;;Terra;Irrigação;;;7662,0;Rio Verde Pequeno;Região Hidrográfica do SÃO FRANCISCO;Verde Grande;Federal;2025-10-29;Regular;Atenção;;Operação;1958-01-01 00:00:00;-14,82847;-42,80719;ótima;2017-03-24;0;0;2017,0;28,0;Fundacao;75,86;Original;12;27;4;4;0;0;4;16;31;Baixo;Baixo;100,0;Completo;False;False;False;False;False;False;False;True;True;5;Media
57;Cajarana;;Irrigação;PE;GARANHUNS;Médio;Alto;Secretaria de Recursos Hídricos e de Saneamento - SRHS;Órgãos - Público;Agência Nacional de Águas e Saneamento Básico - ANA;54;Sim;17702014;Sim;Sim;Sim;2025-06-05;Não;14,5;14,5;2,59;351,0;0,0;Terra;Abastecimento humano;;;7596,0;Riacho São Pedro;Região Hidrográfica ATLÂNTICO NORDESTE ORIENTAL;;Federal;2025-02-18;Regular;Atenção;Não;Operação;2000-01-01 00:00:00;-8,78531;-36,52508;ótima;2018-06-21;NoData;NoData;2018,0;14,5;Fundacao;2,59;Original;8;23;4;4;0;0;4;12;27;Baixo;Baixo;100,0;Completo;False;False;False;False;False;False;False;True;True;5;Media
69;Fazenda Maringa e Fazenda Paraiso  ;Fazenda Poço Claro ou Lamerão;Irrigação;GO;CRISTALINA;Alto;Baixo;Massagi Sato;Pessoa Física;Agência Nacional de Águas e Saneamento Básico - ANA;02501.001566/2015-28;Sim;2192012;Não;Sim;Sim;2025-09-22;Não;15,0;13,0;3,35;320,0;;Terra;;;;869999942,0;SEM NOME;Região Hidrográfica do PARANÁ;Paranaíba;Federal;2021-01-07;Regular;Atenção;;Operação;2002-01-01 00:00:00;-16,09008;-47,56814;ótima;2017-03-29;0;0;2017,0;15,0;Fundacao;3,35;Original;8;23;4;4;5;5;4;17;32;Baixo;Baixo;100,0;Completo;True;False;False;False;False;False;False;True;False;4;Media
87;Venturosa;;Regularização de vazão;PE;PEDRA;Não se Aplica;Alto;Secretaria de Recursos Hídricos e de Saneamento - SRHS;Órgãos - Público;Agência Nacional de Águas e Saneamento Básico - ANA;02501.001485/2015-28;Sim;1042015;;Não;Não;;Não;27,0;27,0;19,9;540,0;;Terra;;;;76114,0;Rio Ipanema;Região Hidrográfica do SÃO FRANCISCO;São Francisco;Federal;;;;;Planejamento;08-DEC-25;-8,48111;-36,85361;boa;2018-03-21;0;0;2018,0;27,0;Fundacao;19,9;Original;7;26;0;5;13;18;4;20;49;Baixo;Medio;77,8;Bom;True;True;True;False;False;False;True;True;True;11;Urgente
36;Santa Rosa;;Abastecimento humano;PB;BREJO DO CRUZ;Médio;Alto;Secretaria de Estado da Infraestrutura e Recursos Hídricos;Órgãos - Público;Agência Nacional de Águas e Saneamento Básico - ANA;29;Sim;4092014;Sim;Sim;Sim;2022-03-31;Não;9,18;8,0;2,84;891,0;0,0;Terra;Combate às secas;;;75634,0;Riacho Escuro;Região Hidrográfica ATLÂNTICO NORDESTE ORIENTAL;CBH do Rio Piancó-Piranhas-Açu;Federal;2025-09-04;Regular;Atenção;;Operação;1982-01-01 00:00:00;-6,31922;-37,51197;ótima;2017-08-25;NoData;NoData;2017,0;9,18;Fundacao;2,84;Original;8;23;4;4;0;0;4;12;27;Baixo;Baixo;100,0;Completo;False;False;False;False;False;False;False;True;True;5;Media
66;Nossa Senhora de Fátima;Barragem no rio Samambaia - Gelci;Irrigação;GO;CRISTALINA;Alto;Baixo;Gelci Zancanaro;Pessoa Física;Agência Nacional de Águas e Saneamento Básico - ANA;85;Sim;500/2011;Não;Sim;Sim;2025-09-22;Não;14,9;14,9;3,02;406,0;;Terra;;;;86,0;Rio Samambaia;Região Hidrográfica do PARANÁ;Paranaíba;Federal;2025-12-01;Regular;Normal;;Operação;2013-01-01 00:00:00;-16,06909;-47,59586;ótima;2018-06-21;NoData;NoData;2018,0;14,9;Fundacao;3,02;Original;8;23;2;2;5;5;4;15;30;Baixo;Baixo;100,0;Completo;True;False;False;False;False;False;False;True;False;4;Media
34726;Barragem Usina Engenheiro Wenefredo Portela;Barragem antiga CGH Eng. Wenefredo Portela;Paisagismo;MG;LADAINHA;Alto;Alto;Prefeitura Municipal de Ladainha;Órgãos - Público;Agência Nacional de Águas e Saneamento Básico - ANA;02501.002207/2025-60;Sim;;;Não;Não;;Não;10,0;10,0;4,0;;;Sem Informação;Recreação;A;;7796,0;Rio Mucuri do Norte;Região Hidrográfica ATLÂNTICO LESTE;CBH do Rio Mucuri;Federal;;;;Não;Operação;26-DEC-24;-17,64853;-41,73644;baixa;2025-03-26;;;;10,0;Fundacao;4,0;Original;3;27;0;5;13;18;3;16;50;Baixo;Medio;66,7;Bom;True;True;True;False;False;True;True;True;True;11;Urgente
110;Campos - PISF  ;;Abastecimento humano;PE;SERTÂNIA;Médio;Alto;Ministério da Integração Nacional;Órgãos - Público;Agência Nacional de Águas e Saneamento Básico - ANA;02501.000525/2017-86;Sim;1133;Sim;Sim;Sim;2025-04-23;Não;18,95;18,95;4,79;541,0;;Terra;Combate às secas;;;76118,0;Rio Moxotó;Região Hidrográfica do SÃO FRANCISCO;São Francisco;Federal;2025-06-09;Regular;Normal;;Operação;09-DEC-19;-8,03883;-37,30436;ótima;2018-03-21;0;0;2018,0;18,95;Fundacao;4,79;Original;7;26;2;2;0;0;4;9;28;Baixo;Baixo;100,0;Completo;False;False;False;False;False;False;False;True;True;5;Media
7117;Piracuruca;;Abastecimento humano;PI;PIRACURUCA;Alto;Alto;Instituto de Desenvolvimento do Piauí - IDEPI;Órgãos - Público;Agência Nacional de Águas e Saneamento Básico - ANA;02501.001553/2015-59;Sim;1006;;Não;Não;2025-04-02;Não;22,5;22,5;250,0;360,25;;Terra;;A;;74142,0;Rio Piracuruca;Região Hidrográfica do PARNAÍBA;Parnaíba;Federal;2025-06-05;Regular;Atenção;;Operação;2000-01-01 00:00:00;-3,96139;-41,67278;boa;2019-09-12;0;0;2019,0;22,5;Fundacao;250,0;Original;9;24;4;4;13;18;4;26;46;Baixo;Medio;88,9;Bom;True;True;True;False;False;False;False;True;True;10;Urgente
2378;Poty;do batalhão;Abastecimento humano;CE;CRATEÚS;Médio;Alto;Companhia de Gestão dos Recursos Hídricos;Sociedades de Economia Mista - Público - Privado;Agência Nacional de Águas e Saneamento Básico - ANA;77;Sim;017/2018;Sim;Sim;Sim;2025-04-01;Não;;8,2;1,6;691,0;0,0;Concreto convencional;Combate às secas;;;74294,0;Rio Poti;Região Hidrográfica do PARNAÍBA;Parnaíba;Federal;2024-09-18;Regular;Atenção;Não;Operação;1960-01-01 00:00:00;-5,19472;-40,6575;ótima;2019-02-11;NoData;NoData;2019,0;8,2;Terreno;1,6;Original;8;23;4;4;0;0;4;12;27;Baixo;Baixo;100,0;Completo;False;False;False;False;False;False;False;True;True;5;Media
8665;Lábrea - Carlos Henrique Gusmão Soares;;Irrigação;AM;LÁBREA;Não se Aplica;Baixo;Carlos Henrique Gusmão Soares;Pessoa Física;Agência Nacional de Águas e Saneamento Básico - ANA;02501.001442/2015-42;Não;s/n;;Não;Não;;Não;4,39;4,39;1,96;433,0;;Terra;;;;49248,0;Igarapé Malocão;Região Hidrográfica AMAZÔNICA;;Federal;;;;;Operação;2000-01-01 00:00:00;-9,60833;-67,2625;ótima;2019-09-12;0;0;2019,0;4,39;Fundacao;1,96;Original;8;23;0;5;13;18;4;21;46;Baixo;Medio;77,8;Bom;True;True;True;False;False;False;True;False;False;6;Media
3382;Pontinha;;Irrigação;MG;UNAÍ;Não se Aplica;Baixo;Dirceu Luiz Gatto;Pessoa Física;Agência Nacional de Águas e Saneamento Básico - ANA;217;Não;2110/2018;;Não;Não;;Não;0,0;6,0;0,069;0,0;;Terra;;;;869998,0;Córrego Pontinha;Região Hidrográfica do PARANÁ;CBH do Rio Paranaíba;Federal;;;;Não;Operação;2000-01-01 00:00:00;-16,36822;-47,24361;ótima;2019-02-11;NoData;NoData;2019,0;0,0;Fundacao;0,069;Original;7;22;0;5;13;18;4;20;45;Baixo;Medio;77,8;Bom;True;True;True;False;False;False;True;False;False;6;Media
18142;Barragem do Sítio Ipueira;;Dessedentação Animal;RN;IPUEIRA;Alto;Médio;Silvano Alencar de Medeiros;Pessoa Física;Agência Nacional de Águas e Saneamento Básico - ANA;02501.001579/2015-05;Sim;s/n;;Não;Não;2022-10-20;Não;5,69;5,69;0,3;422,85;14,7;Terra;;B;;756226,0;SEM NOME;Região Hidrográfica ATLÂNTICO NORDESTE ORIENTAL;Piranhas-Açu;Federal;;;;;Operação;2000-01-01 00:00:00;-6,81528;-37,19333;boa;2019-09-12;0;0;2019,0;5,69;Fundacao;0,3;Original;8;23;0;5;13;18;4;21;46;Baixo;Medio;77,8;Bom;True;True;True;False;False;False;True;True;False;8;Alta
18178;São Roque;;Dessedentação Animal;RN;SANTANA DO SERIDÓ;Não se Aplica;Baixo;José Clementino da Silva;Pessoa Física;Agência Nacional de Águas e Saneamento Básico - ANA;02501.001526/2015-86;Não;s/n;;Não;Não;;Não;5,8;5,8;0,06;279,48;;Terra;;;;756246,0;Rio São José;Região Hidrográfica ATLÂNTICO NORDESTE ORIENTAL;Piranhas-Açu;Federal;;;;;Operação;2000-01-01 00:00:00;-6,68874;-36,84507;ótima;2019-09-12;0;0;2019,0;5,8;Fundacao;0,06;Original;8;23;0;5;13;18;4;21;46;Baixo;Medio;77,8;Bom;True;True;True;False;False;False;True;False;False;6;Media
22202;Sítio São Francisco;Massa d'Água #28259;Dessedentação Animal;RN;JARDIM DE PIRANHAS;Não se Aplica;Baixo;Jair Paulino Maia;Pessoa Física;Agência Nacional de Águas e Saneamento Básico - ANA;02501.011170/2025-61;Não Classificada;7/2026/SRB-ANA-SEI;;Não;Não;;Não;3,0;3,0;0,096;196,0;6,91;Terra;;;;756336,0;Riacho Olho d'Água;Região Hidrográfica ATLÂNTICO NORDESTE ORIENTAL;Piranhas-Açu;Federal;;;;;Operação;2004-01-01 00:00:00;-6,30297;-37,29247;ótima;2020-12-29;NoData;NoData;2020,0;3,0;Fundacao;0,096;Original;7;22;0;5;13;18;4;20;45;Baixo;Medio;77,8;Bom;True;True;True;False;False;False;True;False;False;6;Media
22176;Barragem de Neto da Moto Clinic;Massa d'Água #24340;Irrigação;RN;SERRA NEGRA DO NORTE;Não Classificado;Não Classificado;;;Agência Nacional de Águas e Saneamento Básico - ANA;02501.001990/2025-44;Não Classificada;;;Não;Não;;Não;;;;;;Sem Informação;;;;756516,0;Riacho do Feijão;Região Hidrográfica ATLÂNTICO NORDESTE ORIENTAL;Piranhas-Açu;Federal;;;;;;;-6,53425;-37,45903;mínima;2020-12-28;NoData;NoData;2020,0;;Sem_Dado;;Sem_Dado;3;31;0;5;13;18;1;16;54;Dados Insuficientes;Medio;33,3;Parcial;True;True;True;True;True;True;True;False;False;7;Alta
22341;Massa d'Água #88086;;Irrigação;BA;ILHÉUS;Não Classificado;Não Classificado;;;Agência Nacional de Águas e Saneamento Básico - ANA;;Não Classificada;;;Não;Não;;Não;;;;;;Sem Informação;;;;77754,0;Rio Aguípe;Região Hidrográfica ATLÂNTICO LESTE;CBH do Leste;Estadual;;;;;;;-14,97844;-39,11597;mínima;2021-01-18;NoData;NoData;2021,0;;Sem_Dado;;Sem_Dado;3;31;0;5;13;18;1;16;54;Dados Insuficientes;Medio;33,3;Parcial;True;True;True;True;True;True;True;False;False;7;Alta
21800;Isolado Amparo 1;;Abastecimento humano;SP;AMPARO;Não Classificado;Não Classificado;Serviço Autônomo de Água e Esgoto - Amparo/SP;;Agência Nacional de Águas e Saneamento Básico - ANA;02501.002573/2024-38;Não Classificada;;;Não;Não;;Não;3,5;3,5;;;0,0;Sem Informação;;;;86668,0;Rio Camanducaia ou da Guardinha;Região Hidrográfica do PARANÁ;PCJ;Federal;;;;;Operação;03-DEC-20;-22,69983;-46,74875;mínima;2020-12-03;0;0;2020,0;3,5;Fundacao;;Sem_Dado;3;27;0;5;13;18;3;16;50;Baixo;Medio;55,6;Parcial;True;True;True;False;True;True;True;False;False;6;Media
22391;Massa d'Água #100814;;Irrigação;BA;UNA;Não Classificado;Não Classificado;;;Agência Nacional de Águas e Saneamento Básico - ANA;;Não Classificada;;;Não;Não;;Não;;;;;;Sem Informação;;;;77764,0;Rio de Una;Região Hidrográfica ATLÂNTICO LESTE;CBH do Leste;Estadual;;;;;;;-15,09053;-39,28992;mínima;2021-01-20;NoData;NoData;2021,0;;Sem_Dado;;Sem_Dado;3;31;0;5;13;18;1;16;54;Dados Insuficientes;Medio;33,3;Parcial;True;True;True;True;True;True;True;False;False;7;Alta
22327;Massa d'Água #84492;;Irrigação;MT;ALTO BOA VISTA;Não Classificado;Não Classificado;;;Agência Nacional de Águas e Saneamento Básico - ANA;;Não Classificada;;;Não;Não;;Não;;;;;;Sem Informação;;;;4254,0;Rio Comandante Fontoura;Região Hidrográfica AMAZÔNICA;;Estadual;;;;;;;-11,78006;-51,80219;mínima;2021-01-18;NoData;NoData;2021,0;;Sem_Dado;;Sem_Dado;3;31;0;5;13;18;1;16;54;Dados Insuficientes;Medio;33,3;Parcial;True;True;True;True;True;True;True;False;False;7;Alta
22491;Massa d'Água #137771;;Irrigação;MS;ITAPORÃ;Não Classificado;Não Classificado;;;Agência Nacional de Águas e Saneamento Básico - ANA;;Não Classificada;;;Não;Não;;Não;;;;;;Sem Informação;;;;863878,0;Córrego São João;Região Hidrográfica do PARANÁ;CBH do Rio Ivinhema;Estadual;;;;;;;-22,16472;-54,88094;mínima;2021-01-25;NoData;NoData;2021,0;;Sem_Dado;;Sem_Dado;3;31;0;5;13;18;1;16;54;Dados Insuficientes;Medio;33,3;Parcial;True;True;True;True;True;True;True;False;False;7;Alta
20995;Fazenda Santo Antônio;;Irrigação;CE;IRACEMA;Não Classificado;Não Classificado;Mateus Peixoto Nogueira;Pessoa Física;Agência Nacional de Águas e Saneamento Básico - ANA;;Não Classificada;;;Não;Não;;Não;0,0;0,0;0,0;;0,0;Sem Informação;;;;752356264,0;SEM NOME;Região Hidrográfica ATLÂNTICO NORDESTE ORIENTAL;CBH do Médio Jaguaribe;Estadual;;;;;Operação;2020-07-01 00:00:00;-5,63969;-38,42131;mínima;2020-07-01;NoData;NoData;2020,0;0,0;Fundacao;0,0;Original;6;26;0;5;13;18;3;19;49;Baixo;Medio;66,7;Bom;True;True;True;False;False;True;True;False;False;6;Media
22501;Massa d'Água #139967;;Irrigação;SC;CHAPECÓ;Não Classificado;Não Classificado;;;Agência Nacional de Águas e Saneamento Básico - ANA;;Não Classificada;;;Não;Não;;Não;;;;;;Sem Informação;;;;8279314,0;Rio Monte Alegre;Região Hidrográfica do URUGUAI;CBH dos Rios Chapecó e Irani;Estadual;;;;;;;-27,21489;-52,56494;mínima;2021-01-25;NoData;NoData;2021,0;;Sem_Dado;;Sem_Dado;3;31;0;5;13;18;1;16;54;Dados Insuficientes;Medio;33,3;Parcial;True;True;True;True;True;True;True;False;False;7;Alta
22504;Massa d'Água #140669;;Irrigação;MS;CAARAPÓ;Não Classificado;Não Classificado;;;Agência Nacional de Águas e Saneamento Básico - ANA;;Não Classificada;;;Não;Não;;Não;;;;;;Sem Informação;;;;86386156,0;Córrego Ipuitá;Região Hidrográfica do PARANÁ;CBH do Rio Ivinhema;Estadual;;;;;;;-22,49214;-54,62347;mínima;2021-01-25;NoData;NoData;2021,0;;Sem_Dado;;Sem_Dado;3;31;0;5;13;18;1;16;54;Dados Insuficientes;Medio;33,3;Parcial;True;True;True;True;True;True;True;False;False;7;Alta
22505;Massa d'Água #140812;;Irrigação;MS;IGUATEMI;Não Classificado;Não Classificado;;;Agência Nacional de Águas e Saneamento Básico - ANA;;Não Classificada;;;Não;Não;;Não;;;;;;Sem Informação;;;;86332232,0;Córrego Ipané;Região Hidrográfica do PARANÁ;;Federal;;;;;;;-23,44986;-54,72758;mínima;2021-01-25;NoData;NoData;2021,0;;Sem_Dado;;Sem_Dado;3;31;0;5;13;18;1;16;54;Dados Insuficientes;Medio;33,3;Parcial;True;True;True;True;True;True;True;False;False;7;Alta
22506;Massa d'Água #140818;;Irrigação;MS;DOURADINA;Não Classificado;Não Classificado;;;Agência Nacional de Águas e Saneamento Básico - ANA;;Não Classificada;;;Não;Não;;Não;;;;;;Sem Informação;;;;8638772,0;Córrego Panambi;Região Hidrográfica do PARANÁ;CBH do Rio Ivinhema;Federal;;;;;;;-22,03269;-54,63417;mínima;2021-01-25;NoData;NoData;2021,0;;Sem_Dado;;Sem_Dado;3;31;0;5;13;18;1;16;54;Dados Insuficientes;Medio;33,3;Parcial;True;True;True;True;True;True;True;False;False;7;Alta
22509;Massa d'Água #141768;;Irrigação;ES;ARACRUZ;Não Classificado;Não Classificado;;;Agência Nacional de Águas e Saneamento Básico - ANA;;Não Classificada;;;Não;Não;;Não;;;;;;Sem Informação;;;;791134,0;Córrego Barra do Sahi;Região Hidrográfica ATLÂNTICO SUDESTE;CBH das Bacias Hidrográficas Costeiras do Litoral Centro-Norte;Estadual;;;;;;;-19,84467;-40,22556;mínima;2021-01-25;NoData;NoData;2021,0;;Sem_Dado;;Sem_Dado;3;31;0;5;13;18;1;16;54;Dados Insuficientes;Medio;33,3;Parcial;True;True;True;True;True;True;True;False;False;7;Alta
20856;Fazenda Panorâmica - Barragem 02;;Irrigação;MA;CIDELÂNDIA;Não Classificado;Não Classificado;Juliano Paiva de Brito;Pessoa Física;Agência Nacional de Águas e Saneamento Básico - ANA;;Não Classificada;;;Não;Não;;Não;;;;;0,0;Sem Informação;;;;612996,0;Córrego dos Pebas;Região Hidrográfica do TOCANTINS-ARAGUAIA;;Federal;;;;;Operação;2020-06-26 00:00:00;-4,98064;-47,99297;mínima;2020-06-26;NoData;NoData;2020,0;;Sem_Dado;;Sem_Dado;6;30;0;5;13;18;2;19;53;Dados Insuficientes;Medio;44,4;Parcial;True;True;True;True;True;True;True;False;False;7;Alta
20861;Fazenda Riacho do Urucum;;Irrigação;MS;CORUMBÁ;Não se Aplica;Baixo;AGROPECUÁRIA AKS LTDA;;Agência Nacional de Águas e Saneamento Básico - ANA;02501.002548/2024-54;Não;58/2025/SRB-ANA-SEI;;Não;Não;;Não;1,5;1,5;0,021;;0,0;Sem Informação;;;;8944,0;Córrego Urucum;Região Hidrográfica do PARAGUAI;;Federal;;;;;Operação;2020-06-26 00:00:00;-19,17156;-57,67572;ótima;2020-06-26;0;0;2020,0;1,5;Fundacao;0,021;Original;6;26;0;5;13;18;3;19;49;Baixo;Medio;66,7;Bom;True;True;True;False;False;True;True;False;False;6;Media
20862;Fazenda Aracoxim IV;;Irrigação;MS;SONORA;Não Classificado;Não Classificado;Adriana Pereira Lessa;Pessoa Física;Agência Nacional de Águas e Saneamento Básico - ANA;;Não Classificada;;;Não;Não;;Não;0,0;0,0;0,0;;0,0;Sem Informação;;;;8962,0;Córrego Cangalhinha;Região Hidrográfica do PARAGUAI;;Federal;;;;;Operação;2020-06-26 00:00:00;-17,40419;-53,72436;mínima;2020-06-26;NoData;NoData;2020,0;0,0;Fundacao;0,0;Original;6;26;0;5;13;18;3;19;49;Baixo;Medio;66,7;Bom;True;True;True;False;False;True;True;False;False;6;Media
23569;Massa d'Água #190613;;Irrigação;BA;PRADO;Não Classificado;Não Classificado;;;Agência Nacional de Águas e Saneamento Básico - ANA;;Não Classificada;;;Não;Não;;Não;;;;;;Sem Informação;;;;;SEM NOME;Região Hidrográfica ATLÂNTICO LESTE;CBH dos Rios Frades, Buranhém e Santo Antônio;Federal;;;;;;;-17,13392;-39,21142;mínima;2021-02-11;NoData;NoData;2021,0;;Sem_Dado;;Sem_Dado;3;31;0;5;13;18;1;16;54;Dados Insuficientes;Medio;33,3;Parcial;True;True;True;True;True;True;True;False;False;7;Alta
20961;Fazenda Conceição do Rio do Braço;;Proteção do meio ambiente;SP;BANANAL;Não Classificado;Não Classificado;ACORB AGROPECUARIA LTDA;;Agência Nacional de Águas e Saneamento Básico - ANA;02501.002543/2024-21;Não Classificada;;;Não;Não;;Não;;;;;0,0;Sem Informação;;;;793916,0;Rio Ariró e Córrego João Rodrigues;Região Hidrográfica ATLÂNTICO SUDESTE;CBH do Paraíba do Sul;Federal;;;;;Operação;2020-06-30 00:00:00;-22,85089;-44,38606;mínima;2020-06-30;0;0;2020,0;;Sem_Dado;;Sem_Dado;6;30;0;5;13;18;2;19;53;Dados Insuficientes;Medio;44,4;Parcial;True;True;True;True;True;True;True;False;False;7;Alta
20970;Fazenda dos Ventos Selvagens;;Irrigação;SC;BLUMENAU;Não Classificado;Não Classificado;Rubens Kurtz;Pessoa Física;Agência Nacional de Águas e Saneamento Básico - ANA;;Não Classificada;;;Não;Não;;Não;0,0;0,0;0,0;;0,0;Sem Informação;;;;795434,0;Rio Garcia;Região Hidrográfica ATLÂNTICO SUL;CBH do Rio Itajaí;Estadual;;;;;Operação;2020-06-30 00:00:00;-27,03975;-49,06506;mínima;2020-06-30;NoData;NoData;2020,0;0,0;Fundacao;0,0;Original;6;26;0;5;13;18;3;19;49;Baixo;Medio;66,7;Bom;True;True;True;False;False;True;True;False;False;6;Media
20820;Fazenda Primavera;;Irrigação;BA;ENCRUZILHADA;Não Classificado;Não Classificado;Miramar Oliveira e Silva Santana;Pessoa Física;Agência Nacional de Águas e Saneamento Básico - ANA;;Não Classificada;;;Não;Não;;Não;0,0;0,0;0,0;;0,0;Sem Informação;;;;7778716,0;Córrego do Mamoeiro;Região Hidrográfica ATLÂNTICO LESTE;;Federal;;;;;Operação;2020-06-24 00:00:00;-15,706;-41,25431;mínima;2020-06-24;NoData;NoData;2020,0;0,0;Fundacao;0,0;Original;6;26;0;5;13;18;3;19;49;Baixo;Medio;66,7;Bom;True;True;True;False;False;True;True;False;False;6;Media
20821;P.A. Lagoa das Pedras - Barragem 01;;Irrigação;GO;CABECEIRAS;Não se Aplica;Baixo;Instituto Nacional de Colonização e Reforma Agrária - INCRA - DF;Autarquias - Público;Agência Nacional de Águas e Saneamento Básico - ANA;02501.008039/2025-16;Não Classificada;124/2025/SRB-ANA-SEI;;Não;Não;;Não;4,0;4,0;0,756;70,0;0,0;Sem Informação;Dessedentação Animal;;;76846,0;Córrego Poço Claro;Região Hidrográfica do SÃO FRANCISCO;São Francisco;Federal;;;;Não;Operação;2020-06-25 00:00:00;-15,87072;-46,95436;ótima;2020-06-25;0;0;2020,0;4,0;Fundacao;0,756;Original;8;23;0;5;13;18;4;21;46;Baixo;Medio;77,8;Bom;True;True;True;False;False;False;True;False;False;6;Media
23592;Massa d'Água #197494;;Irrigação;MT;SÃO FÉLIX DO ARAGUAIA;Não Classificado;Não Classificado;;;Agência Nacional de Águas e Saneamento Básico - ANA;;Não Classificada;;;Não;Não;;Não;;;;;;Sem Informação;;;;425498,0;Ribeirão das Traíras;Região Hidrográfica AMAZÔNICA;;Estadual;;;;;;;-11,65278;-51,66283;mínima;2021-02-11;NoData;NoData;2021,0;;Sem_Dado;;Sem_Dado;3;31;0;5;13;18;1;16;54;Dados Insuficientes;Medio;33,3;Parcial;True;True;True;True;True;True;True;False;False;7;Alta
20971;Fazendas Curral Falso e Capão Rico;;Paisagismo;SC;BOM JARDIM DA SERRA;Não se Aplica;Baixo;Fernando Niehues Baschirotto;Pessoa Física;Agência Nacional de Águas e Saneamento Básico - ANA;02501.002564/2024-47;Não;;;Não;Não;;Não;1,7;1,7;0,001;;0,08;Concreto convencional;;;;82898,0;Rio das Contas e Rio Púlpito;Região Hidrográfica do URUGUAI;;Federal;;;;;Operação;08-MAY-12;-28,42444;-49,57144;baixa;2020-06-30;NoData;NoData;2020,0;1,7;Fundacao;0,001;Original;1;25;0;5;13;18;3;14;48;Baixo;Medio;66,7;Bom;True;True;True;False;False;True;True;False;False;6;Media
20982;Estância e Cabanha Peñarol - Barragem 02;;Irrigação;RS;ACEGUÁ;Não Classificado;Não Classificado;Carolina Elene Suñé Bonfada;Pessoa Física;Agência Nacional de Águas e Saneamento Básico - ANA;;Não Classificada;;;Não;Não;;Não;;;;;0,0;Sem Informação;;;;82269124,0;Arroio São Miguel;Região Hidrográfica ATLÂNTICO SUL;CBH da Lagoa Mirim e Canal São Gonçalo;Federal;;;;;Operação;2020-07-01 00:00:00;-31,79497;-54,21961;mínima;2020-07-01;NoData;NoData;2020,0;;Sem_Dado;;Sem_Dado;6;30;0;5;13;18;2;19;53;Dados Insuficientes;Medio;44,4;Parcial;True;True;True;True;True;True;True;False;False;7;Alta
20884;Barro da Fazenda Mato Grosso;;Irrigação;PB;SANTA INÊS;Não Classificado;Não Classificado;Josinaldo Moreno de Melo;Pessoa Física;Agência Nacional de Águas e Saneamento Básico - ANA;;Não Classificada;;;Não;Não;;Não;0,0;0,0;0,0;;0,0;Sem Informação;;;;76127294,0;SEM NOME;Região Hidrográfica do SÃO FRANCISCO;São Francisco;Federal;;;;;Operação;2020-06-27 00:00:00;-7,74717;-38,5645;mínima;2020-06-27;NoData;NoData;2020,0;0,0;Fundacao;0,0;Original;6;26;0;5;13;18;3;19;49;Baixo;Medio;66,7;Bom;True;True;True;False;False;True;True;False;False;6;Media
20906;Fazenda Unaí-Brasília - Barragem 01;;Irrigação;MG;UNAÍ;Não Classificado;Não Classificado;Regina Bilac Pinto;Pessoa Física;Agência Nacional de Águas e Saneamento Básico - ANA;;Não Classificada;;;Não;Não;;Não;;;;;0,0;Sem Informação;;;;76847764,0;Córrego Arrependido;Região Hidrográfica do PARANÁ;São Francisco;Federal;;;;;Operação;2020-06-29 00:00:00;-16,29261;-47,26947;mínima;2020-06-29;0;0;2020,0;;Sem_Dado;;Sem_Dado;6;30;0;5;13;18;2;19;53;Dados Insuficientes;Medio;44,4;Parcial;True;True;True;True;True;True;True;False;False;7;Alta
22434;Massa d'Água #116795;;Irrigação;MT;QUERÊNCIA;Não Classificado;Não Classificado;;;Agência Nacional de Águas e Saneamento Básico - ANA;;Não Classificada;;;Não;Não;;Não;;;;;;Sem Informação;;;;427244,0;Córrego das Amoreiras;Região Hidrográfica AMAZÔNICA;;Estadual;;;;;;;-11,86294;-52,97292;mínima;2021-01-21;NoData;NoData;2021,0;;Sem_Dado;;Sem_Dado;3;31;0;5;13;18;1;16;54;Dados Insuficientes;Medio;33,3;Parcial;True;True;True;True;True;True;True;False;False;7;Alta
20888;Sítio Canta Galo;;Irrigação;PB;PEDRA LAVRADA;Não Classificado;Não Classificado;Erivonaldo Macêdo Oliveira;Pessoa Física;Agência Nacional de Águas e Saneamento Básico - ANA;;Não Classificada;;;Não;Não;;Não;0,0;0,0;0,0;;0,0;Sem Informação;;;;7562864,0;Riacho Olho d'Água;Região Hidrográfica ATLÂNTICO NORDESTE ORIENTAL;Piranhas-Açu;Federal;;;;;Operação;2020-06-29 00:00:00;-6,7555;-36,47444;mínima;2020-06-29;NoData;NoData;2020,0;0,0;Fundacao;0,0;Original;6;26;0;5;13;18;3;19;49;Baixo;Medio;66,7;Bom;True;True;True;False;False;True;True;False;False;6;Media
22630;Massa d'Água #164671;;Irrigação;MT;ALTO BOA VISTA;Não Classificado;Não Classificado;;;Agência Nacional de Águas e Saneamento Básico - ANA;;Não Classificada;;;Não;Não;;Não;;;;;;Sem Informação;;;;4254,0;Rio Comandante Fontoura;Região Hidrográfica AMAZÔNICA;;Estadual;;;;;;;-11,76614;-51,80364;mínima;2021-01-28;NoData;NoData;2021,0;;Sem_Dado;;Sem_Dado;3;31;0;5;13;18;1;16;54;Dados Insuficientes;Medio;33,3;Parcial;True;True;True;True;True;True;True;False;False;7;Alta
20907;Barragem 02 - Fazenda Unaí-Brasília ;;Irrigação;MG;UNAÍ;Não se Aplica;Baixo;Regina Bilac Pinto;Pessoa Física;Agência Nacional de Águas e Saneamento Básico - ANA;02501.002204/2024-45;Não;754/2024;;Não;Não;;Não;8,0;8,0;0,16;;0,0;Sem Informação;;;;76847764,0;Córrego Arrependido;Região Hidrográfica do PARANÁ;São Francisco;Federal;;;;;Operação;2020-06-29 00:00:00;-16,29236;-47,26994;ótima;2020-06-29;0;0;2020,0;8,0;Fundacao;0,16;Original;6;26;0;5;13;18;3;19;49;Baixo;Medio;66,7;Bom;True;True;True;False;False;True;True;False;False;6;Media
20908;Barragem 03 - Fazenda Unaí-Brasília;;Irrigação;MG;UNAÍ;Não Classificado;Baixo;Regina Bilac Pinto;Pessoa Física;Agência Nacional de Águas e Saneamento Básico - ANA;02501.002206/2024;Não;756/2024;;Não;Não;;Não;8,0;8,0;0,06;;0,0;Sem Informação;;;;76847764,0;Córrego Arrependido;Região Hidrográfica do PARANÁ;São Francisco;Federal;;;;;Operação;2020-06-29 00:00:00;-16,29167;-47,27211;ótima;2020-06-29;0;0;2020,0;8,0;Fundacao;0,06;Original;6;26;0;5;13;18;3;19;49;Baixo;Medio;66,7;Bom;True;True;True;False;False;True;True;False;False;6;Media
20909;Barragem 04 - Fazenda Unaí-Brasília;;Irrigação;MG;UNAÍ;Não se Aplica;Baixo;Regina Bilac Pinto;Pessoa Física;Agência Nacional de Águas e Saneamento Básico - ANA;02501.002205/2024-90;Não;756;;Não;Não;;Não;8,0;8,0;0,15;;0,0;Sem Informação;;;;76847764,0;Córrego Arrependido;Região Hidrográfica do PARANÁ;São Francisco;Federal;;;;;Operação;2020-06-29 00:00:00;-16,28867;-47,28086;ótima;2020-06-29;0;0;2020,0;8,0;Fundacao;0,15;Original;6;26;0;5;13;18;3;19;49;Baixo;Medio;66,7;Bom;True;True;True;False;False;True;True;False;False;6;Media
20916;Sítio São José;;Irrigação;MG;ANDRADAS;Não se Aplica;Baixo;Carlos Eduardo Trevisan;Pessoa Física;Agência Nacional de Águas e Saneamento Básico - ANA;;Não;;;Não;Não;;Não;1,0;1,0;0,305;;0,0;Sem Informação;;;;868428,0;Córrego das Pitangueiras;Região Hidrográfica do PARANÁ;Grande;Federal;;;;;Operação;2020-06-29 00:00:00;-21,99147;-46,51364;baixa;2020-06-29;0;0;2020,0;1,0;Fundacao;0,305;Original;6;26;0;5;13;18;3;19;49;Baixo;Medio;66,7;Bom;True;True;True;False;False;True;True;False;False;6;Media
20931;Estrela da Serra;;Proteção do meio ambiente;PR;CAMPINA GRANDE DO SUL;Não Classificado;Não Classificado;Carolina Mendes de Oliveira;Pessoa Física;Agência Nacional de Águas e Saneamento Básico - ANA;;Não Classificada;;;Não;Não;;Não;4,0;4,0;0,017;;0,0;Sem Informação;;;;79466,0;Rio Faxinal;Região Hidrográfica ATLÂNTICO SUDESTE;CBH do Alto Iguaçu e Afluentes do Alto Ribeira;Federal;;;;;Operação;2020-06-29 00:00:00;-25,10236;-48,70636;baixa;2020-06-29;0;0.017;2020,0;4,0;Fundacao;0,017;Original;6;26;0;5;13;18;3;19;49;Baixo;Medio;66,7;Bom;True;True;True;False;False;True;True;False;False;6;Media
22413;Massa d'Água #108060;;Irrigação;MS;MIRANDA;Não Classificado;Não Classificado;;;Agência Nacional de Águas e Saneamento Básico - ANA;;Não Classificada;;;Não;Não;;Não;;;;;;Sem Informação;;;;8952324,0;Ribeirão Vinte e Dois;Região Hidrográfica do PARAGUAI;CBH do Rio Miranda;Estadual;;;;;;;-20,18692;-56,30275;mínima;2021-01-21;0;0;2021,0;;Sem_Dado;;Sem_Dado;3;31;0;5;13;18;1;16;54;Dados Insuficientes;Medio;33,3;Parcial;True;True;True;True;True;True;True;False;False;7;Alta
22417;Massa d'Água #109725;;Irrigação;SC;SEARA;Não Classificado;Não Classificado;;;Agência Nacional de Águas e Saneamento Básico - ANA;;Não Classificada;;;Não;Não;;Não;;;;;;Sem Informação;;;;827932,0;Rio Irani;Região Hidrográfica do URUGUAI;CBH dos Rios Chapecó e Irani;Estadual;;;;;;;-27,16161;-52,48967;mínima;2021-01-21;NoData;NoData;2021,0;;Sem_Dado;;Sem_Dado;3;31;0;5;13;18;1;16;54;Dados Insuficientes;Medio;33,3;Parcial;True;True;True;True;True;True;True;False;False;7;Alta
22607;Massa d'Água #158075;;Irrigação;MT;BOM JESUS DO ARAGUAIA;Não Classificado;Não Classificado;;;Agência Nacional de Águas e Saneamento Básico - ANA;;Não Classificada;;;Não;Não;;Não;;;;;;Sem Informação;;;;4254,0;Rio Comandante Fontoura;Região Hidrográfica AMAZÔNICA;;Estadual;;;;;;;-11,93;-51,81428;mínima;2021-01-28;NoData;NoData;2021,0;;Sem_Dado;;Sem_Dado;3;31;0;5;13;18;1;16;54;Dados Insuficientes;Medio;33,3;Parcial;True;True;True;True;True;True;True;False;False;7;Alta
22609;Massa d'Água #159417;;Irrigação;MS;CAARAPÓ;Não Classificado;Não Classificado;;;Agência Nacional de Águas e Saneamento Básico - ANA;;Não Classificada;;;Não;Não;;Não;;;;;;Sem Informação;;;;86344,0;Rio Piratinim;Região Hidrográfica do PARANÁ;;Federal;;;;;;;-22,71958;-54,96469;mínima;2021-01-28;NoData;NoData;2021,0;;Sem_Dado;;Sem_Dado;3;31;0;5;13;18;1;16;54;Dados Insuficientes;Medio;33,3;Parcial;True;True;True;True;True;True;True;False;False;7;Alta
22619;Massa d'Água #161814;;Irrigação;MT;SÃO FÉLIX DO ARAGUAIA;Não Classificado;Não Classificado;;;Agência Nacional de Águas e Saneamento Básico - ANA;;Não Classificada;;;Não;Não;;Não;;;;;;Sem Informação;;;;67862,0;Rio Preto;Região Hidrográfica do TOCANTINS-ARAGUAIA;;Estadual;;;;;;;-11,58381;-51,77975;mínima;2021-01-28;NoData;NoData;2021,0;;Sem_Dado;;Sem_Dado;3;31;0;5;13;18;1;16;54;Dados Insuficientes;Medio;33,3;Parcial;True;True;True;True;True;True;True;False;False;7;Alta
22621;Massa d'Água #162788;;Irrigação;MT;PONTES E LACERDA;Não Classificado;Não Classificado;;;Agência Nacional de Águas e Saneamento Básico - ANA;;Não Classificada;;;Não;Não;;Não;;;;;;Sem Informação;;;;46998,0;Rio Barbado;Região Hidrográfica AMAZÔNICA;;Estadual;;;;;;;-16,15167;-59,51169;mínima;2021-01-28;NoData;NoData;2021,0;;Sem_Dado;;Sem_Dado;3;31;0;5;13;18;1;16;54;Dados Insuficientes;Medio;33,3;Parcial;True;True;True;True;True;True;True;False;False;7;Alta
22622;Massa d'Água #163229;;Irrigação;BA;PRADO;Não Classificado;Não Classificado;;;Agência Nacional de Águas e Saneamento Básico - ANA;;Não Classificada;;;Não;Não;;Não;;;;;;Sem Informação;;;;;SEM NOME;Região Hidrográfica ATLÂNTICO LESTE;CBH dos Rios Frades, Buranhém e Santo Antônio;Federal;;;;;;;-17,09797;-39,21081;mínima;2021-01-28;NoData;NoData;2021,0;;Sem_Dado;;Sem_Dado;3;31;0;5;13;18;1;16;54;Dados Insuficientes;Medio;33,3;Parcial;True;True;True;True;True;True;True;False;False;7;Alta
21994;Rio Cotaxé;;Irrigação;ES;BOA ESPERANÇA;Não Classificado;Não Classificado;;;Agência Nacional de Águas e Saneamento Básico - ANA;;Não Classificada;;;Não;Não;;Não;;;;;;Sem Informação;;;;7798,0;Rio Cotaxé ou Braço Norte do Rio São Mateus;Região Hidrográfica ATLÂNTICO LESTE;CBH dos Afluentes dos Rios São Mateus (Braço Norte e Braço Sul);Federal;;;;;;;-18,55806;-40,33575;mínima;2020-12-17;NoData;NoData;2020,0;;Sem_Dado;;Sem_Dado;3;31;0;5;13;18;1;16;54;Dados Insuficientes;Medio;33,3;Parcial;True;True;True;True;True;True;True;False;False;7;Alta
22279;Massa d'Água #76964;;Irrigação;MT;BRASNORTE;Não Classificado;Não Classificado;;;Agência Nacional de Águas e Saneamento Básico - ANA;;Não Classificada;;;Não;Não;;Não;;;;;;Sem Informação;;;;4482598,0;SEM NOME;Região Hidrográfica AMAZÔNICA;;Estadual;;;;;;;-12,92333;-58,02206;mínima;2021-01-12;NoData;NoData;2021,0;;Sem_Dado;;Sem_Dado;3;31;0;5;13;18;1;16;54;Dados Insuficientes;Medio;33,3;Parcial;True;True;True;True;True;True;True;False;False;7;Alta
22515;Massa d'Água #143344;;Irrigação;ES;ARACRUZ;Não Classificado;Não Classificado;;;Agência Nacional de Águas e Saneamento Básico - ANA;;Não Classificada;;;Não;Não;;Não;;;;;;Sem Informação;;;;791136,0;Córrego Destacamento;Região Hidrográfica ATLÂNTICO SUDESTE;CBH das Bacias Hidrográficas Costeiras do Litoral Centro-Norte;Estadual;;;;;;;-19,9045;-40,18311;mínima;2021-01-25;NoData;NoData;2021,0;;Sem_Dado;;Sem_Dado;3;31;0;5;13;18;1;16;54;Dados Insuficientes;Medio;33,3;Parcial;True;True;True;True;True;True;True;False;False;7;Alta
23597;Massa d'Água #199160;;Irrigação;BA;PRADO;Não Classificado;Não Classificado;;;Agência Nacional de Águas e Saneamento Básico - ANA;;Não Classificada;;;Não;Não;;Não;;;;;;Sem Informação;;;;;SEM NOME;Região Hidrográfica ATLÂNTICO LESTE;CBH dos Rios Frades, Buranhém e Santo Antônio;Federal;;;;;;;-17,09833;-39,19122;mínima;2021-02-11;NoData;NoData;2021,0;;Sem_Dado;;Sem_Dado;3;31;0;5;13;18;1;16;54;Dados Insuficientes;Medio;33,3;Parcial;True;True;True;True;True;True;True;False;False;7;Alta
20848;Fazenda Guarany - Lot. Tiúba Brejão;;Irrigação;TO;ARAGUAÇU;Não Classificado;Não Classificado;Vicente Rabelo da Fonseca;Pessoa Física;Agência Nacional de Águas e Saneamento Básico - ANA;;Não Classificada;;;Não;Não;;Não;;;;;0,0;Sem Informação;;;;66686,0;Rio Tiúba;Região Hidrográfica do TOCANTINS-ARAGUAIA;;Federal;;;;;Operação;2020-06-26 00:00:00;-12,95211;-49,96456;mínima;2020-06-26;NoData;NoData;2020,0;;Sem_Dado;;Sem_Dado;6;30;0;5;13;18;2;19;53;Dados Insuficientes;Medio;44,4;Parcial;True;True;True;True;True;True;True;False;False;7;Alta
20851;Fazenda São João - Barragem 02;;Irrigação;MA;SÃO FRANCISCO DO BREJÃO;Não Classificado;Não Classificado;Mraquel Reis Sousa;Pessoa Física;Agência Nacional de Águas e Saneamento Básico - ANA;;Não Classificada;;;Não;Não;;Não;;;;;0,0;Sem Informação;;;;714,0;Córrego Brejão;Região Hidrográfica ATLÂNTICO NORDESTE OCIDENTAL;;Federal;;;;;Operação;2020-06-26 00:00:00;-5,196;-47,38867;mínima;2020-06-26;NoData;NoData;2020,0;;Sem_Dado;;Sem_Dado;6;30;0;5;13;18;2;19;53;Dados Insuficientes;Medio;44,4;Parcial;True;True;True;True;True;True;True;False;False;7;Alta
22003;Barragem do Assentamento Arisa;Córrego da Mata;Dessedentação Animal;CE;ICAPUÍ;Não se Aplica;Baixo;ASSOCIACAO DOS AGRICULTORES FAMILIARES DA FAZENDA ARISA;;Agência Nacional de Águas e Saneamento Básico - ANA;02501.009121/2025-68;Não;100/2025/SRB-ANA-SEI;;Não;Não;;Não;2,0;2,0;0,572;;;Sem Informação;Irrigação;;;7534,0;Córrego da Mata;Região Hidrográfica ATLÂNTICO NORDESTE ORIENTAL;CBH do Baixo Jaguaribe;Federal;;;;;Operação;1985-01-01 00:00:00;-4,80306;-37,31411;ótima;2020-12-18;NoData;NoData;2020,0;2,0;Fundacao;0,572;Original;4;24;0;5;13;18;3;17;47;Baixo;Medio;66,7;Bom;True;True;True;False;False;True;True;False;False;6;Media
22004;Açude São José IV;;Irrigação;PB;SÃO JOSÉ DO SABUGI;Não Classificado;Não Classificado;;;Agência Nacional de Águas e Saneamento Básico - ANA;02501.001938/2025-98;Não Classificada;;;Não;Não;;Não;;;0,554;;0,0;Sem Informação;;;;756246,0;Rio São José;Região Hidrográfica ATLÂNTICO NORDESTE ORIENTAL;Piranhas-Açu;Federal;;;;;;;-6,78581;-36,78764;mínima;2020-12-18;0;0;2020,0;;Sem_Dado;0,554;Original;3;31;0;5;13;18;1;16;54;Dados Insuficientes;Medio;44,4;Parcial;True;True;True;True;False;True;True;False;False;7;Alta
22527;Massa d'Água #146046;;Irrigação;MS;IGUATEMI;Não Classificado;Não Classificado;;;Agência Nacional de Águas e Saneamento Básico - ANA;;Não Classificada;;;Não;Não;;Não;;;;;;Sem Informação;;;;8633218,0;Córrego Panduí;Região Hidrográfica do PARANÁ;;Federal;;;;;;;-23,50981;-54,57858;mínima;2021-01-26;NoData;NoData;2021,0;;Sem_Dado;;Sem_Dado;3;31;0;5;13;18;1;16;54;Dados Insuficientes;Medio;33,3;Parcial;True;True;True;True;True;True;True;False;False;7;Alta
22562;Massa d'Água #151589;;Irrigação;SP;SÃO PAULO;Não Classificado;Não Classificado;;;Agência Nacional de Águas e Saneamento Básico - ANA;;Não Classificada;;;Não;Não;;Não;;;;;;Sem Informação;;;;79396,0;Rio Branco;Região Hidrográfica ATLÂNTICO SUDESTE;CBH da Baixada Santista;Federal;;;;;;;-23,89967;-46,65792;mínima;2021-01-27;NoData;NoData;2021,0;;Sem_Dado;;Sem_Dado;3;31;0;5;13;18;1;16;54;Dados Insuficientes;Medio;33,3;Parcial;True;True;True;True;True;True;True;False;False;7;Alta
22569;Massa d'Água #153877;;Irrigação;MT;SÃO FÉLIX DO ARAGUAIA;Não Classificado;Não Classificado;;;Agência Nacional de Águas e Saneamento Básico - ANA;;Não Classificada;;;Não;Não;;Não;;;;;;Sem Informação;;;;4254,0;Rio Comandante Fontoura;Região Hidrográfica AMAZÔNICA;;Estadual;;;;;;;-11,59225;-51,90269;mínima;2021-01-27;NoData;NoData;2021,0;;Sem_Dado;;Sem_Dado;3;31;0;5;13;18;1;16;54;Dados Insuficientes;Medio;33,3;Parcial;True;True;True;True;True;True;True;False;False;7;Alta
23644;Massa d'Água #204835;;Irrigação;RS;MATO CASTELHANO;Não Classificado;Não Classificado;;;Agência Nacional de Águas e Saneamento Básico - ANA;;Não Classificada;;;Não;Não;;Não;;;;;;Sem Informação;;;;79664,0;Rio Branco;Região Hidrográfica ATLÂNTICO SUL;CBH dos Rios Taquari e Antas;Federal;;;;;;;-28,31797;-52,15111;mínima;2021-02-12;NoData;NoData;2021,0;;Sem_Dado;;Sem_Dado;3;31;0;5;13;18;1;16;54;Dados Insuficientes;Medio;33,3;Parcial;True;True;True;True;True;True;True;False;False;7;Alta
22432;Massa d'Água #115809;;Irrigação;BA;ILHÉUS;Não Classificado;Não Classificado;;;Agência Nacional de Águas e Saneamento Básico - ANA;;Não Classificada;;;Não;Não;;Não;;;;;;Sem Informação;;;;77754,0;Rio Aguípe;Região Hidrográfica ATLÂNTICO LESTE;CBH do Leste;Estadual;;;;;;;-14,972;-39,07672;mínima;2021-01-21;NoData;NoData;2021,0;;Sem_Dado;;Sem_Dado;3;31;0;5;13;18;1;16;54;Dados Insuficientes;Medio;33,3;Parcial;True;True;True;True;True;True;True;False;False;7;Alta
22433;Massa d'Água #116381;;Irrigação;RS;IRAÍ;Não Classificado;Não Classificado;;;Agência Nacional de Águas e Saneamento Básico - ANA;;Não Classificada;;;Não;Não;;Não;;;;;;Sem Informação;;;;82772,0;Rio do Mel;Região Hidrográfica do URUGUAI;CBH do Várzea;Estadual;;;;;;;-27,19175;-53,23664;mínima;2021-01-21;NoData;NoData;2021,0;;Sem_Dado;;Sem_Dado;3;31;0;5;13;18;1;16;54;Dados Insuficientes;Medio;33,3;Parcial;True;True;True;True;True;True;True;False;False;7;Alta
22447;Massa d'Água #121310;;Irrigação;BA;ILHÉUS;Não Classificado;Não Classificado;;;Agência Nacional de Águas e Saneamento Básico - ANA;;Não Classificada;;;Não;Não;;Não;;;;;;Sem Informação;;;;77754,0;Rio Aguípe;Região Hidrográfica ATLÂNTICO LESTE;CBH do Leste;Estadual;;;;;;;-14,98683;-39,10531;mínima;2021-01-21;NoData;NoData;2021,0;;Sem_Dado;;Sem_Dado;3;31;0;5;13;18;1;16;54;Dados Insuficientes;Medio;33,3;Parcial;True;True;True;True;True;True;True;False;False;7;Alta
22605;Massa d'Água #157170;;Irrigação;SC;ABELARDO LUZ;Não Classificado;Não Classificado;;;Agência Nacional de Águas e Saneamento Básico - ANA;;Não Classificada;;;Não;Não;;Não;;;;;;Sem Informação;;;;8278952,0;Rio Passo das Antas;Região Hidrográfica do URUGUAI;CBH dos Rios Chapecó e Irani;Federal;;;;;;;-26,60069;-52,34325;mínima;2021-01-28;NoData;NoData;2021,0;;Sem_Dado;;Sem_Dado;3;31;0;5;13;18;1;16;54;Dados Insuficientes;Medio;33,3;Parcial;True;True;True;True;True;True;True;False;False;7;Alta
22608;Massa d'Água #158566;;Irrigação;MS;SETE QUEDAS;Não Classificado;Não Classificado;;;Agência Nacional de Águas e Saneamento Básico - ANA;;Não Classificada;;;Não;Não;;Não;;;;;;Sem Informação;;;;8633236,0;Córrego Sombrerito;Região Hidrográfica do PARANÁ;;Estadual;;;;;;;-23,80256;-54,72294;mínima;2021-01-28;NoData;NoData;2021,0;;Sem_Dado;;Sem_Dado;3;31;0;5;13;18;1;16;54;Dados Insuficientes;Medio;33,3;Parcial;True;True;True;True;True;True;True;False;False;7;Alta
22614;Massa d'Água #160692;;Irrigação;MS;CAARAPÓ;Não Classificado;Não Classificado;;;Agência Nacional de Águas e Saneamento Básico - ANA;;Não Classificada;;;Não;Não;;Não;;;;;;Sem Informação;;;;863444,0;Córrego Saverá;Região Hidrográfica do PARANÁ;;Estadual;;;;;;;-22,60256;-54,97597;mínima;2021-01-28;NoData;NoData;2021,0;;Sem_Dado;;Sem_Dado;3;31;0;5;13;18;1;16;54;Dados Insuficientes;Medio;33,3;Parcial;True;True;True;True;True;True;True;False;False;7;Alta
22307;Massa d'Água #79702;;Irrigação;MT;BRASNORTE;Não Classificado;Não Classificado;;;Agência Nacional de Águas e Saneamento Básico - ANA;;Não Classificada;;;Não;Não;;Não;;;;;;Sem Informação;;;;4482222,0;SEM NOME;Região Hidrográfica AMAZÔNICA;;Federal;;;;;;;-12,33619;-58,17314;mínima;2021-01-18;NoData;NoData;2021,0;;Sem_Dado;;Sem_Dado;3;31;0;5;13;18;1;16;54;Dados Insuficientes;Medio;33,3;Parcial;True;True;True;True;True;True;True;False;False;7;Alta
22315;Barragem - Chruscinski ;Massa d'Água #81160;Dessedentação Animal;PR;LARANJEIRAS DO SUL;Não se Aplica;Baixo;Silvestre Chruscinski;Pessoa Física;Agência Nacional de Águas e Saneamento Básico - ANA;02501.004286/2024-62;Não;;;Não;Não;;Não;2,5;2,5;0,003;30,0;4346,11;Terra;;;;8632984,0;SEM NOME;Região Hidrográfica do PARANÁ;CBH dos rios Piquiri e Paraná II;Estadual;;;;;Operação;26-OCT-93;-25,21522;-52,35014;baixa;2021-01-18;0;0;2021,0;2,5;Fundacao;0,003;Original;5;24;0;5;13;18;4;18;47;Baixo;Medio;77,8;Bom;True;True;True;False;False;False;True;False;False;6;Media
22526;Massa d'Água #145796;;Irrigação;MS;DOURADINA;Não Classificado;Não Classificado;;;Agência Nacional de Águas e Saneamento Básico - ANA;;Não Classificada;;;Não;Não;;Não;;;;;;Sem Informação;;;;8638772,0;Córrego Panambi;Região Hidrográfica do PARANÁ;CBH do Rio Ivinhema;Federal;;;;;;;-22,0315;-54,61536;mínima;2021-01-26;NoData;NoData;2021,0;;Sem_Dado;;Sem_Dado;3;31;0;5;13;18;1;16;54;Dados Insuficientes;Medio;33,3;Parcial;True;True;True;True;True;True;True;False;False;7;Alta
22528;Massa d'Água #146702;;Irrigação;MS;IGUATEMI;Não Classificado;Não Classificado;;;Agência Nacional de Águas e Saneamento Básico - ANA;;Não Classificada;;;Não;Não;;Não;;;;;;Sem Informação;;;;86338,0;Rio Maracaí;Região Hidrográfica do PARANÁ;;Federal;;;;;;;-23,32072;-54,76967;mínima;2021-01-26;NoData;NoData;2021,0;;Sem_Dado;;Sem_Dado;3;31;0;5;13;18;1;16;54;Dados Insuficientes;Medio;33,3;Parcial;True;True;True;True;True;True;True;False;False;7;Alta
22533;Massa d'Água #147696;;Irrigação;ES;ARACRUZ;Não Classificado;Não Classificado;;;Agência Nacional de Águas e Saneamento Básico - ANA;;Não Classificada;;;Não;Não;;Não;;;;;;Sem Informação;;;;791136,0;Córrego Destacamento;Região Hidrográfica ATLÂNTICO SUDESTE;CBH das Bacias Hidrográficas Costeiras do Litoral Centro-Norte;Estadual;;;;;;;-19,87306;-40,23736;mínima;2021-01-26;0;0;2021,0;;Sem_Dado;;Sem_Dado;3;31;0;5;13;18;1;16;54;Dados Insuficientes;Medio;33,3;Parcial;True;True;True;True;True;True;True;False;False;7;Alta
20803;Fazenda Sombrio - Barragem 02;;Irrigação;BA;PEDRO ALEXANDRE;Não Classificado;Não Classificado;Leôncio José de Santana;Pessoa Física;Agência Nacional de Águas e Saneamento Básico - ANA;;Não Classificada;;;Não;Não;;Não;;;;;0,0;Sem Informação;;;;7611386,0;Rio do Cachorro;Região Hidrográfica ATLÂNTICO LESTE;São Francisco;Federal;;;;;Operação;2020-06-23 00:00:00;-10,01564;-37,86453;mínima;2020-06-23;NoData;NoData;2020,0;;Sem_Dado;;Sem_Dado;6;30;0;5;13;18;2;19;53;Dados Insuficientes;Medio;44,4;Parcial;True;True;True;True;True;True;True;False;False;7;Alta
21025;Fazenda Poço Branco;;Irrigação;TO;NOVO ALEGRE;Não Classificado;Não Classificado;Wanderley Tavares do Nascimento;Pessoa Física;Agência Nacional de Águas e Saneamento Básico - ANA;;Não Classificada;;;Não;Não;;Não;0,0;0,0;0,0;;0,0;Sem Informação;;;;6462946,0;Ribeirão Cachoeira;Região Hidrográfica do TOCANTINS-ARAGUAIA;;Federal;;;;;Operação;2020-07-02 00:00:00;-12,96133;-46,57592;mínima;2020-07-02;NoData;NoData;2020,0;0,0;Fundacao;0,0;Original;6;26;0;5;13;18;3;19;49;Baixo;Medio;66,7;Bom;True;True;True;False;False;True;True;False;False;6;Media
23803;Massa d'Água #236297;;Irrigação;MS;PONTA PORÃ;Não Classificado;Não Classificado;;;Agência Nacional de Águas e Saneamento Básico - ANA;;Não Classificada;;;Não;Não;;Não;;;;;;Sem Informação;;;;8638638,0;Córrego Tronqueira;Região Hidrográfica do PARANÁ;CBH do Rio Ivinhema;Estadual;;;;;;;-22,36656;-55,31683;mínima;2021-02-23;NoData;NoData;2021,0;;Sem_Dado;;Sem_Dado;3;31;0;5;13;18;1;16;54;Dados Insuficientes;Medio;33,3;Parcial;True;True;True;True;True;True;True;False;False;7;Alta
23805;Massa d'Água #236558;;Irrigação;MS;PARANHOS;Não Classificado;Não Classificado;;;Agência Nacional de Águas e Saneamento Básico - ANA;;Não Classificada;;;Não;Não;;Não;;;;;;Sem Informação;;;;86332,0;Rio Iguatemi;;;Federal;;;;;;;-23,75869;-55,43978;mínima;2021-02-23;NoData;NoData;2021,0;;Sem_Dado;;Sem_Dado;3;31;0;5;13;18;1;16;54;Dados Insuficientes;Medio;33,3;Parcial;True;True;True;True;True;True;True;False;False;7;Alta
23812;Massa d'Água #238386;;Irrigação;RS;PLANALTO;Não Classificado;Não Classificado;;;Agência Nacional de Águas e Saneamento Básico - ANA;;Não Classificada;;;Não;Não;;Não;;;;;;Sem Informação;;;;82772,0;Rio do Mel;Região Hidrográfica do URUGUAI;CBH do Várzea;Federal;;;;;;;-27,36433;-53,04392;mínima;2021-02-23;NoData;NoData;2021,0;;Sem_Dado;;Sem_Dado;3;31;0;5;13;18;1;16;54;Dados Insuficientes;Medio;33,3;Parcial;True;True;True;True;True;True;True;False;False;7;Alta
23754;Massa d'Água #223528;;Irrigação;BA;ILHÉUS;Não Classificado;Não Classificado;;;Agência Nacional de Águas e Saneamento Básico - ANA;;Não Classificada;;;Não;Não;;Não;;;;;;Sem Informação;;;;77752,0;Rio Curupitanga;Região Hidrográfica ATLÂNTICO LESTE;CBH do Leste;Estadual;;;;;;;-14,95875;-39,06389;mínima;2021-02-15;NoData;NoData;2021,0;;Sem_Dado;;Sem_Dado;3;31;0;5;13;18;1;16;54;Dados Insuficientes;Medio;33,3;Parcial;True;True;True;True;True;True;True;False;False;7;Alta
23770;Massa d'Água #227293;;Irrigação;BA;UNA;Não Classificado;Não Classificado;;;Agência Nacional de Águas e Saneamento Básico - ANA;;Não Classificada;;;Não;Não;;Não;;;;;;Sem Informação;;;;777564,0;Rio Maruim;Região Hidrográfica ATLÂNTICO LESTE;CBH do Leste;Estadual;;;;;;;-15,099;-39,22753;mínima;2021-02-15;NoData;NoData;2021,0;;Sem_Dado;;Sem_Dado;3;31;0;5;13;18;1;16;54;Dados Insuficientes;Medio;33,3;Parcial;True;True;True;True;True;True;True;False;False;7;Alta
20944;Fazenda Ylluz;;Irrigação;TO;ARAGUAÇU;Não Classificado;Não Classificado;Sidney Fiorini;Pessoa Física;Agência Nacional de Águas e Saneamento Básico - ANA;;Não Classificada;;;Não;Não;;Não;0,0;0,0;0,0;;0,0;Sem Informação;;;;66686,0;Rio Tiúba;Região Hidrográfica do TOCANTINS-ARAGUAIA;;Federal;;;;;Operação;2020-06-30 00:00:00;-12,96089;-49,923;mínima;2020-06-30;NoData;NoData;2020,0;0,0;Fundacao;0,0;Original;6;26;0;5;13;18;3;19;49;Baixo;Medio;66,7;Bom;True;True;True;False;False;True;True;False;False;6;Media
20947;Fazenda Juriti;;Irrigação;TO;TALISMÃ;Não Classificado;Não Classificado;José Rubens Rubio;Pessoa Física;Agência Nacional de Águas e Saneamento Básico - ANA;;Não Classificada;;;Não;Não;;Não;0,0;0,0;0,0;;0,0;Sem Informação;;;;64587112,0;Córrego Retiro;Região Hidrográfica do TOCANTINS-ARAGUAIA;;Federal;;;;;Operação;2020-06-30 00:00:00;-12,88786;-48,96547;mínima;2020-06-30;NoData;NoData;2020,0;0,0;Fundacao;0,0;Original;6;26;0;5;13;18;3;19;49;Baixo;Medio;66,7;Bom;True;True;True;False;False;True;True;False;False;6;Media
20949;Sítio Lambedor;;Irrigação;PE;ITAÍBA;Não Classificado;Não Classificado;Alderi Rodrigues Barros;Pessoa Física;Agência Nacional de Águas e Saneamento Básico - ANA;;Não Classificada;;;Não;Não;;Não;0,0;0,0;0,0;;0,0;Sem Informação;;;;7611832,0;Riacho da Velha Rosa;Região Hidrográfica do SÃO FRANCISCO;São Francisco;Federal;;;;;Operação;2020-06-30 00:00:00;-8,91328;-37,47883;mínima;2020-06-30;NoData;NoData;2020,0;0,0;Fundacao;0,0;Original;6;26;0;5;13;18;3;19;49;Baixo;Medio;66,7;Bom;True;True;True;False;False;True;True;False;False;6;Media
23503;Massa d'Água #185074;;Irrigação;MS;AMAMBAI;Não Classificado;Não Classificado;;;Agência Nacional de Águas e Saneamento Básico - ANA;;Não Classificada;;;Não;Não;;Não;;;;;;Sem Informação;;;;863454,0;Córrego Taquaribó;Região Hidrográfica do PARANÁ;;Federal;;;;;;;-22,971;-54,95103;mínima;2021-02-10;NoData;NoData;2021,0;;Sem_Dado;;Sem_Dado;3;31;0;5;13;18;1;16;54;Dados Insuficientes;Medio;33,3;Parcial;True;True;True;True;True;True;True;False;False;7;Alta
23513;Aldeia Mustem;Massa d'Água #189173;Aquicultura;MA;JENIPAPO DOS VIEIRAS;Não se Aplica;Baixo;Fundação Nacional dos Povos Indígenas - FUNAI;Órgãos - Público;Agência Nacional de Águas e Saneamento Básico - ANA;02501.008685/2025-83;Não;;;Não;Não;;Não;5,0;5,0;0,088;210,0;;Terra;Abastecimento humano;;;729254,0;SEM NOME;Região Hidrográfica ATLÂNTICO NORDESTE OCIDENTAL;CBH do Rio Mearim;Estadual;;;;;Operação;16-AUG-24;-5,52244;-45,58853;baixa;2021-02-10;NoData;NoData;2021,0;5,0;Fundacao;0,088;Original;6;25;0;5;13;18;4;19;48;Baixo;Medio;77,8;Bom;True;True;True;False;False;False;True;False;False;6;Media
23747;Massa d'Água #222103;;Irrigação;TO;ARRAIAS;Não Classificado;Não Classificado;;;Agência Nacional de Águas e Saneamento Básico - ANA;;Não Classificada;;;Não;Não;;Não;;;;;;Sem Informação;;;;6462948,0;SEM NOME;Região Hidrográfica do TOCANTINS-ARAGUAIA;;Federal;;;;;;;-12,96222;-46,69036;mínima;2021-02-15;NoData;NoData;2021,0;;Sem_Dado;;Sem_Dado;3;31;0;5;13;18;1;16;54;Dados Insuficientes;Medio;33,3;Parcial;True;True;True;True;True;True;True;False;False;7;Alta
23749;Massa d'Água #222299;;Irrigação;PR;RIBEIRÃO DO PINHAL;Não Classificado;Não Classificado;;;Agência Nacional de Águas e Saneamento Básico - ANA;;Não Classificada;;;Não;Não;;Não;;;;;;Sem Informação;;;;86442,0;Rio Laranjinha;Região Hidrográfica do PARANÁ;Paranapanema;Estadual;;;;;;;-23,30619;-50,4665;mínima;2021-02-15;NoData;NoData;2021,0;;Sem_Dado;;Sem_Dado;3;31;0;5;13;18;1;16;54;Dados Insuficientes;Medio;33,3;Parcial;True;True;True;True;True;True;True;False;False;7;Alta
23752;Massa d'Água #223214;;Irrigação;AL;SÃO BRÁS;Não Classificado;Não Classificado;;;Agência Nacional de Águas e Saneamento Básico - ANA;;Não Classificada;;;Não;Não;;Não;;;;;;Sem Informação;;;;76111974,0;Rio Tibiri;Região Hidrográfica do SÃO FRANCISCO;São Francisco;Estadual;;;;;;;-10,14394;-36,85419;mínima;2021-02-15;NoData;NoData;2021,0;;Sem_Dado;;Sem_Dado;3;31;0;5;13;18;1;16;54;Dados Insuficientes;Medio;33,3;Parcial;True;True;True;True;True;True;True;False;False;7;Alta
23755;Massa d'Água #223691;;Irrigação;MT;BRASNORTE;Não Classificado;Não Classificado;;;Agência Nacional de Águas e Saneamento Básico - ANA;;Não Classificada;;;Não;Não;;Não;;;;;;Sem Informação;;;;448476,0;SEM NOME;Região Hidrográfica AMAZÔNICA;;Estadual;;;;;;;-12,71403;-57,63331;mínima;2021-02-15;NoData;NoData;2021,0;;Sem_Dado;;Sem_Dado;3;31;0;5;13;18;1;16;54;Dados Insuficientes;Medio;33,3;Parcial;True;True;True;True;True;True;True;False;False;7;Alta
23499;Massa d'Água #183368;;Irrigação;RS;GETÚLIO VARGAS;Não Classificado;Não Classificado;;;Agência Nacional de Águas e Saneamento Básico - ANA;;Não Classificada;;;Não;Não;;Não;;;;;;Sem Informação;;;;827966,0;Rio Abaúna;Região Hidrográfica do URUGUAI;CBH do Rio Apuaê-Inhandava;Estadual;;;;;;;-27,82956;-52,20675;mínima;2021-02-10;NoData;NoData;2021,0;;Sem_Dado;;Sem_Dado;3;31;0;5;13;18;1;16;54;Dados Insuficientes;Medio;33,3;Parcial;True;True;True;True;True;True;True;False;False;7;Alta
23502;Massa d'Água #184975;;Irrigação;BA;UNA;Não Classificado;Não Classificado;;;Agência Nacional de Águas e Saneamento Básico - ANA;;Não Classificada;;;Não;Não;;Não;;;;;;Sem Informação;;;;777564,0;Rio Maruim;Região Hidrográfica ATLÂNTICO LESTE;CBH do Leste;Estadual;;;;;;;-15,06547;-39,20194;mínima;2021-02-10;NoData;NoData;2021,0;;Sem_Dado;;Sem_Dado;3;31;0;5;13;18;1;16;54;Dados Insuficientes;Medio;33,3;Parcial;True;True;True;True;True;True;True;False;False;7;Alta
23575;Massa d'Água #192699;;Irrigação;SP;IPERÓ;Não Classificado;Não Classificado;;;Agência Nacional de Águas e Saneamento Básico - ANA;;Não Classificada;;;Não;Não;;Não;;;;;;Sem Informação;;;;866874,0;Rio Ipanema;Região Hidrográfica do PARANÁ;CBH dos Rios Sorocaba e Médio Tietê;Estadual;;;;;;;-23,42383;-47,60614;mínima;2021-02-11;NoData;NoData;2021,0;;Sem_Dado;;Sem_Dado;3;31;0;5;13;18;1;16;54;Dados Insuficientes;Medio;33,3;Parcial;True;True;True;True;True;True;True;False;False;7;Alta
23580;Massa d'Água #193321;;Irrigação;BA;ILHÉUS;Não Classificado;Não Classificado;;;Agência Nacional de Águas e Saneamento Básico - ANA;;Não Classificada;;;Não;Não;;Não;;;;;;Sem Informação;;;;77754,0;Rio Aguípe;Região Hidrográfica ATLÂNTICO LESTE;CBH do Leste;Estadual;;;;;;;-14,98603;-39,073;mínima;2021-02-11;NoData;NoData;2021,0;;Sem_Dado;;Sem_Dado;3;31;0;5;13;18;1;16;54;Dados Insuficientes;Medio;33,3;Parcial;True;True;True;True;True;True;True;False;False;7;Alta
23849;Massa d'Água #243711;;Irrigação;DF;BRASÍLIA;Não Classificado;Não Classificado;;;Agência Nacional de Águas e Saneamento Básico - ANA;;Não Classificada;;;Não;Não;;Não;;;;;;Sem Informação;;;;648,0;Rio Maranhão;Região Hidrográfica do TOCANTINS-ARAGUAIA;CBH dos Afluentes do Rio Maranhão;Federal;;;;;;;-15,50264;-47,62303;mínima;2021-02-25;NoData;NoData;2021,0;;Sem_Dado;;Sem_Dado;3;31;0;5;13;18;1;16;54;Dados Insuficientes;Medio;33,3;Parcial;True;True;True;True;True;True;True;False;False;7;Alta
23765;Massa d'Água #226281;;Irrigação;BA;PRADO;Não Classificado;Não Classificado;;;Agência Nacional de Águas e Saneamento Básico - ANA;;Não Classificada;;;Não;Não;;Não;;;;;;Sem Informação;;;;;SEM NOME;Região Hidrográfica ATLÂNTICO LESTE;CBH dos Rios Frades, Buranhém e Santo Antônio;Federal;;;;;;;-17,12586;-39,24339;mínima;2021-02-15;NoData;NoData;2021,0;;Sem_Dado;;Sem_Dado;3;31;0;5;13;18;1;16;54;Dados Insuficientes;Medio;33,3;Parcial;True;True;True;True;True;True;True;False;False;7;Alta
23773;Massa d'Água #228198;;Irrigação;MS;AQUIDAUANA;Não Classificado;Não Classificado;;;Agência Nacional de Águas e Saneamento Básico - ANA;;Não Classificada;;;Não;Não;;Não;;;;;;Sem Informação;;;;8952442,0;SEM NOME;Região Hidrográfica do PARAGUAI;CBH do Rio Miranda;Estadual;;;;;;;-20,22667;-56,06222;mínima;2021-02-15;NoData;NoData;2021,0;;Sem_Dado;;Sem_Dado;3;31;0;5;13;18;1;16;54;Dados Insuficientes;Medio;33,3;Parcial;True;True;True;True;True;True;True;False;False;7;Alta
23775;Massa d'Água #229952;;Irrigação;SC;CHAPECÓ;Não Classificado;Não Classificado;;;Agência Nacional de Águas e Saneamento Básico - ANA;;Não Classificada;;;Não;Não;;Não;;;;;;Sem Informação;;;;8279314,0;Rio Monte Alegre;Região Hidrográfica do URUGUAI;CBH dos Rios Chapecó e Irani;Estadual;;;;;;;-27,20272;-52,56703;mínima;2021-02-15;NoData;NoData;2021,0;;Sem_Dado;;Sem_Dado;3;31;0;5;13;18;1;16;54;Dados Insuficientes;Medio;33,3;Parcial;True;True;True;True;True;True;True;False;False;7;Alta
20871;Sítio Jericó;PA Nossa Senhora Aparecida II - Barragem 02;Dessedentação Animal;PB;SÃO MAMEDE;Não se Aplica;Baixo;José Gouveia Guedes;Pessoa Física;Agência Nacional de Águas e Saneamento Básico - ANA;02501.001410/2026-08;Não Classificada;32/2026/SRB-ANA-SEI;;Não;Não;;Não;6,0;6,0;0,259;196,0;0,0;Terra;Irrigação;;;7562264,0;Riacho Jericó;Região Hidrográfica ATLÂNTICO NORDESTE ORIENTAL;Piranhas-Açu;Federal;;;;Não;Operação;2020-06-26 00:00:00;-6,89583;-37,18167;ótima;2020-06-26;NoData;NoData;2020,0;6,0;Fundacao;0,259;Original;8;23;0;5;13;18;4;21;46;Baixo;Medio;77,8;Bom;True;True;True;False;False;False;True;False;False;6;Media
20872;Fazenda Santo Antônio;;Irrigação;PB;SANTA LUZIA;Não Classificado;Não Classificado;Agnes da Silva Machado;Pessoa Física;Agência Nacional de Águas e Saneamento Básico - ANA;;Não Classificada;;;Não;Não;;Não;0,0;0,0;0,0;;0,0;Sem Informação;;;;7562492,0;SEM NOME;Região Hidrográfica ATLÂNTICO NORDESTE ORIENTAL;Piranhas-Açu;Federal;;;;;Operação;2020-06-27 00:00:00;-6,81989;-36,90544;mínima;2020-06-27;NoData;NoData;2020,0;0,0;Fundacao;0,0;Original;6;26;0;5;13;18;3;19;49;Baixo;Medio;66,7;Bom;True;True;True;False;False;True;True;False;False;6;Media
23851;Massa d'Água #243734;;Irrigação;AL;CACIMBINHAS;Não Classificado;Não Classificado;;;Agência Nacional de Águas e Saneamento Básico - ANA;;Não Classificada;;;Não;Não;;Não;;;;;;Sem Informação;;;;76112,0;Rio Traipu;Região Hidrográfica do SÃO FRANCISCO;São Francisco;Federal;;;;;;;-9,53178;-36,83708;mínima;2021-02-25;NoData;NoData;2021,0;;Sem_Dado;;Sem_Dado;3;31;0;5;13;18;1;16;54;Dados Insuficientes;Medio;33,3;Parcial;True;True;True;True;True;True;True;False;False;7;Alta
23863;Massa d'Água #243782;;Irrigação;BA;ENCRUZILHADA;Não Classificado;Não Classificado;;;Agência Nacional de Águas e Saneamento Básico - ANA;;Não Classificada;;;Não;Não;;Não;;;;;;Sem Informação;;;;7778716,0;Córrego do Mamoeiro;Região Hidrográfica ATLÂNTICO LESTE;;Federal;;;;;;;-15,60647;-41,17175;mínima;2021-02-25;NoData;NoData;2021,0;;Sem_Dado;;Sem_Dado;3;31;0;5;13;18;1;16;54;Dados Insuficientes;Medio;33,3;Parcial;True;True;True;True;True;True;True;False;False;7;Alta
23872;Massa d'Água #243830;;Irrigação;RN;BARAÚNA;Não Classificado;Não Classificado;;;Agência Nacional de Águas e Saneamento Básico - ANA;;Não Classificada;;;Não;Não;;Não;;;;;;Sem Informação;;;;75346,0;Córrego Virgílio;Região Hidrográfica ATLÂNTICO NORDESTE ORIENTAL;CBH do Rio Apodi - Mossoró;Federal;;;;;;;-4,90475;-37,47592;mínima;2021-02-25;NoData;NoData;2021,0;;Sem_Dado;;Sem_Dado;3;31;0;5;13;18;1;16;54;Dados Insuficientes;Medio;33,3;Parcial;True;True;True;True;True;True;True;False;False;7;Alta
23804;Massa d'Água #236500;;Irrigação;MS;AQUIDAUANA;Não Classificado;Não Classificado;;;Agência Nacional de Águas e Saneamento Básico - ANA;;Não Classificada;;;Não;Não;;Não;;;;;;Sem Informação;;;;8952444,0;SEM NOME;Região Hidrográfica do PARAGUAI;CBH do Rio Miranda;Estadual;;;;;;;-20,30247;-56,105;mínima;2021-02-23;NoData;NoData;2021,0;;Sem_Dado;;Sem_Dado;3;31;0;5;13;18;1;16;54;Dados Insuficientes;Medio;33,3;Parcial;True;True;True;True;True;True;True;False;False;7;Alta
23807;Massa d'Água #236763;;Irrigação;RS;EREBANGO;Não Classificado;Não Classificado;;;Agência Nacional de Águas e Saneamento Básico - ANA;;Não Classificada;;;Não;Não;;Não;;;;;;Sem Informação;;;;827922,0;Rio Cravo;Região Hidrográfica do URUGUAI;CBH de Passo Fundo;Estadual;;;;;;;-27,79856;-52,2455;mínima;2021-02-23;NoData;NoData;2021,0;;Sem_Dado;;Sem_Dado;3;31;0;5;13;18;1;16;54;Dados Insuficientes;Medio;33,3;Parcial;True;True;True;True;True;True;True;False;False;7;Alta
23864;Massa d'Água #243785;;Irrigação;SC;PORTO UNIÃO;Não Classificado;Não Classificado;;;Agência Nacional de Águas e Saneamento Básico - ANA;;Não Classificada;;;Não;Não;;Não;;;;;;Sem Informação;;;;8625922,0;Rio Santa Maria;Região Hidrográfica do PARANÁ;CBH do Rio Timbó;Federal;;;;;;;-26,32508;-51,12028;mínima;2021-02-25;NoData;NoData;2021,0;;Sem_Dado;;Sem_Dado;3;31;0;5;13;18;1;16;54;Dados Insuficientes;Medio;33,3;Parcial;True;True;True;True;True;True;True;False;False;7;Alta
23874;Massa d'Água #243835;;Irrigação;PB;NOVA PALMEIRA;Não Classificado;Não Classificado;;;Agência Nacional de Águas e Saneamento Básico - ANA;;Não Classificada;;;Não;Não;;Não;;;;;;Sem Informação;;;;75628668,0;SEM NOME;Região Hidrográfica ATLÂNTICO NORDESTE ORIENTAL;Piranhas-Açu;Federal;;;;;;;-6,61628;-36,48364;mínima;2021-02-25;NoData;NoData;2021,0;;Sem_Dado;;Sem_Dado;3;31;0;5;13;18;1;16;54;Dados Insuficientes;Medio;33,3;Parcial;True;True;True;True;True;True;True;False;False;7;Alta
22386;Massa d'Água #98948;;Irrigação;SC;SAUDADES;Não Classificado;Não Classificado;;;Agência Nacional de Águas e Saneamento Básico - ANA;;Não Classificada;;;Não;Não;;Não;;;;;;Sem Informação;;;;827824,0;Rio Araçá;Região Hidrográfica do URUGUAI;CBH dos Rios Chapecó e Irani;Estadual;;;;;;;-26,85583;-53,11419;mínima;2021-01-20;NoData;NoData;2021,0;;Sem_Dado;;Sem_Dado;3;31;0;5;13;18;1;16;54;Dados Insuficientes;Medio;33,3;Parcial;True;True;True;True;True;True;True;False;False;7;Alta
20838;Fazenda 3L - Barragem 03;;Irrigação;GO;OURO VERDE DE GOIÁS;Não Classificado;Não Classificado;Sebastião Célio Rodrigues da Cunha;Pessoa Física;Agência Nacional de Águas e Saneamento Básico - ANA;;Não Classificada;;;Não;Não;;Não;;;;;0,0;Sem Informação;;;;64,0;Rio Padre Souza;Região Hidrográfica do TOCANTINS-ARAGUAIA;CBH do Rio das Almas e Afluentes Goianos do Rio Maranhão;Federal;;;;;Operação;2020-06-25 00:00:00;-16,19533;-49,18311;mínima;2020-06-25;NoData;NoData;2020,0;;Sem_Dado;;Sem_Dado;6;30;0;5;13;18;2;19;53;Dados Insuficientes;Medio;44,4;Parcial;True;True;True;True;True;True;True;False;False;7;Alta
20844;Fazenda Campos de Fora;;Irrigação;GO;CABECEIRAS;Não Classificado;Não Classificado;Lawrence de Oliveira Couto;Pessoa Física;Agência Nacional de Águas e Saneamento Básico - ANA;;Não Classificada;;;Não;Não;;Não;;;;;0,0;Sem Informação;;;;76846,0;Córrego Poço Claro;Região Hidrográfica do SÃO FRANCISCO;São Francisco;Federal;;;;;Operação;2020-06-25 00:00:00;-15,87494;-46,95331;mínima;2020-06-25;0;0;2020,0;;Sem_Dado;;Sem_Dado;6;30;0;5;13;18;2;19;53;Dados Insuficientes;Medio;44,4;Parcial;True;True;True;True;True;True;True;False;False;7;Alta
21036;Sítio Poção;;Irrigação;RN;OURO BRANCO;Não se Aplica;Baixo;FRANCISCO LUCENA DE ARAÚJO FILHO;Pessoa Física;Agência Nacional de Águas e Saneamento Básico - ANA;02501.000930/2026-95;Não Classificada;24/2026/SRB-ANA-SEI;;Não;Não;;Não;3,0;3,0;0,09;;0,0;Sem Informação;;;;7562456,0;Riacho Poção;Região Hidrográfica ATLÂNTICO NORDESTE ORIENTAL;Piranhas-Açu;Federal;;;;;Operação;2020-07-02 00:00:00;-6,68917;-36,96228;ótima;2020-07-02;NoData;NoData;2020,0;3,0;Fundacao;0,09;Original;6;26;0;5;13;18;3;19;49;Baixo;Medio;66,7;Bom;True;True;True;False;False;True;True;False;False;6;Media
21054;Fazenda Fronteira;;Irrigação;AC;CAPIXABA;Não Classificado;Não Classificado;ASSUERO DOCA VERONEZ;Pessoa Física;Agência Nacional de Águas e Saneamento Básico - ANA;;Não Classificada;;;Não;Não;;Não;0,0;0,0;0,0;;0,0;Sem Informação;;;;463876,0;Igarapé Rapirrã;;;Federal;;;;;Operação;2020-07-02 00:00:00;-10,61631;-67,67975;mínima;2020-07-02;NoData;NoData;2020,0;0,0;Fundacao;0,0;Original;6;26;0;5;13;18;3;19;49;Baixo;Medio;66,7;Bom;True;True;True;False;False;True;True;False;False;6;Media
21618;Isolado Ibiraci;;Abastecimento humano;MG;IBIRACI;Não se Aplica;Baixo;COMPANHIA DE SANEAMENTO DE MINAS GERAIS - COPASA;;Agência Nacional de Águas e Saneamento Básico - ANA;02501.001369/2024-08;Não Classificada;;;Não;Não;;Não;2,8;2,8;0,0;;;Sem Informação;;;;868666,0;Ribeirão São Tomé e Rio Sapucaizinho;Região Hidrográfica do PARANÁ;Grande;Federal;;;;;Operação;1985-01-01 00:00:00;-20,50234;-47,06376;mínima;2020-11-18;0;0;2020,0;2,8;Fundacao;0,0;Original;4;24;0;5;13;18;3;17;47;Baixo;Medio;66,7;Bom;True;True;True;False;False;True;True;False;False;6;Media
22223;Massa d'Água #56662;;Irrigação;MT;SÃO FÉLIX DO ARAGUAIA;Não Classificado;Não Classificado;;;Agência Nacional de Águas e Saneamento Básico - ANA;;Não Classificada;;;Não;Não;;Não;;;;;;Sem Informação;;;;4254,0;Rio Comandante Fontoura;Região Hidrográfica AMAZÔNICA;;Estadual;;;;;;;-11,63239;-51,70872;mínima;2020-12-30;NoData;NoData;2020,0;;Sem_Dado;;Sem_Dado;3;31;0;5;13;18;1;16;54;Dados Insuficientes;Medio;33,3;Parcial;True;True;True;True;True;True;True;False;False;7;Alta
22392;Massa d'Água #101453;;Irrigação;MT;ALTO BOA VISTA;Não Classificado;Não Classificado;;;Agência Nacional de Águas e Saneamento Básico - ANA;;Não Classificada;;;Não;Não;;Não;;;;;;Sem Informação;;;;678244,0;Córrego Grande;Região Hidrográfica do TOCANTINS-ARAGUAIA;;Federal;;;;;;;-11,68439;-51,56678;mínima;2021-01-20;NoData;NoData;2021,0;;Sem_Dado;;Sem_Dado;3;31;0;5;13;18;1;16;54;Dados Insuficientes;Medio;33,3;Parcial;True;True;True;True;True;True;True;False;False;7;Alta
18096;Santa Casa;;Abastecimento humano;PB;BELÉM DO BREJO DO CRUZ;Alto;Médio;;;Agência Nacional de Águas e Saneamento Básico - ANA;02501.005099/2019-39;Sim;s/n;;Não;Não;;Não;;5,18;0,772;229,07;;Terra;;;;75632958,0;SEM NOME;Região Hidrográfica ATLÂNTICO NORDESTE ORIENTAL;Piranhas-Açu;Federal;;;;;Operação;2000-01-01 00:00:00;-6,19405;-37,61194;mínima;2019-09-12;0;0;2019,0;5,18;Terreno;0,772;Original;8;23;0;5;13;18;4;21;46;Baixo;Medio;66,7;Bom;True;True;True;False;False;False;True;True;False;8;Alta
18116;Espelho 1684;;Irrigação;PB;BREJO DO CRUZ;Alto;Médio;;;Agência Nacional de Águas e Saneamento Básico - ANA;02501.004220/2022-19;Sim;s/n;;Não;Não;;Não;;;;310,0;0,0;Terra;;;;75636,0;Riacho dos Bois;Região Hidrográfica ATLÂNTICO NORDESTE ORIENTAL;Piranhas-Açu;Federal;;;;;Operação;2000-01-01 00:00:00;-6,34562;-37,40056;mínima;2019-09-12;10.5;0.889;2019,0;;Sem_Dado;;Sem_Dado;8;27;0;5;13;18;3;21;50;Baixo;Medio;44,4;Parcial;True;True;True;True;True;False;True;True;False;9;Alta
18120;Barra de São Pedro;;Irrigação;RN;SERRA NEGRA DO NORTE;Não se Aplica;Baixo;Conselho de Desenvolvimento Comunitário da Barra de São Pedro;Outros - Privado;Agência Nacional de Águas e Saneamento Básico - ANA;02501.005102/2019-14;Não;s/n;;Não;Não;;Não;;3,5;0,48;273,0;;Terra;;;;7564,0;Rio Espinharas;Região Hidrográfica ATLÂNTICO NORDESTE ORIENTAL;Piranhas-Açu;Federal;;;;;Operação;2000-01-01 00:00:00;-6,44111;-37,38083;ótima;2019-09-12;0;0;2019,0;3,5;Terreno;0,48;Original;8;23;0;5;13;18;4;21;46;Baixo;Medio;77,8;Bom;True;True;True;False;False;False;True;False;False;6;Media
20964;Fazenda Juventina;;Abastecimento humano;SP;ESPÍRITO SANTO DO PINHAL;Não Classificado;Não Classificado;Maria Izabel Conceição Vergueiro;Pessoa Física;Agência Nacional de Águas e Saneamento Básico - ANA;;Não Classificada;;;Não;Não;;Não;;;;;0,0;Sem Informação;;;;8684932,0;Ribeirão da Cachoeira ou da Areia Branca e Ribeirão do Abertão;Região Hidrográfica do PARANÁ;Grande;Federal;;;;;Operação;2020-06-30 00:00:00;-22,216;-46,72056;mínima;2020-06-30;NoData;NoData;2020,0;;Sem_Dado;;Sem_Dado;6;30;0;5;13;18;2;19;53;Dados Insuficientes;Medio;44,4;Parcial;True;True;True;True;True;True;True;False;False;7;Alta
21066;Fazenda Belo Cruzeiro;;Irrigação;BA;MUCURI;Não Classificado;Não Classificado;FIBRIA CELULOSE S/A;;Agência Nacional de Águas e Saneamento Básico - ANA;02501.002576/2024-71;Não Classificada;;;Não;Não;;Não;;;;;0,0;Sem Informação;;;;7797844,0;Córrego Dourado;Região Hidrográfica ATLÂNTICO LESTE;;Federal;;;;Não;Desativada;01-MAY-14;-18,01233;-40,09197;mínima;2020-07-03;0;0;2020,0;;Sem_Dado;;Sem_Dado;3;31;0;5;13;18;2;16;54;Dados Insuficientes;Medio;44,4;Parcial;True;True;True;True;True;True;True;False;False;7;Alta
20902;Fazenda Vargem Grande;;Dessedentação Animal;MG;ITACARAMBI;Não se Aplica;Baixo;Instituto Chico Mendes de Conservação da Biodiversidade - ICMBIO;Órgãos - Público;Agência Nacional de Águas e Saneamento Básico - ANA;;Não;63/2025/SRB-ANA-SEI;;Não;Não;;Não;1,0;1,0;0,008;;0,0;Sem Informação;;;;76714,0;Rio Peruaçu;Região Hidrográfica do SÃO FRANCISCO;São Francisco;Estadual;;;;Não;Operação;2020-06-29 00:00:00;-15,11706;-44,21008;ótima;2020-06-29;0;0;2020,0;1,0;Fundacao;0,008;Original;6;26;0;5;13;18;3;19;49;Baixo;Medio;66,7;Bom;True;True;True;False;False;True;True;False;False;6;Media
20903;Fazenda Santa Fé;;Irrigação;MG;JEQUITINHONHA;Não Classificado;Não Classificado;Romário José Botelho;Pessoa Física;Agência Nacional de Águas e Saneamento Básico - ANA;;Não Classificada;;;Não;Não;;Não;0,0;0,0;0,0;;0,0;Sem Informação;;;;7781562,0;Córrego da Chácara;Região Hidrográfica ATLÂNTICO LESTE;CBH do Médio e Baixo Jequitinhonha;Estadual;;;;;Operação;2020-06-29 00:00:00;-16,26347;-41,07158;mínima;2020-06-29;NoData;NoData;2020,0;0,0;Fundacao;0,0;Original;6;26;0;5;13;18;3;19;49;Baixo;Medio;66,7;Bom;True;True;True;False;False;True;True;False;False;6;Media
18121;Boa Vista;;Abastecimento humano;RN;SERRA NEGRA DO NORTE;Não se Aplica;Baixo;Comunidade Boa Vista;;Agência Nacional de Águas e Saneamento Básico - ANA;191;Não;1702/2020;;Não;Não;;Não;0,0;3,5;0,86;176,0;;Terra;;;;75641132,0;SEM NOME;Região Hidrográfica ATLÂNTICO NORDESTE ORIENTAL;CBH do Rio Piancó-Piranhas-Açu;Federal;;;;;Operação;11-AUG-20;-6,47639;-37,37972;ótima;2019-09-12;NoData;NoData;2019,0;0,0;Fundacao;0,86;Original;5;24;0;5;13;18;4;18;47;Baixo;Medio;77,8;Bom;True;True;True;False;False;False;True;False;False;6;Media
20826;Fazendinhas Lagoa Formosa;;Irrigação;GO;PLANALTINA;Não Classificado;Não Classificado;Nivaldo Pereira Lopo;Pessoa Física;Agência Nacional de Águas e Saneamento Básico - ANA;;Não Classificada;;;Não;Não;;Não;0,0;0,0;0,0;;0,0;Sem Informação;;;;648,0;Rio Maranhão;Região Hidrográfica do TOCANTINS-ARAGUAIA;CBH do Rio das Almas e Afluentes Goianos do Rio Maranhão;Federal;;;;;Operação;2020-06-25 00:00:00;-15,48283;-47,55786;mínima;2020-06-25;NoData;NoData;2020,0;0,0;Fundacao;0,0;Original;6;26;0;5;13;18;3;19;49;Baixo;Medio;66,7;Bom;True;True;True;False;False;True;True;False;False;6;Media
23386;Massa d'Água #169571;;Irrigação;SC;TRÊS BARRAS;Não Classificado;Não Classificado;;;Agência Nacional de Águas e Saneamento Básico - ANA;;Não Classificada;;;Não;Não;;Não;;;;;;Sem Informação;;;;86292,0;Rio Canoinhas;Região Hidrográfica do PARANÁ;CBH do Rio Canoinhas;Estadual;;;;;;;-26,23678;-50,29439;mínima;2021-02-09;NoData;NoData;2021,0;;Sem_Dado;;Sem_Dado;3;31;0;5;13;18;1;16;54;Dados Insuficientes;Medio;33,3;Parcial;True;True;True;True;True;True;True;False;False;7;Alta
23638;Massa d'Água #204307;;Irrigação;MS;PARANHOS;Não Classificado;Não Classificado;;;Agência Nacional de Águas e Saneamento Básico - ANA;;Não Classificada;;;Não;Não;;Não;;;;;;Sem Informação;;;;86332936,0;Córrego Pacuri;Região Hidrográfica do PARANÁ;;Federal;;;;;;;-23,62667;-55,48103;mínima;2021-02-12;NoData;NoData;2021,0;;Sem_Dado;;Sem_Dado;3;31;0;5;13;18;1;16;54;Dados Insuficientes;Medio;33,3;Parcial;True;True;True;True;True;True;True;False;False;7;Alta
22565;Massa d'Água #151852;;Irrigação;MT;ALTO BOA VISTA;Não Classificado;Não Classificado;;;Agência Nacional de Águas e Saneamento Básico - ANA;;Não Classificada;;;Não;Não;;Não;;;;;;Sem Informação;;;;425498,0;Ribeirão das Traíras;Região Hidrográfica AMAZÔNICA;;Estadual;;;;;;;-11,79147;-51,70614;mínima;2021-01-27;NoData;NoData;2021,0;;Sem_Dado;;Sem_Dado;3;31;0;5;13;18;1;16;54;Dados Insuficientes;Medio;33,3;Parcial;True;True;True;True;True;True;True;False;False;7;Alta
20287;Santana;Carlos de Brito;Abastecimento humano;PE;PESQUEIRA;Alto;Alto;Companhia Pernambucana de Saneamento - COMPESA;Sociedades de Economia Mista - Público - Privado;Agência Nacional de Águas e Saneamento Básico - ANA;487;Sim;0;Sim;Sim;Não;2025-09-24;Não;20,0;20,0;1,2;314,0;0,0;Terra;;;;76114,0;Rio Ipanema;Região Hidrográfica do SÃO FRANCISCO;São Francisco;Estadual;2025-09-24;Regular;Atenção;;Operação;2000-01-01 00:00:00;-8,34219;-36,71406;boa;2020-04-20;0;0;2020,0;20,0;Fundacao;1,2;Original;9;24;4;4;5;5;4;18;33;Baixo;Baixo;100,0;Completo;False;False;True;False;False;False;False;True;True;6;Media
25857;Sítio Água da Lebre;;Irrigação;SP;IEPÊ;Não se Aplica;Baixo;Jaime Lino Alves;Pessoa Física;Agência Nacional de Águas e Saneamento Básico - ANA;;Não;1489/2021;;Não;Não;;Não;7,0;;0,03;85,0;1,2;Terra;;;;86432,0;Rio São Mateus;Região Hidrográfica do PARANÁ;CBH do Rio Paranapanema;Federal;;;;Não;Projeto;23-AUG-21;-22,74333;-50,97739;ótima;2021-08-24;0;0;2021,0;7,0;Fundacao;0,03;Original;5;24;0;5;13;18;4;18;47;Baixo;Medio;77,8;Bom;True;True;True;False;False;False;True;False;False;6;Media
22199;Massa d'Água #27848;;Irrigação;PB;PICUÍ;Não Classificado;Não Classificado;;;Agência Nacional de Águas e Saneamento Básico - ANA;;Não Classificada;;;Não;Não;;Não;;;;;;Sem Informação;;;;756296,0;Riacho do Cágado;Região Hidrográfica ATLÂNTICO NORDESTE ORIENTAL;Piranhas-Açu;Federal;;;;;;;-6,53381;-36,45331;mínima;2020-12-29;NoData;NoData;2020,0;;Sem_Dado;;Sem_Dado;3;31;0;5;13;18;1;16;54;Dados Insuficientes;Medio;33,3;Parcial;True;True;True;True;True;True;True;False;False;7;Alta
22478;Barragem - Marcon;Massa d'Água #132349;Dessedentação Animal;PR;LARANJEIRAS DO SUL;Não se Aplica;Baixo;Antonio José Marcon;Pessoa Física;Agência Nacional de Águas e Saneamento Básico - ANA;02501.004287/2024-15;Não;;;Não;Não;;Não;1,5;1,5;0,003;51,0;6679,74;Terra;;;;8632984,0;SEM NOME;Região Hidrográfica do PARANÁ;CBH dos rios Piquiri e Paraná II;Estadual;;;;;Operação;26-OCT-92;-25,19861;-52,35342;baixa;2021-01-22;0;0;2021,0;1,5;Fundacao;0,003;Original;5;24;0;5;13;18;4;18;47;Baixo;Medio;77,8;Bom;True;True;True;False;False;False;True;False;False;6;Media
22401;Fazenda São Francisco;Massa d'Água #104840;Irrigação;PR;IVATÉ;Não se Aplica;Baixo;Santa Maria Agropecuária Ltda.;Outros - Privado;Agência Nacional de Águas e Saneamento Básico - ANA;02501.004401/2024-07;Não;;;Não;Não;;Não;5,0;5,0;0,042;149,0;;Terra;Paisagismo;;;8636112,0;Córrego do Duzentos e Quinze;Região Hidrográfica do PARANÁ;CBH do Baixo Ivaí e Paraná I;Federal;;;;;Operação;1979-01-01 00:00:00;-23,44031;-53,40969;baixa;2021-01-20;NoData;0.042;2021,0;5,0;Fundacao;0,042;Original;6;21;0;5;13;18;4;19;44;Baixo;Medio;77,8;Bom;True;True;True;False;False;False;True;False;False;6;Media
22406;Massa d'Água #106134;;Irrigação;RS;PLANALTO;Não Classificado;Não Classificado;;;Agência Nacional de Águas e Saneamento Básico - ANA;;Não Classificada;;;Não;Não;;Não;;;;;;Sem Informação;;;;82772,0;Rio do Mel;Região Hidrográfica do URUGUAI;CBH do Várzea;Federal;;;;;;;-27,34183;-53,04025;mínima;2021-01-20;NoData;NoData;2021,0;;Sem_Dado;;Sem_Dado;3;31;0;5;13;18;1;16;54;Dados Insuficientes;Medio;33,3;Parcial;True;True;True;True;True;True;True;False;False;7;Alta
21646;Fazenda Córrego do Ouro;;Abastecimento humano;GO;SÃO MIGUEL DO ARAGUAIA;Não se Aplica;Baixo;Companhia Saneamento de Goiás S/A - SANEAGO;Sociedades de Economia Mista - Público - Privado;Agência Nacional de Águas e Saneamento Básico - ANA;02501.002572/2024-93;Não;;;Não;Não;;Não;2,0;2,0;0,003;;;Sem Informação;;;;666,0;Ribeirão Baião;Região Hidrográfica do TOCANTINS-ARAGUAIA;CBH Médio Araguaia;Federal;;;;;Operação;2020-11-23 00:00:00;-13,25595;-50,21573;baixa;2020-11-23;0;0;2020,0;2,0;Fundacao;0,003;Original;6;26;0;5;13;18;3;19;49;Baixo;Medio;66,7;Bom;True;True;True;False;False;True;True;False;False;6;Media
23819;Massa d'Água #241628;;Irrigação;RS;CACIQUE DOBLE;Não Classificado;Não Classificado;;;Agência Nacional de Águas e Saneamento Básico - ANA;;Não Classificada;;;Não;Não;;Não;;;;;;Sem Informação;;;;827982,0;Rio dos Índios;Região Hidrográfica do URUGUAI;CBH do Rio Apuaê-Inhandava;Estadual;;;;;;;-27,80394;-51,67269;mínima;2021-02-23;NoData;NoData;2021,0;;Sem_Dado;;Sem_Dado;3;31;0;5;13;18;1;16;54;Dados Insuficientes;Medio;33,3;Parcial;True;True;True;True;True;True;True;False;False;7;Alta
23834;Massa d'Água #243538;;Irrigação;ES;PEDRO CANÁRIO;Não Classificado;Não Classificado;;;Agência Nacional de Águas e Saneamento Básico - ANA;;Não Classificada;;;Não;Não;;Não;;;;;;Sem Informação;;;;7797878,0;Córrego do Seis;Região Hidrográfica ATLÂNTICO LESTE;CBH do Rio Itaúnas;Federal;;;;;;;-18,03675;-40,16922;mínima;2021-02-23;NoData;NoData;2021,0;;Sem_Dado;;Sem_Dado;3;31;0;5;13;18;1;16;54;Dados Insuficientes;Medio;33,3;Parcial;True;True;True;True;True;True;True;False;False;7;Alta
20789;Fazenda Boa Esperança;;Irrigação;BA;TREMEDAL;Não Classificado;Não Classificado;Celi José dos Santos;Pessoa Física;Agência Nacional de Águas e Saneamento Básico - ANA;;Não Classificada;;;Não;Não;;Não;0,0;0,0;0,0;;0,0;Sem Informação;;;;77786,0;Córrego Mangueira;Região Hidrográfica ATLÂNTICO LESTE;;Federal;;;;;Operação;2020-06-23 00:00:00;-15,25764;-41,40186;mínima;2020-06-23;NoData;NoData;2020,0;0,0;Fundacao;0,0;Original;6;26;0;5;13;18;3;19;49;Baixo;Medio;66,7;Bom;True;True;True;False;False;True;True;False;False;6;Media
20796;Barragem Pau Verde;;Irrigação;BA;ENCRUZILHADA;Alto;Médio;Wagner Lopes Correia ;Pessoa Física;Agência Nacional de Águas e Saneamento Básico - ANA;02501.002942/2024-92;Sim;558;;Não;Não;;Não;6,0;6,0;0,071;;0,0;Terra;;B;;77787166,0;Rio Mundo Novo;Região Hidrográfica ATLÂNTICO LESTE;;Federal;2025-03-14;Regular;Alerta;Não;Operação;2020-06-23 00:00:00;-15,69711;-41,28008;boa;2020-06-23;0;0;2020,0;6,0;Fundacao;0,071;Original;6;26;8;8;13;18;3;27;52;Alto;Alto;77,8;Bom;True;True;True;False;False;True;False;True;False;9;Alta
21030;Fazenda Carnaúba;;Irrigação;RN;SERRA NEGRA DO NORTE;Não Classificado;Não Classificado;ANTÔNIO BEZERRA DE FARIA SOBRINHO;Pessoa Física;Agência Nacional de Águas e Saneamento Básico - ANA;;Não Classificada;;;Não;Não;;Não;0,0;0,0;0,0;;0,0;Sem Informação;;;;756516,0;Riacho do Feijão;Região Hidrográfica ATLÂNTICO NORDESTE ORIENTAL;Piranhas-Açu;Federal;;;;;Operação;2020-07-02 00:00:00;-6,58858;-37,45392;mínima;2020-07-02;NoData;NoData;2020,0;0,0;Fundacao;0,0;Original;6;26;0;5;13;18;3;19;49;Baixo;Medio;66,7;Bom;True;True;True;False;False;True;True;False;False;6;Media
21033;Pedras Altas;Morada Nova – SRE 122;Irrigação;RN;PATU;Não Classificado;Não Classificado;SERGIO SEGUNDO MAIA DE VASCONCELOS;Pessoa Física;Agência Nacional de Águas e Saneamento Básico - ANA;02501.001527/2015-21;Não Classificada;;;Não;Não;;Não;7,02;7,02;1,2;;0,0;Sem Informação;;;;75632966,0;SEM NOME;Região Hidrográfica ATLÂNTICO NORDESTE ORIENTAL;Piranhas-Açu;Federal;;;;Não;Operação;2020-07-02 00:00:00;-6,18411;-37,67769;baixa;2020-07-02;0;0;2020,0;7,02;Fundacao;1,2;Original;6;26;0;5;13;18;3;19;49;Baixo;Medio;66,7;Bom;True;True;True;False;False;True;True;False;False;6;Media
23789;Massa d'Água #234042;;Irrigação;MT;ALTO BOA VISTA;Não Classificado;Não Classificado;;;Agência Nacional de Águas e Saneamento Básico - ANA;;Não Classificada;;;Não;Não;;Não;;;;;;Sem Informação;;;;4254978,0;Córrego das Cabaças;Região Hidrográfica AMAZÔNICA;;Estadual;;;;;;;-11,76028;-51,87864;mínima;2021-02-17;NoData;NoData;2021,0;;Sem_Dado;;Sem_Dado;3;31;0;5;13;18;1;16;54;Dados Insuficientes;Medio;33,3;Parcial;True;True;True;True;True;True;True;False;False;7;Alta
19018;DURH9062;;Regularização de vazão;MS;LAGUNA CARAPÃ;Não se Aplica;Baixo;ESPÓLIO DE JOÃO VERDIER;Pessoa Física;Agência Nacional de Águas e Saneamento Básico - ANA;DURH 9062;Não;9062;;Não;Não;;Não;0,0;2,48;0,004;;;Sem Informação;;;;8634,0;Rio Amambaí;Região Hidrográfica do PARANÁ;;Federal;;;;;Operação;2000-01-01 00:00:00;-22,87803;-54,88708;ótima;2019-11-05;0;0;2019,0;0,0;Fundacao;0,004;Original;5;25;0;5;13;18;3;18;48;Baixo;Medio;66,7;Bom;True;True;True;False;False;True;True;False;False;6;Media
19019;DURH9061;;Regularização de vazão;MS;LAGUNA CARAPÃ;Não se Aplica;Baixo;ESPÓLIO DE JOÃO VERDIER;Pessoa Física;Agência Nacional de Águas e Saneamento Básico - ANA;DURH 9061;Não;9061;;Não;Não;;Não;;4,36;0,005;;;Sem Informação;;;;8634,0;Rio Amambaí;Região Hidrográfica do PARANÁ;;Federal;;;;;Operação;2000-01-01 00:00:00;-22,87497;-54,87256;ótima;2019-11-05;0;0;2019,0;4,36;Terreno;0,005;Original;5;25;0;5;13;18;3;18;48;Baixo;Medio;66,7;Bom;True;True;True;False;False;True;True;False;False;6;Media
22275;Massa d'Água #73742;;Irrigação;SC;ABELARDO LUZ;Não Classificado;Não Classificado;;;Agência Nacional de Águas e Saneamento Básico - ANA;;Não Classificada;;;Não;Não;;Não;;;;;;Sem Informação;;;;8278932,0;Lajeado Grande;Região Hidrográfica do URUGUAI;CBH dos Rios Chapecó e Irani;Estadual;;;;;;;-26,65272;-52,40928;mínima;2021-01-11;NoData;NoData;2021,0;;Sem_Dado;;Sem_Dado;3;31;0;5;13;18;1;16;54;Dados Insuficientes;Medio;33,3;Parcial;True;True;True;True;True;True;True;False;False;7;Alta
36608;Sítio Morada Nova 2;;Dessedentação Animal;PB;NOVA PALMEIRA;Não Classificado;Não Classificado;Erly Joan Souto de Medeiros;Pessoa Física;Agência Nacional de Águas e Saneamento Básico - ANA;;Não Classificada;;;Não;Não;;Não;11,0;11,0;0,418;235,0;;Terra;;;;756286,0;SEM NOME;Região Hidrográfica ATLÂNTICO NORDESTE ORIENTAL;Piranhas-Açu;Federal;;;;Não;Operação;2013-06-01 00:00:00;-6,71679;-36,40433;baixa;2026-04-06;;;;11,0;Fundacao;0,418;Original;8;23;0;5;13;18;4;21;46;Baixo;Medio;77,8;Bom;True;True;True;False;False;False;True;False;False;6;Media
27398;Cupissura;;Abastecimento humano;PB;CAAPORÃ;Não se Aplica;Alto;Companhia de Água e Esgotos da Paraíba;;Agência Nacional de Águas e Saneamento Básico - ANA;02501.004778/2022-96;Sim;2377/2022;;Não;Não;;Não;19,0;19,0;9,53;;;Sem Informação;;A;;75914,0;Rio Dois Rios;Região Hidrográfica ATLÂNTICO NORDESTE ORIENTAL;CBH do Litoral Sul;Federal;;;;;Projeto;09-AUG-19;-7,46975;-34,94336;boa;2022-10-10;0;0;2022,0;19,0;Fundacao;9,53;Original;4;28;0;5;13;18;3;17;51;Baixo;Medio;66,7;Bom;True;True;True;False;False;True;True;True;True;11;Urgente
35011;Fazenda Muro de Pedra;Córrego Vendinha;Paisagismo;MG;BOTELHOS;Não se Aplica;Baixo;Lucas Antônio Gonçalves Franco;Pessoa Física;Agência Nacional de Águas e Saneamento Básico - ANA;;Não Classificada;40/2025/SRB-ANA-SEI;;Não;Não;;Não;2,0;2,0;0,017;;;Sem Informação;;;;8684278,0;Ribeirão Bom Jesus;Região Hidrográfica do PARANÁ;Grande;Federal;;;;;Operação;2021-01-01 00:00:00;-21,61028;-46,41222;ótima;2025-05-21;;;;2,0;Fundacao;0,017;Original;7;27;0;5;13;18;3;20;50;Baixo;Medio;66,7;Bom;True;True;True;False;False;True;True;False;False;6;Media
31537;Barragem Boqueirão do Pio;;Irrigação;BA;CÂNDIDO SALES;Não Classificado;Alto;Brazilian Forestry Empreendimentos Florestais Ltda (Filial);Empresas em Geral - Privado;Agência Nacional de Águas e Saneamento Básico - ANA;02501.002943/2024-37;Sim;2450/2023;;Não;Não;;Não;27,5;27,5;6,743;;;Sem Informação;;A;;7778732,0;Boqueirão do Pio;Região Hidrográfica ATLÂNTICO LESTE;;Federal;;;;;Planejamento;25-OCT-23;-15,46058;-41,39511;média;2024-05-28;0;0;2024,0;27,5;Fundacao;6,743;Original;4;28;0;5;13;18;3;17;51;Baixo;Medio;66,7;Bom;True;True;True;False;False;True;True;True;True;11;Urgente
35031;Barragem Fazenda Mumbuca;Soleira de nível;Irrigação;BA;ENCRUZILHADA;Não se Aplica;Baixo;LUIZ AUGUSTO PEREIRA MONGUILOD;Pessoa Física;Agência Nacional de Águas e Saneamento Básico - ANA;;Não Classificada;59/2025/SRB-ANA-SEI;;Não;Não;;Não;4,0;4,0;0,107;;;Sem Informação;;;;7778,0;Rio Pardo;Região Hidrográfica ATLÂNTICO LESTE;;Federal;;;;;Projeto;2025-06-02 00:00:00;-15,51275;-41,26956;ótima;2025-06-04;;;;4,0;Fundacao;0,107;Original;7;27;0;5;13;18;3;20;50;Baixo;Medio;66,7;Bom;True;True;True;False;False;True;True;False;False;6;Media
1724;Barragem no Ribeirão Samambaia - Zoobotânica;;Regularização de vazão;DF;BRASÍLIA;Alto;Médio;DAVI NETO PALUDO;Pessoa Física;Agência Nacional de Águas e Saneamento Básico - ANA;02501.001449/2015-64;Sim;307;Sim;Não;Não;;Não;6,7;6,7;1,0;272,0;;Terra;Abastecimento humano;B;;86,0; Rio Samambaia;Região Hidrográfica do PARANÁ;Paranaíba;Federal;;;;;Operação;2000-01-01 00:00:00;-16,04889;-47,59694;boa;2019-02-11;0;0;2019,0;6,7;Fundacao;1,0;Original;8;23;0;5;13;13;4;21;41;Baixo;Medio;88,9;Bom;False;True;True;False;False;False;True;True;False;6;Media
7699;Pão de Açúcar;;Abastecimento humano;PE;PESQUEIRA;Alto;Alto;Fundação Nacional dos Povos Indígenas - FUNAI;Órgãos - Público;Agência Nacional de Águas e Saneamento Básico - ANA;166;Sim;s/n;Não;Não;Não;2025-06-04;Não;;39,0;34,231;640,0;0,0;Alvenaria;;A;;75934,0;Rio Ipojuca;Região Hidrográfica ATLÂNTICO NORDESTE ORIENTAL;CBH do Rio Ipojuca;Estadual;;;;;Operação;1987-03-09 00:00:00;-8,27206;-36,70047;boa;2019-09-12;0;0;2019,0;39,0;Terreno;34,231;Original;8;23;0;5;18;18;4;26;46;Baixo;Medio;88,9;Bom;True;True;True;False;False;False;True;True;True;11;Urgente
33;Poleiros;;Abastecimento humano;PB;BARRA DE SANTA ROSA;Alto;Alto;Secretaria de Estado da Infraestrutura e Recursos Hídricos;Órgãos - Público;Agência Nacional de Águas e Saneamento Básico - ANA;26;Sim;4102014;Sim;Sim;Sim;2025-09-01;Não;25,0;25,0;7,93;430,0;0,0;Terra;Combate às secas;;;75766,0;Riacho Peleiro;Região Hidrográfica ATLÂNTICO NORDESTE ORIENTAL;;Federal;2025-09-01;Regular;Atenção;;Operação;1986-01-01 00:00:00;-6,73144;-36,08864;ótima;2018-03-22;NoData;NoData;2018,0;25,0;Fundacao;7,93;Original;8;23;4;4;0;0;4;12;27;Baixo;Baixo;100,0;Completo;False;False;False;False;False;False;False;True;True;5;Media
90;Jati - PISF ;;Abastecimento humano;CE;JATI;Baixo;Alto;Ministério da Integração Nacional;Órgãos - Público;Agência Nacional de Águas e Saneamento Básico - ANA;02501.000542/2017-13;Sim;1133;Sim;Sim;Sim;2022-12-13;Não;69,4;69,4;27,88;1885,0;;Terra;Combate às secas;A;;752498,0;Riacho Jurema;Região Hidrográfica ATLÂNTICO NORDESTE ORIENTAL;CBH do Rio Salgado;Federal;2025-04-03;Regular;Atenção;;Operação;2020-01-01 00:00:00;-7,70732;-39,01366;ótima;2018-03-21;0;0;2018,0;69,4;Fundacao;27,88;Original;14;29;4;4;0;0;4;18;33;Baixo;Baixo;100,0;Completo;False;False;False;False;False;False;False;True;True;5;Media
137;Fronteiras;;Abastecimento humano;CE;CRATEÚS;Não se Aplica;Alto;Departamento Nacional de Obras Contra as Secas - DNOCS - CE;Autarquias - Público;Agência Nacional de Águas e Saneamento Básico - ANA;205;Sim;198/2017;;Não;Não;;Não;36,5;36,5;488,18;1740,0;;Terra;Irrigação;;;742,0;Rio Poti;Região Hidrográfica do PARNAÍBA;Parnaíba;Federal;;;;;Projeto;24-FEB-10;-5,04556;-40,90558;boa;2018-08-27;0;0;2018,0;36,5;Fundacao;488,18;Original;10;29;0;5;13;18;4;23;52;Baixo;Medio;77,8;Bom;True;True;True;False;False;False;True;True;True;11;Urgente
139;rio Jaguari-Mirim;;Regularização de vazão;SP;SÃO JOÃO DA BOA VISTA;Não se Aplica;Alto;Prefeitura Municipal de São João da Boa Vista;Órgãos - Público;Agência Nacional de Águas e Saneamento Básico - ANA;02501.000561/2017-40;Sim;449;;Não;Não;;Não;8,0;8,0;1,501;335,0;;Terra;Defesa contra inundações;;;86846,0;Rio Jaguari-mirim;Região Hidrográfica do PARANÁ;Grande;Federal;;;;;Projeto;03-SEP-12;-21,98753;-46,81003;boa;2019-04-22;0;0;2019,0;8,0;Fundacao;1,501;Original;6;25;0;5;13;18;4;19;48;Baixo;Medio;77,8;Bom;True;True;True;False;False;False;True;True;True;11;Urgente
101;Braúnas - PISF ;;Abastecimento humano;PE;FLORESTA;Baixo;Alto;Ministério da Integração Nacional;Órgãos - Público;Agência Nacional de Águas e Saneamento Básico - ANA;02501.000516/2017-95;Sim;1133;Sim;Sim;Sim;2025-04-26;Não;37,1;37,1;15,17;691,0;;Terra;Combate às secas;;;76119652,0;Riacho do Poço;Região Hidrográfica do SÃO FRANCISCO;São Francisco;Federal;2025-05-16;Regular;Normal;;Operação;09-DEC-19;-8,69956;-38,28397;ótima;2018-03-21;0;0;2018,0;37,1;Fundacao;15,17;Original;8;27;2;2;0;0;4;10;29;Baixo;Baixo;100,0;Completo;False;False;False;False;False;False;False;True;True;5;Media
42;Dinamarca;;Abastecimento humano;RN;SERRA NEGRA DO NORTE;Médio;Alto;Prefeitura Municipal de Serra Negra do Norte;Órgãos - Público;Agência Nacional de Águas e Saneamento Básico - ANA;36;Sim;3142012;;Não;Não;2022-03-30;Não;8,3;8,3;6,0;308,0;0,0;Alvenaria;Combate às secas;;;7564,0;Rio Espinharas;Região Hidrográfica ATLÂNTICO NORDESTE ORIENTAL;Piranhas-Açu;Federal;2022-02-25;Regular;Atenção;;Operação;1995-01-01 00:00:00;-6,67056;-37,38667;boa;2017-03-24;0;0;2017,0;8,3;Fundacao;6,0;Original;6;21;4;4;13;18;4;23;43;Baixo;Medio;88,9;Bom;True;True;True;False;False;False;False;True;True;10;Urgente
46;Itans;;Regularização de vazão;RN;CAICÓ;Médio;Alto;Departamento Nacional de Obras Contra as Secas - DNOCS - RN;Autarquias - Público;Agência Nacional de Águas e Saneamento Básico - ANA;02501.001537/2015-66;Sim;3932014;Sim;Sim;Sim;2023-10-17;Não;25,0;25,0;81,75;1344,0;0,0;Terra;Abastecimento humano;;;75624,0;Rio Barra Nova;Região Hidrográfica ATLÂNTICO NORDESTE ORIENTAL;Piranhas-Açu;Federal;2025-11-13;Regular;Alerta;Não;Operação;2035-01-01 00:00:00;-6,48889;-37,06694;ótima;2017-08-23;0;0;2017,0;25,0;Fundacao;81,75;Original;13;28;8;8;0;0;4;21;36;Alto;Alto;100,0;Completo;False;False;False;False;False;False;False;True;True;7;Alta
55;Governador Dionísio Machado;;Abastecimento humano;SE;LAGARTO;Médio;Alto;Companhia de Desenvolvimento de Recursos Hídricos e Irrigação de Sergipe;Órgãos - Público;Agência Nacional de Águas e Saneamento Básico - ANA;02501.001439/2015-29;Sim;6932014;Não;Não;Não;2023-02-28;Não;20,0;20,0;15,0;471,0;;Alvenaria;Irrigação;;;77182,0;Rio Piauí;Região Hidrográfica ATLÂNTICO LESTE;CBH do Rio Piauí (SE);Federal;2013-02-19;Regular;Normal;;Operação;1985-01-01 00:00:00;-10,96111;-37,66486;boa;2017-04-04;0;0;2017,0;20,0;Fundacao;15,0;Original;7;22;2;2;18;18;4;27;42;Baixo;Medio;100,0;Completo;True;True;True;False;False;False;False;True;True;10;Urgente
56;Cachoeira I;;Regularização de vazão;PE;SERTÂNIA;Médio;Alto;Departamento Nacional de Obras Contra as Secas - DNOCS - CE;Autarquias - Público;Agência Nacional de Águas e Saneamento Básico - ANA;02501.001440/2015-53;Sim;3982014;;Não;Não;2025-04-23;Não;21,5;21,5;5,95;397,0;0,0;Terra;Abastecimento humano;;;76118,0;Rio Moxotó;Região Hidrográfica do SÃO FRANCISCO;São Francisco;Federal;2025-06-27;Regular;Alerta;;Operação;2036-01-01 00:00:00;-8,06694;-37,22242;boa;2017-03-29;0;0;2017,0;21,5;Fundacao;5,95;Original;11;26;8;8;13;18;4;32;52;Alto;Alto;88,9;Bom;True;True;True;False;False;False;False;True;True;12;Urgente
94;Cipó - PISF ;;Abastecimento humano;CE;BREJO SANTO;Baixo;Alto;Ministério da Integração Nacional;Órgãos - Público;Agência Nacional de Águas e Saneamento Básico - ANA;02501.000546/2017-00;Sim;1133;Sim;Sim;Sim;2022-09-21;Não;25,65;25,65;6,98;616,0;;Terra;Regularização de vazão;A;;752497562,0;SEM NOME;Região Hidrográfica ATLÂNTICO NORDESTE ORIENTAL;CBH do Rio Salgado;Federal;2025-07-14;Regular;Normal;;Operação;2019-01-01 00:00:00;-7,57294;-38,84322;ótima;2018-03-21;0;0;2018,0;25,65;Fundacao;6,98;Original;10;25;2;2;0;0;4;12;27;Baixo;Baixo;100,0;Completo;False;False;False;False;False;False;False;True;True;5;Media
107;Copiti - PISF;;Abastecimento humano;PE;CUSTÓDIA;Médio;Alto;Ministério da Integração Nacional;Órgãos - Público;Agência Nacional de Águas e Saneamento Básico - ANA;02501.000522/2017-42;Sim;1133;Sim;Sim;Sim;2025-04-24;Não;17,22;17,22;6,32;1971,0;;Terra;Combate às secas;;;761185672,0;SEM NOME;Região Hidrográfica do SÃO FRANCISCO;São Francisco;Federal;2025-12-11;Regular;Atenção;;Operação;09-DEC-19;-8,25922;-37,71325;ótima;2018-03-21;0;0;2018,0;17,22;Fundacao;6,32;Original;9;28;4;4;0;0;4;13;32;Baixo;Baixo;100,0;Completo;False;False;False;False;False;False;False;True;True;5;Media
109;Barreiro - PISF;;Abastecimento humano;PE;SERTÂNIA;Baixo;Alto;Ministério da Integração Nacional;Órgãos - Público;Agência Nacional de Águas e Saneamento Básico - ANA;02501.000524/2017-31;Sim;1133;Sim;Sim;Sim;2025-04-23;Não;14,39;14,39;2,61;721,0;;Terra;Combate às secas;;;76118984,0;Riacho Barreiro;Região Hidrográfica do SÃO FRANCISCO;São Francisco;Federal;2025-07-15;Regular;Normal;;Operação;09-DEC-19;-8,07803;-37,38061;ótima;2018-03-21;0;0;2018,0;14,39;Fundacao;2,61;Original;6;25;2;2;0;0;4;8;27;Baixo;Baixo;100,0;Completo;False;False;False;False;False;False;False;True;True;5;Media
14567;# Álvaro Adilio Althaus;;Irrigação;RS;GRAMADO DOS LOUREIROS;Não se Aplica;Baixo;Álvaro Adilio Althaus;Pessoa Física;Agência Nacional de Águas e Saneamento Básico - ANA;02501.004807/2021-39;Não;s/n;;Não;Não;;Não;;;;;;Sem Informação;;;;827914,0;Lajeado Grande;Região Hidrográfica do URUGUAI;CBH do Várzea;Estadual;;;;;Sem Informação;2000-01-01 00:00:00;-27,38861;-52,89149;mínima;2019-09-12;6.4;0.004;2019,0;;Sem_Dado;;Sem_Dado;5;29;0;5;13;18;2;18;52;Dados Insuficientes;Medio;44,4;Parcial;True;True;True;True;True;True;True;False;False;7;Alta
22636;Massa d'Água #166445;;Irrigação;MG;ORIZÂNIA;Não Classificado;Não Classificado;;;Agência Nacional de Águas e Saneamento Básico - ANA;;Não Classificada;;;Não;Não;;Não;;;;;;Sem Informação;;;;79224,0;Ribeirão da Providência;Região Hidrográfica ATLÂNTICO SUDESTE;Paraíba do Sul;Federal;;;;;;;-20,438;-42,19714;mínima;2021-01-28;NoData;NoData;2021,0;;Sem_Dado;;Sem_Dado;3;31;0;5;13;18;1;16;54;Dados Insuficientes;Medio;33,3;Parcial;True;True;True;True;True;True;True;False;False;7;Alta
22642;Massa d'Água #167255;;Irrigação;SP;SÃO PAULO;Não Classificado;Não Classificado;;;Agência Nacional de Águas e Saneamento Básico - ANA;;Não Classificada;;;Não;Não;;Não;;;;;;Sem Informação;;;;79396,0;Rio Branco;Região Hidrográfica ATLÂNTICO SUDESTE;CBH da Baixada Santista;Federal;;;;;;;-23,89;-46,65019;mínima;2021-01-28;NoData;NoData;2021,0;;Sem_Dado;;Sem_Dado;3;31;0;5;13;18;1;16;54;Dados Insuficientes;Medio;33,3;Parcial;True;True;True;True;True;True;True;False;False;7;Alta
23397;Massa d'Água #172191;;Irrigação;BA;ILHÉUS;Não Classificado;Não Classificado;;;Agência Nacional de Águas e Saneamento Básico - ANA;;Não Classificada;;;Não;Não;;Não;;;;;;Sem Informação;;;;777426,0;Rio Santaninha;Região Hidrográfica ATLÂNTICO LESTE;CBH do Leste;Estadual;;;;;;;-14,96994;-39,13508;mínima;2021-02-09;NoData;NoData;2021,0;;Sem_Dado;;Sem_Dado;3;31;0;5;13;18;1;16;54;Dados Insuficientes;Medio;33,3;Parcial;True;True;True;True;True;True;True;False;False;7;Alta
22309;Massa d'Água #79752;;Paisagismo;PR;INÁCIO MARTINS;Não se Aplica;Baixo;Fundação Nacional dos Povos Indígenas - FUNAI;Órgãos - Público;Agência Nacional de Águas e Saneamento Básico - ANA;02501.004409/2024-65;Não;131/2025/SRB-ANA-SEI;;Não;Não;;Não;2,3;2,3;0,006;178,0;0,77;Terra;;;;86256,0;Rio da Areia;Região Hidrográfica do PARANÁ;;Estadual;;;;;Operação;1996-01-01 00:00:00;-25,76943;-51,24533;ótima;2021-01-18;NoData;NoData;2021,0;2,3;Fundacao;0,006;Original;7;22;0;5;13;18;4;20;45;Baixo;Medio;77,8;Bom;True;True;True;False;False;False;True;False;False;6;Media
22376;Massa d'Água #95003;;Irrigação;AL;SÃO SEBASTIÃO;Não Classificado;Não Classificado;;;Agência Nacional de Águas e Saneamento Básico - ANA;;Não Classificada;;;Não;Não;;Não;;;;;;Sem Informação;;;;761118,0;Riacho Boacica;Região Hidrográfica do SÃO FRANCISCO;São Francisco;Estadual;;;;;;;-10,02686;-36,64772;mínima;2021-01-19;NoData;NoData;2021,0;;Sem_Dado;;Sem_Dado;3;31;0;5;13;18;1;16;54;Dados Insuficientes;Medio;33,3;Parcial;True;True;True;True;True;True;True;False;False;7;Alta
22441;Massa d'Água #119773;;Irrigação;RS;FAXINALZINHO;Não Classificado;Não Classificado;;;Agência Nacional de Águas e Saneamento Básico - ANA;;Não Classificada;;;Não;Não;;Não;;;;;;Sem Informação;;;;8279212,0;Lajeado Grande;Região Hidrográfica do URUGUAI;CBH de Passo Fundo;Estadual;;;;;;;-27,423;-52,62561;mínima;2021-01-21;NoData;NoData;2021,0;;Sem_Dado;;Sem_Dado;3;31;0;5;13;18;1;16;54;Dados Insuficientes;Medio;33,3;Parcial;True;True;True;True;True;True;True;False;False;7;Alta
22444;Massa d'Água #120754;;Irrigação;RS;CANELA;Não Classificado;Não Classificado;;;Agência Nacional de Águas e Saneamento Básico - ANA;;Não Classificada;;;Não;Não;;Não;;;;;;Sem Informação;;;;7964918,0;Arroio Caracol;Região Hidrográfica ATLÂNTICO SUL;CBH do Rio Caí;Estadual;;;;;;;-29,32247;-50,81475;mínima;2021-01-21;NoData;NoData;2021,0;;Sem_Dado;;Sem_Dado;3;31;0;5;13;18;1;16;54;Dados Insuficientes;Medio;33,3;Parcial;True;True;True;True;True;True;True;False;False;7;Alta
20812;Vila Capixaba - Barragem 01;;Irrigação;BA;MUCURI;Não Classificado;Não Classificado;Benito Miranda;Pessoa Física;Agência Nacional de Águas e Saneamento Básico - ANA;;Não Classificada;;;Não;Não;;Não;;;;;0,0;Sem Informação;;;;7797878,0;Córrego do Seis;Região Hidrográfica ATLÂNTICO LESTE;;Federal;;;;;Operação;2020-06-24 00:00:00;-17,97386;-40,18653;mínima;2020-06-24;NoData;NoData;2020,0;;Sem_Dado;;Sem_Dado;6;30;0;5;13;18;2;19;53;Dados Insuficientes;Medio;44,4;Parcial;True;True;True;True;True;True;True;False;False;7;Alta
22383;Massa d'Água #98122;;Irrigação;ES;ARACRUZ;Não Classificado;Não Classificado;;;Agência Nacional de Águas e Saneamento Básico - ANA;;Não Classificada;;;Não;Não;;Não;;;;;;Sem Informação;;;;791136,0;Córrego Destacamento;Região Hidrográfica ATLÂNTICO SUDESTE;CBH das Bacias Hidrográficas Costeiras do Litoral Centro-Norte;Estadual;;;;;;;-19,89386;-40,22283;mínima;2021-01-20;NoData;NoData;2021,0;;Sem_Dado;;Sem_Dado;3;31;0;5;13;18;1;16;54;Dados Insuficientes;Medio;33,3;Parcial;True;True;True;True;True;True;True;False;False;7;Alta
22486;Massa d'Água #135839;;Irrigação;BA;PAU BRASIL;Não Classificado;Não Classificado;;;Agência Nacional de Águas e Saneamento Básico - ANA;;Não Classificada;;;Não;Não;;Não;;;;;;Sem Informação;;;;7778152,0;Córrego do Toucinho;Região Hidrográfica ATLÂNTICO LESTE;;Estadual;;;;;;;-15,50703;-39,72842;mínima;2021-01-25;NoData;NoData;2021,0;;Sem_Dado;;Sem_Dado;3;31;0;5;13;18;1;16;54;Dados Insuficientes;Medio;33,3;Parcial;True;True;True;True;True;True;True;False;False;7;Alta
22488;Massa d'Água #137078;;Irrigação;MT;ALTO BOA VISTA;Não Classificado;Não Classificado;;;Agência Nacional de Águas e Saneamento Básico - ANA;;Não Classificada;;;Não;Não;;Não;;;;;;Sem Informação;;;;4254978,0;Córrego das Cabaças;Região Hidrográfica AMAZÔNICA;;Estadual;;;;;;;-11,72522;-51,84989;mínima;2021-01-25;NoData;NoData;2021,0;;Sem_Dado;;Sem_Dado;3;31;0;5;13;18;1;16;54;Dados Insuficientes;Medio;33,3;Parcial;True;True;True;True;True;True;True;False;False;7;Alta
22351;Massa d'Água #88414;;Irrigação;BA;ITAJU DO COLÔNIA;Não Classificado;Não Classificado;;;Agência Nacional de Águas e Saneamento Básico - ANA;;Não Classificada;;;Não;Não;;Não;;;;;;Sem Informação;;;;77748,0;Rio do Ouro;Região Hidrográfica ATLÂNTICO LESTE;CBH do Leste;Estadual;;;;;;;-15,28219;-39,74106;mínima;2021-01-19;NoData;NoData;2021,0;;Sem_Dado;;Sem_Dado;3;31;0;5;13;18;1;16;54;Dados Insuficientes;Medio;33,3;Parcial;True;True;True;True;True;True;True;False;False;7;Alta
20996;Sítio Boa Água;;Irrigação;CE;AIUABA;Não Classificado;Não Classificado;ANTÔNIO FRANCISCO AMORIM;Pessoa Física;Agência Nacional de Águas e Saneamento Básico - ANA;;Não Classificada;;;Não;Não;;Não;0,0;0,0;0,0;;0,0;Sem Informação;;;;752842,0;Riacho da Catingueira;Região Hidrográfica ATLÂNTICO NORDESTE ORIENTAL;CBH do Alto Jaguaribe;Estadual;;;;;Operação;2020-07-01 00:00:00;-6,73792;-40,26231;mínima;2020-07-01;NoData;NoData;2020,0;0,0;Fundacao;0,0;Original;6;26;0;5;13;18;3;19;49;Baixo;Medio;66,7;Bom;True;True;True;False;False;True;True;False;False;6;Media
20998;Estância Maristela - Barragem 01;;Irrigação;MT;PORTO ESPERIDIÃO;Não Classificado;Não Classificado;COMETA INVESTIMENTOS E AGROPECUÁRIA S/A;;Agência Nacional de Águas e Saneamento Básico - ANA;02501.002553/2024-67;Não Classificada;;;Não;Não;;Não;;;;;0,0;Sem Informação;;;;89868,0;Vazante do Corixinho;Região Hidrográfica do PARAGUAI;;Federal;;;;;Operação;2020-07-01 00:00:00;-16,11908;-58,97478;mínima;2020-07-01;0;0;2020,0;;Sem_Dado;;Sem_Dado;6;30;0;5;13;18;2;19;53;Dados Insuficientes;Medio;44,4;Parcial;True;True;True;True;True;True;True;False;False;7;Alta
21005;Gleba Barranqueira XIII;;Irrigação;MT;CÁCERES;Não Classificado;Não Classificado;Instituto Nacional de Colonização e Reforma Agrária - INCRA - MT;;Agência Nacional de Águas e Saneamento Básico - ANA;;Não Classificada;;;Não;Não;;Não;0,0;0,0;0,0;;0,0;Sem Informação;;;;898644,0;Córrego Acorizinho;Região Hidrográfica do PARAGUAI;;Federal;;;;;Operação;2020-07-01 00:00:00;-16,31167;-58,62306;mínima;2020-07-01;NoData;NoData;2020,0;0,0;Fundacao;0,0;Original;6;26;0;5;13;18;3;19;49;Baixo;Medio;66,7;Bom;True;True;True;False;False;True;True;False;False;6;Media
21008;Fazenda Iriri;;Irrigação;MT;GUARANTÃ DO NORTE;Não Classificado;Não Classificado;José Roberto Pinoti;Pessoa Física;Agência Nacional de Águas e Saneamento Básico - ANA;;Não Classificada;;;Não;Não;;Não;0,0;0,0;0,0;;0,0;Sem Informação;;;;4228994,0;SEM NOME;Região Hidrográfica AMAZÔNICA;;Federal;;;;;Operação;2020-07-01 00:00:00;-9,54103;-54,57825;mínima;2020-07-01;NoData;NoData;2020,0;0,0;Fundacao;0,0;Original;6;26;0;5;13;18;3;19;49;Baixo;Medio;66,7;Bom;True;True;True;False;False;True;True;False;False;6;Media
22424;Massa d'Água #112527;;Irrigação;AL;SÃO BRÁS;Não Classificado;Não Classificado;;;Agência Nacional de Águas e Saneamento Básico - ANA;;Não Classificada;;;Não;Não;;Não;;;;;;Sem Informação;;;;761119742,0;SEM NOME;Região Hidrográfica do SÃO FRANCISCO;São Francisco;Estadual;;;;;;;-10,13144;-36,83772;mínima;2021-01-21;NoData;NoData;2021,0;;Sem_Dado;;Sem_Dado;3;31;0;5;13;18;1;16;54;Dados Insuficientes;Medio;33,3;Parcial;True;True;True;True;True;True;True;False;False;7;Alta
22427;Massa d'Água #114564;;Irrigação;MS;PARANHOS;Não Classificado;Não Classificado;;;Agência Nacional de Águas e Saneamento Básico - ANA;;Não Classificada;;;Não;Não;;Não;;;;;;Sem Informação;;;;86332932,0;SEM NOME;Região Hidrográfica do PARANÁ;;Estadual;;;;;;;-23,73569;-55,31325;mínima;2021-01-21;NoData;NoData;2021,0;;Sem_Dado;;Sem_Dado;3;31;0;5;13;18;1;16;54;Dados Insuficientes;Medio;33,3;Parcial;True;True;True;True;True;True;True;False;False;7;Alta
22429;Massa d'Água #115009;;Irrigação;ES;ARACRUZ;Não Classificado;Não Classificado;;;Agência Nacional de Águas e Saneamento Básico - ANA;;Não Classificada;;;Não;Não;;Não;;;;;;Sem Informação;;;;791136,0;Córrego Destacamento;Região Hidrográfica ATLÂNTICO SUDESTE;CBH das Bacias Hidrográficas Costeiras do Litoral Centro-Norte;Estadual;;;;;;;-19,89622;-40,19236;mínima;2021-01-21;NoData;NoData;2021,0;;Sem_Dado;;Sem_Dado;3;31;0;5;13;18;1;16;54;Dados Insuficientes;Medio;33,3;Parcial;True;True;True;True;True;True;True;False;False;7;Alta
22474;Massa d'Água #131174;;Irrigação;BA;PAU BRASIL;Não Classificado;Não Classificado;;;Agência Nacional de Águas e Saneamento Básico - ANA;;Não Classificada;;;Não;Não;;Não;;;;;;Sem Informação;;;;777812,0;Rio da Prata;Região Hidrográfica ATLÂNTICO LESTE;;Estadual;;;;;;;-15,43811;-39,68931;mínima;2021-01-22;NoData;NoData;2021,0;;Sem_Dado;;Sem_Dado;3;31;0;5;13;18;1;16;54;Dados Insuficientes;Medio;33,3;Parcial;True;True;True;True;True;True;True;False;False;7;Alta
17903;REBIO Gurupi;Espelho 6144;Paisagismo;MA;CENTRO NOVO DO MARANHÃO;Alto;Baixo;Instituto Chico Mendes de Conservação da Biodiversidade - ICMBIO;Órgãos - Público;Agência Nacional de Águas e Saneamento Básico - ANA;02501.004786/2022-32;Não;s/n;;Não;Não;2025-03-25;Não;9,0;9,0;1,118;123,0;37,26;Terra;;;;71452,0;Igarapé Itaquitiuá;Região Hidrográfica ATLÂNTICO NORDESTE OCIDENTAL;;Estadual;;;;;Operação;2000-01-01 00:00:00;-3,67324;-46,78548;ótima;2019-09-12;18.4;1.896;2019,0;9,0;Fundacao;1,118;Original;7;22;0;5;13;18;4;20;45;Baixo;Medio;77,8;Bom;True;True;True;False;False;False;True;False;False;6;Media
22627;Barragem Aldeia Isibaiadzatsi;Massa d'Água #164063;Irrigação;MT;BOM JESUS DO ARAGUAIA;Não Classificado;Não Classificado;;;Agência Nacional de Águas e Saneamento Básico - ANA;02501.001629/2025-18;Não Classificada;;;Não;Não;;Não;;;;;;Sem Informação;;;;4254,0;Rio Comandante Fontoura;Região Hidrográfica AMAZÔNICA;;Estadual;;;;;;;-11,93469;-51,79075;mínima;2021-01-28;NoData;NoData;2021,0;;Sem_Dado;;Sem_Dado;3;31;0;5;13;18;1;16;54;Dados Insuficientes;Medio;33,3;Parcial;True;True;True;True;True;True;True;False;False;7;Alta
22632;Massa d'Água #165226;;Irrigação;MS;CAARAPÓ;Não Classificado;Não Classificado;;;Agência Nacional de Águas e Saneamento Básico - ANA;;Não Classificada;;;Não;Não;;Não;;;;;;Sem Informação;;;;863442,0;Córrego do Rodeio;Região Hidrográfica do PARANÁ;;Federal;;;;;;;-22,64531;-54,92425;mínima;2021-01-28;NoData;NoData;2021,0;;Sem_Dado;;Sem_Dado;3;31;0;5;13;18;1;16;54;Dados Insuficientes;Medio;33,3;Parcial;True;True;True;True;True;True;True;False;False;7;Alta
22634;Massa d'Água #165457;;Irrigação;MS;CAARAPÓ;Não Classificado;Não Classificado;;;Agência Nacional de Águas e Saneamento Básico - ANA;;Não Classificada;;;Não;Não;;Não;;;;;;Sem Informação;;;;8638616,0;Córrego Bopei;Região Hidrográfica do PARANÁ;CBH do Rio Ivinhema;Federal;;;;;;;-22,57706;-54,88942;mínima;2021-01-28;NoData;NoData;2021,0;;Sem_Dado;;Sem_Dado;3;31;0;5;13;18;1;16;54;Dados Insuficientes;Medio;33,3;Parcial;True;True;True;True;True;True;True;False;False;7;Alta
22639;Massa d'Água #166454;;Irrigação;MS;PARANHOS;Não Classificado;Não Classificado;;;Agência Nacional de Águas e Saneamento Básico - ANA;;Não Classificada;;;Não;Não;;Não;;;;;;Sem Informação;;;;8633292,0;Córrego Taquapiri;Região Hidrográfica do PARANÁ;;Estadual;;;;;;;-23,9375;-55,35639;mínima;2021-01-28;NoData;NoData;2021,0;;Sem_Dado;;Sem_Dado;3;31;0;5;13;18;1;16;54;Dados Insuficientes;Medio;33,3;Parcial;True;True;True;True;True;True;True;False;False;7;Alta
22282;Massa d'Água #77601;;Irrigação;DF;BRASÍLIA;Não Classificado;Não Classificado;;;Agência Nacional de Águas e Saneamento Básico - ANA;;Não Classificada;;;Não;Não;;Não;;;;;;Sem Informação;;;;64898,0;Ribeirão da Contagem;Região Hidrográfica do TOCANTINS-ARAGUAIA;CBH dos Afluentes do Rio Maranhão;Estadual;;;;;;;-15,61975;-47,90769;mínima;2021-01-12;NoData;NoData;2021,0;;Sem_Dado;;Sem_Dado;3;31;0;5;13;18;1;16;54;Dados Insuficientes;Medio;33,3;Parcial;True;True;True;True;True;True;True;False;False;7;Alta
22521;Massa d'Água #145064;;Irrigação;SC;ABELARDO LUZ;Não Classificado;Não Classificado;;;Agência Nacional de Águas e Saneamento Básico - ANA;;Não Classificada;;;Não;Não;;Não;;;;;;Sem Informação;;;;8278972,0;Rio Pacheco;Região Hidrográfica do URUGUAI;CBH dos Rios Chapecó e Irani;Estadual;;;;;;;-26,54408;-52,10381;mínima;2021-01-26;NoData;NoData;2021,0;;Sem_Dado;;Sem_Dado;3;31;0;5;13;18;1;16;54;Dados Insuficientes;Medio;33,3;Parcial;True;True;True;True;True;True;True;False;False;7;Alta
20794;Fazenda Cristiano - Barragem 04;;Irrigação;BA;TREMEDAL;Não Classificado;Não Classificado;Wilson Ferraz da Silva;Pessoa Física;Agência Nacional de Águas e Saneamento Básico - ANA;;Não Classificada;;;Não;Não;;Não;;;;;0,0;Sem Informação;;;;77786,0;Córrego Mangueira;Região Hidrográfica ATLÂNTICO LESTE;;Federal;;;;;Operação;2020-06-23 00:00:00;-15,25256;-41,43253;mínima;2020-06-23;NoData;NoData;2020,0;;Sem_Dado;;Sem_Dado;6;30;0;5;13;18;2;19;53;Dados Insuficientes;Medio;44,4;Parcial;True;True;True;True;True;True;True;False;False;7;Alta
21040;Fazenda São Roque - Barragem 02;;Irrigação;RN;SANTANA DO SERIDÓ;Não Classificado;Não Classificado;NEY CARLOS DIAS DE AZEVEDO;Pessoa Física;Agência Nacional de Águas e Saneamento Básico - ANA;;Não Classificada;;;Não;Não;;Não;;;;;0,0;Sem Informação;;;;756246,0;Rio São José;Região Hidrográfica ATLÂNTICO NORDESTE ORIENTAL;Piranhas-Açu;Federal;;;;;Operação;2020-07-02 00:00:00;-6,69956;-36,83092;mínima;2020-07-02;NoData;NoData;2020,0;;Sem_Dado;;Sem_Dado;6;30;0;5;13;18;2;19;53;Dados Insuficientes;Medio;44,4;Parcial;True;True;True;True;True;True;True;False;False;7;Alta
21419;Mata da Cafurna;;Recreação;AL;PALMEIRA DOS ÍNDIOS;Alto;Alto;Fundação Nacional dos Povos Indígenas - FUNAI;Órgãos - Público;Agência Nacional de Águas e Saneamento Básico - ANA;;Sim;0;;Não;Não;;Não;9,0;;0,069;42,0;0,0;Alvenaria;Combate às secas;;;759989224,0;SEM NOME;Região Hidrográfica ATLÂNTICO NORDESTE ORIENTAL;CBH do Rio Coruripe;Estadual;;;;;Operação;2040-01-01 00:00:00;-9,38192;-36,63214;boa;2020-11-05;NoData;NoData;2020,0;9,0;Fundacao;0,069;Original;8;23;0;5;13;18;4;21;46;Baixo;Medio;77,8;Bom;True;True;True;False;False;False;True;True;True;11;Urgente
20829;Fazenda Santa Amália - Barragem 01;;Irrigação;GO;SÃO MIGUEL DO ARAGUAIA;Não Classificado;Não Classificado;Francisco Eduardo Ribeiro Soares;Pessoa Física;Agência Nacional de Águas e Saneamento Básico - ANA;;Não Classificada;;;Não;Não;;Não;;;;;0,0;Sem Informação;;;;6698,0;Ribeirão Chato;Região Hidrográfica do TOCANTINS-ARAGUAIA;CBH Médio Araguaia;Federal;;;;;Operação;2020-06-25 00:00:00;-13,02667;-49,89236;mínima;2020-06-25;NoData;NoData;2020,0;;Sem_Dado;;Sem_Dado;6;30;0;5;13;18;2;19;53;Dados Insuficientes;Medio;44,4;Parcial;True;True;True;True;True;True;True;False;False;7;Alta
23624;Massa d'Água #202886;;Irrigação;BA;BELMONTE;Não Classificado;Não Classificado;;;Agência Nacional de Águas e Saneamento Básico - ANA;;Não Classificada;;;Não;Não;;Não;;;;;;Sem Informação;;;;7781116,0;SEM NOME;Região Hidrográfica ATLÂNTICO LESTE;;Federal;;;;;;;-15,96039;-39,23986;mínima;2021-02-12;NoData;NoData;2021,0;;Sem_Dado;;Sem_Dado;3;31;0;5;13;18;1;16;54;Dados Insuficientes;Medio;33,3;Parcial;True;True;True;True;True;True;True;False;False;7;Alta
22369;Massa d'Água #91280;;Irrigação;ES;ARACRUZ;Não Classificado;Não Classificado;;;Agência Nacional de Águas e Saneamento Básico - ANA;;Não Classificada;;;Não;Não;;Não;;;;;;Sem Informação;;;;791136,0;Córrego Destacamento;Região Hidrográfica ATLÂNTICO SUDESTE;CBH das Bacias Hidrográficas Costeiras do Litoral Centro-Norte;Estadual;;;;;;;-19,9045;-40,21508;mínima;2021-01-19;NoData;NoData;2021,0;;Sem_Dado;;Sem_Dado;3;31;0;5;13;18;1;16;54;Dados Insuficientes;Medio;33,3;Parcial;True;True;True;True;True;True;True;False;False;7;Alta
22174;Açude Cana;;Irrigação;CE;UBAJARA;Não Classificado;Não Classificado;;;Agência Nacional de Águas e Saneamento Básico - ANA;02501.001661/2025-01;Não Classificada;;;Não;Não;;Não;;;;;;Sem Informação;;;;7414262,0;Rio Jaburu;Região Hidrográfica do PARNAÍBA;Parnaíba;Federal;;;;;;;-3,88583;-41,00008;mínima;2020-12-28;0;0;2020,0;;Sem_Dado;;Sem_Dado;3;31;0;5;13;18;1;16;54;Dados Insuficientes;Medio;33,3;Parcial;True;True;True;True;True;True;True;False;False;7;Alta
23593;Massa d'Água #197909;;Irrigação;BA;BUERAREMA;Não Classificado;Não Classificado;;;Agência Nacional de Águas e Saneamento Básico - ANA;;Não Classificada;;;Não;Não;;Não;;;;;;Sem Informação;;;;77742,0;Rio Fortuna;Região Hidrográfica ATLÂNTICO LESTE;CBH do Leste;Estadual;;;;;;;-15,04386;-39,24964;mínima;2021-02-11;NoData;NoData;2021,0;;Sem_Dado;;Sem_Dado;3;31;0;5;13;18;1;16;54;Dados Insuficientes;Medio;33,3;Parcial;True;True;True;True;True;True;True;False;False;7;Alta
23601;Massa d'Água #201379;;Irrigação;BA;UNA;Não Classificado;Não Classificado;;;Agência Nacional de Águas e Saneamento Básico - ANA;;Não Classificada;;;Não;Não;;Não;;;;;;Sem Informação;;;;77764,0;Rio de Una;Região Hidrográfica ATLÂNTICO LESTE;CBH do Leste;Estadual;;;;;;;-15,10475;-39,29058;mínima;2021-02-11;NoData;NoData;2021,0;;Sem_Dado;;Sem_Dado;3;31;0;5;13;18;1;16;54;Dados Insuficientes;Medio;33,3;Parcial;True;True;True;True;True;True;True;False;False;7;Alta
22525;Massa d'Água #145394;;Irrigação;MS;IGUATEMI;Não Classificado;Não Classificado;;;Agência Nacional de Águas e Saneamento Básico - ANA;;Não Classificada;;;Não;Não;;Não;;;;;;Sem Informação;;;;86332232,0;Córrego Costa Rica;Região Hidrográfica do PARANÁ;;Federal;;;;;;;-23,42189;-54,71314;mínima;2021-01-26;NoData;NoData;2021,0;;Sem_Dado;;Sem_Dado;3;31;0;5;13;18;1;16;54;Dados Insuficientes;Medio;33,3;Parcial;True;True;True;True;True;True;True;False;False;7;Alta
23634;Massa d'Água #203966;;Irrigação;MT;ALTO BOA VISTA;Não Classificado;Não Classificado;;;Agência Nacional de Águas e Saneamento Básico - ANA;;Não Classificada;;;Não;Não;;Não;;;;;;Sem Informação;;;;67824,0;Córrego Três Pontes;Região Hidrográfica AMAZÔNICA;;Estadual;;;;;;;-11,83517;-51,57936;mínima;2021-02-12;NoData;NoData;2021,0;;Sem_Dado;;Sem_Dado;3;31;0;5;13;18;1;16;54;Dados Insuficientes;Medio;33,3;Parcial;True;True;True;True;True;True;True;False;False;7;Alta
23662;Massa d'Água #208399;;Irrigação;SC;ABELARDO LUZ;Não Classificado;Não Classificado;;;Agência Nacional de Águas e Saneamento Básico - ANA;;Não Classificada;;;Não;Não;;Não;;;;;;Sem Informação;;;;8278974,0;Rio Vermelho;Região Hidrográfica do URUGUAI;CBH dos Rios Chapecó e Irani;Estadual;;;;;;;-26,53811;-52,06272;mínima;2021-02-12;NoData;NoData;2021,0;;Sem_Dado;;Sem_Dado;3;31;0;5;13;18;1;16;54;Dados Insuficientes;Medio;33,3;Parcial;True;True;True;True;True;True;True;False;False;7;Alta
23670;Lago;Massa d'Água #212069;Paisagismo;PR;GUAÍRA;Não se Aplica;Baixo;15ª Companhia de Infantaria Motorizada;Órgãos - Público;Agência Nacional de Águas e Saneamento Básico - ANA;02501.004407/2024-76;Não;103/2025/SRB-ANA-SEI;;Não;Não;;Não;3,0;3,0;0,007;180,0;0,71;Terra;;;;86,0;Rio Paraná;Região Hidrográfica do PARANÁ;CBH Paraná III;Federal;;;;;Operação;1994-01-01 00:00:00;-24,08139;-54,26944;ótima;2021-02-12;NoData;NoData;2021,0;3,0;Fundacao;0,007;Original;6;21;0;5;13;18;4;19;44;Baixo;Medio;77,8;Bom;True;True;True;False;False;False;True;False;False;6;Media
23677;Massa d'Água #215879;;Irrigação;BA;ILHÉUS;Não Classificado;Não Classificado;;;Agência Nacional de Águas e Saneamento Básico - ANA;;Não Classificada;;;Não;Não;;Não;;;;;;Sem Informação;;;;77756,0;Ribeirão Canoa;Região Hidrográfica ATLÂNTICO LESTE;CBH do Leste;Estadual;;;;;;;-15,02619;-39,10556;mínima;2021-02-12;NoData;NoData;2021,0;;Sem_Dado;;Sem_Dado;3;31;0;5;13;18;1;16;54;Dados Insuficientes;Medio;33,3;Parcial;True;True;True;True;True;True;True;False;False;7;Alta
22728;FLONA Irati;Massa d'Água #168356;Paisagismo;PR;IVATÉ;Não se Aplica;Baixo;Instituto Chico Mendes de Conservação da Biodiversidade - ICMBIO;Órgãos - Público;Agência Nacional de Águas e Saneamento Básico - ANA;02501.004368/2024-15;Não;;;Não;Não;;Não;2,0;2,0;0,003;73,0;;Terra;Regularização de vazão;;;8636112,0;Córrego do Duzentos e Quinze;Região Hidrográfica do PARANÁ;CBH do Baixo Ivaí e Paraná I;Federal;;;;;Operação;2001-01-01 00:00:00;-23,44031;-53,40969;baixa;2021-02-07;2;0.003;2021,0;2,0;Fundacao;0,003;Original;7;22;0;5;13;18;4;20;45;Baixo;Medio;77,8;Bom;True;True;True;False;False;False;True;False;False;6;Media
23604;Massa d'Água #201766;;Irrigação;SC;CHAPECÓ;Não Classificado;Não Classificado;;;Agência Nacional de Águas e Saneamento Básico - ANA;;Não Classificada;;;Não;Não;;Não;;;;;;Sem Informação;;;;8279314,0;Rio Monte Alegre;Região Hidrográfica do URUGUAI;CBH dos Rios Chapecó e Irani;Estadual;;;;;;;-27,20047;-52,56669;mínima;2021-02-11;NoData;NoData;2021,0;;Sem_Dado;;Sem_Dado;3;31;0;5;13;18;1;16;54;Dados Insuficientes;Medio;33,3;Parcial;True;True;True;True;True;True;True;False;False;7;Alta
23647;Massa d'Água #205334;;Irrigação;MS;PARANHOS;Não Classificado;Não Classificado;;;Agência Nacional de Águas e Saneamento Básico - ANA;;Não Classificada;;;Não;Não;;Não;;;;;;Sem Informação;;;;86332938,0;Córrego Nhu-guaçu;Região Hidrográfica do PARANÁ;;Estadual;;;;;;;-23,55106;-55,49289;mínima;2021-02-12;NoData;NoData;2021,0;;Sem_Dado;;Sem_Dado;3;31;0;5;13;18;1;16;54;Dados Insuficientes;Medio;33,3;Parcial;True;True;True;True;True;True;True;False;False;7;Alta
23649;Massa d'Água #206155;;Irrigação;BA;PRADO;Não Classificado;Não Classificado;;;Agência Nacional de Águas e Saneamento Básico - ANA;;Não Classificada;;;Não;Não;;Não;;;;;;Sem Informação;;;;;SEM NOME;;CBH dos Rios Frades, Buranhém e Santo Antônio;Federal;;;;;;;-17,00311;-39,17292;mínima;2021-02-12;NoData;NoData;2021,0;;Sem_Dado;;Sem_Dado;3;31;0;5;13;18;1;16;54;Dados Insuficientes;Medio;33,3;Parcial;True;True;True;True;True;True;True;False;False;7;Alta
23651;Massa d'Água #206654;;Irrigação;RS;GETÚLIO VARGAS;Não Classificado;Não Classificado;;;Agência Nacional de Águas e Saneamento Básico - ANA;;Não Classificada;;;Não;Não;;Não;;;;;;Sem Informação;;;;827966,0;Rio Abaúna;Região Hidrográfica do URUGUAI;CBH do Rio Apuaê-Inhandava;Estadual;;;;;;;-27,83175;-52,20675;mínima;2021-02-12;NoData;NoData;2021,0;;Sem_Dado;;Sem_Dado;3;31;0;5;13;18;1;16;54;Dados Insuficientes;Medio;33,3;Parcial;True;True;True;True;True;True;True;False;False;7;Alta
22276;Massa d'Água #74104;;Irrigação;BA;UNA;Não Classificado;Não Classificado;;;Agência Nacional de Águas e Saneamento Básico - ANA;;Não Classificada;;;Não;Não;;Não;;;;;;Sem Informação;;;;777564,0;Rio Maruim;Região Hidrográfica ATLÂNTICO LESTE;CBH do Leste;Estadual;;;;;;;-15,07503;-39,22117;mínima;2021-01-11;0;0;2021,0;;Sem_Dado;;Sem_Dado;3;31;0;5;13;18;1;16;54;Dados Insuficientes;Medio;33,3;Parcial;True;True;True;True;True;True;True;False;False;7;Alta
22442;Massa d'Água #120172;;Irrigação;BA;PRADO;Não Classificado;Não Classificado;;;Agência Nacional de Águas e Saneamento Básico - ANA;;Não Classificada;;;Não;Não;;Não;;;;;;Sem Informação;;;;;SEM NOME;Região Hidrográfica ATLÂNTICO LESTE;CBH dos Rios Frades, Buranhém e Santo Antônio;Federal;;;;;;;-17,12711;-39,20411;mínima;2021-01-21;NoData;NoData;2021,0;;Sem_Dado;;Sem_Dado;3;31;0;5;13;18;1;16;54;Dados Insuficientes;Medio;33,3;Parcial;True;True;True;True;True;True;True;False;False;7;Alta
22471;Massa d'Água #129878;;Irrigação;GO;RUBIATABA;Não Classificado;Não Classificado;;;Agência Nacional de Águas e Saneamento Básico - ANA;;Não Classificada;;;Não;Não;;Não;;;;;;Sem Informação;;;;6492,0;Rio Carretão ou São Patrício e Córrego do Tabuão;Região Hidrográfica do TOCANTINS-ARAGUAIA;CBH do Rio das Almas e Afluentes Goianos do Rio Maranhão;Estadual;;;;;;;-15,11814;-50,04528;mínima;2021-01-22;NoData;NoData;2021,0;;Sem_Dado;;Sem_Dado;3;31;0;5;13;18;1;16;54;Dados Insuficientes;Medio;33,3;Parcial;True;True;True;True;True;True;True;False;False;7;Alta
22615;Massa d'Água #160929;;Irrigação;MT;ALTO BOA VISTA;Não Classificado;Não Classificado;;;Agência Nacional de Águas e Saneamento Básico - ANA;;Não Classificada;;;Não;Não;;Não;;;;;;Sem Informação;;;;42549782,0;Córrego do Nelsinho;Região Hidrográfica AMAZÔNICA;;Estadual;;;;;;;-11,76475;-51,95053;mínima;2021-01-28;NoData;NoData;2021,0;;Sem_Dado;;Sem_Dado;3;31;0;5;13;18;1;16;54;Dados Insuficientes;Medio;33,3;Parcial;True;True;True;True;True;True;True;False;False;7;Alta
20798;Fazenda Mamoeiro - Barragem 01;;Irrigação;BA;ENCRUZILHADA;Não Classificado;Não Classificado;DSN AGROPECUARIA E IMOBILIARIA LTDA ME;;Agência Nacional de Águas e Saneamento Básico - ANA;02501.002557/2024-45;Não Classificada;;;Não;Não;;Não;;;;;0,0;Sem Informação;;;;7778716,0;Córrego do Mamoeiro;Região Hidrográfica ATLÂNTICO LESTE;;Federal;;;;;Operação;2020-06-23 00:00:00;-15,63797;-41,17906;mínima;2020-06-23;0;0;2020,0;;Sem_Dado;;Sem_Dado;6;30;0;5;13;18;2;19;53;Dados Insuficientes;Medio;44,4;Parcial;True;True;True;True;True;True;True;False;False;7;Alta
20800;Fazenda Campo Alegre - Barragem 01;;Irrigação;BA;MUCURI;Não Classificado;Não Classificado;Lucio Flavio Segundo de Barros Wanderley (Espólio);Pessoa Física;Agência Nacional de Águas e Saneamento Básico - ANA;;Não Classificada;;;Não;Não;;Não;;;;;0,0;Sem Informação;;;;7797878,0;Córrego do Seis;Região Hidrográfica ATLÂNTICO LESTE;;Federal;;;;;Operação;2020-06-23 00:00:00;-17,98206;-40,18419;mínima;2020-06-23;NoData;NoData;2020,0;;Sem_Dado;;Sem_Dado;6;30;0;5;13;18;2;19;53;Dados Insuficientes;Medio;44,4;Parcial;True;True;True;True;True;True;True;False;False;7;Alta
20809;Fazenda Comandante;;Irrigação;BA;ENCRUZILHADA;Não Classificado;Não Classificado;José Alves da Silva;Pessoa Física;Agência Nacional de Águas e Saneamento Básico - ANA;;Não Classificada;;;Não;Não;;Não;0,0;0,0;0,0;;0,0;Sem Informação;;;;7778716,0;Córrego do Mamoeiro;Região Hidrográfica ATLÂNTICO LESTE;;Federal;;;;;Operação;2020-06-24 00:00:00;-15,69164;-41,24808;mínima;2020-06-24;NoData;NoData;2020,0;0,0;Fundacao;0,0;Original;6;26;0;5;13;18;3;19;49;Baixo;Medio;66,7;Bom;True;True;True;False;False;True;True;False;False;6;Media
20810;Fazenda Riacho Doce;;Irrigação;BA;MUCURI;Não Classificado;Não Classificado;SUZANO PAPEL E CELULOSE S.A.;Empresas em Geral - Privado;Agência Nacional de Águas e Saneamento Básico - ANA;;Não Classificada;;;Não;Não;;Não;0,0;0,0;0,0;;0,0;Sem Informação;;;;77976,0;Riacho Doce;Região Hidrográfica ATLÂNTICO LESTE;;Federal;;;;;Operação;2020-06-24 00:00:00;-18,26644;-39,71508;mínima;2020-06-24;NoData;NoData;2020,0;0,0;Fundacao;0,0;Original;6;26;0;5;13;18;3;19;49;Baixo;Medio;66,7;Bom;True;True;True;False;False;True;True;False;False;6;Media
20818;Fazenda Santo André;;Irrigação;BA;MUCURI;Não Classificado;Não Classificado;Fabiano Najar Castro;Pessoa Física;Agência Nacional de Águas e Saneamento Básico - ANA;;Não Classificada;;;Não;Não;;Não;0,0;0,0;0,0;;0,0;Sem Informação;;;;7797844,0;Córrego Dourado;Região Hidrográfica ATLÂNTICO LESTE;;Federal;;;;;Operação;2020-06-24 00:00:00;-18,02422;-40,03525;mínima;2020-06-24;NoData;NoData;2020,0;0,0;Fundacao;0,0;Original;6;26;0;5;13;18;3;19;49;Baixo;Medio;66,7;Bom;True;True;True;False;False;True;True;False;False;6;Media
21020;Fazenda Santa Marta;;Irrigação;GO;SÃO MIGUEL DO ARAGUAIA;Não Classificado;Não Classificado;Edison Scarceli;Pessoa Física;Agência Nacional de Águas e Saneamento Básico - ANA;;Não Classificada;;;Não;Não;;Não;0,0;0,0;0,0;;0,0;Sem Informação;;;;66686,0;Rio Tiúba;Região Hidrográfica do TOCANTINS-ARAGUAIA;CBH Médio Araguaia;Federal;;;;;Operação;2020-07-01 00:00:00;-12,94197;-49,98181;mínima;2020-07-01;NoData;NoData;2020,0;0,0;Fundacao;0,0;Original;6;26;0;5;13;18;3;19;49;Baixo;Medio;66,7;Bom;True;True;True;False;False;True;True;False;False;6;Media
21023;Fazenda Itapoã - Barragem 02;;Irrigação;MG;NANUQUE;Não se Aplica;Baixo;SUZANO PAPEL E CELULOSE S.A.;Empresas em Geral - Privado;Agência Nacional de Águas e Saneamento Básico - ANA;02501.002562/2024-58;Não;79/2025/SRB-ANA-SEI;;Não;Não;;Não;3,8;3,8;0,013;0,0;;Terra;;;;7797892,0;Córrego Barreado e Córrego Limoeiro;Região Hidrográfica ATLÂNTICO LESTE;;Federal;;;;;Operação;2020-07-01 00:00:00;-17,92672;-40,41378;ótima;2020-07-01;0;0;2020,0;3,8;Fundacao;0,013;Original;8;23;0;5;13;18;4;21;46;Baixo;Medio;77,8;Bom;True;True;True;False;False;False;True;False;False;6;Media
21029;Sítio Barragem do Cipó;;Irrigação;RN;SÃO JOÃO DO SABUGI;Não Classificado;Não Classificado;ASSOCIAÇÃO DOS AGRICULTORES FAMILIARES DA COMUNIDADE CIPÓ;;Agência Nacional de Águas e Saneamento Básico - ANA;;Não Classificada;;;Não;Não;;Não;0,0;0,0;0,0;;0,0;Sem Informação;;;;7562252,0;Riacho do Cipó;Região Hidrográfica ATLÂNTICO NORDESTE ORIENTAL;Piranhas-Açu;Federal;;;;;Operação;2020-07-02 00:00:00;-6,66169;-37,16472;mínima;2020-07-02;NoData;NoData;2020,0;0,0;Fundacao;0,0;Original;6;26;0;5;13;18;3;19;49;Baixo;Medio;66,7;Bom;True;True;True;False;False;True;True;False;False;6;Media
21046;Sítio Olho d'Água;;Irrigação;RN;JARDIM DE PIRANHAS;Não Classificado;Não Classificado;REGINALDO GONÇALVES DE MELO;Pessoa Física;Agência Nacional de Águas e Saneamento Básico - ANA;;Não Classificada;;;Não;Não;;Não;4,0;4,0;0,272;;0,0;Sem Informação;;;;7563364,0;SEM NOME;Região Hidrográfica ATLÂNTICO NORDESTE ORIENTAL;Piranhas-Açu;Federal;;;;;Operação;2020-07-02 00:00:00;-6,28783;-37,30883;baixa;2020-07-02;0;0;2020,0;4,0;Fundacao;0,272;Original;6;26;0;5;13;18;3;19;49;Baixo;Medio;66,7;Bom;True;True;True;False;False;True;True;False;False;6;Media
21063;Fazenda Santa Cândida;;Paisagismo;SC;BOM JARDIM DA SERRA;Não se Aplica;Baixo;Areia Branca Administradora de Bens LTDA;Empresas em Geral - Privado;Agência Nacional de Águas e Saneamento Básico - ANA;02501.002549/2024-07;Não;114/2025/SRB-ANA-SEI;;Não;Não;;Não;;;0,003;134,0;0,0;Terra;;;;828,0;Rio Pelotas;Região Hidrográfica ATLÂNTICO SUL;;Estadual;;;;;Operação;2020-07-03 00:00:00;-28,28156;-49,55811;mínima;2020-07-03;0;0;2020,0;;Sem_Dado;0,003;Original;8;27;0;5;13;18;3;21;50;Baixo;Medio;66,7;Bom;True;True;True;True;False;False;True;False;False;7;Alta
23711;Massa d'Água #218398;;Irrigação;MT;BRASNORTE;Não Classificado;Não Classificado;;;Agência Nacional de Águas e Saneamento Básico - ANA;;Não Classificada;;;Não;Não;;Não;;;;;;Sem Informação;;;;448188,0;SEM NOME;Região Hidrográfica AMAZÔNICA;;Federal;;;;;;;-12,16864;-58,21578;mínima;2021-02-13;NoData;NoData;2021,0;;Sem_Dado;;Sem_Dado;3;31;0;5;13;18;1;16;54;Dados Insuficientes;Medio;33,3;Parcial;True;True;True;True;True;True;True;False;False;7;Alta
23835;Massa d'Água #243563;;Irrigação;SP;SÃO MIGUEL ARCANJO;Não Classificado;Não Classificado;;;Agência Nacional de Águas e Saneamento Básico - ANA;;Não Classificada;;;Não;Não;;Não;;;;;;Sem Informação;;;;864,0;Córrego Grande;Região Hidrográfica do PARANÁ;Paranapanema;Federal;;;;;;;-23,99822;-47,95661;mínima;2021-02-23;NoData;NoData;2021,0;;Sem_Dado;;Sem_Dado;3;31;0;5;13;18;1;16;54;Dados Insuficientes;Medio;33,3;Parcial;True;True;True;True;True;True;True;False;False;7;Alta
23758;Barragem da Associação Indígena Tupiniquim P. Brasil;Massa d'Água #224404;Abastecimento humano;ES;ARACRUZ;Não Classificado;Não Classificado;Associacao Indigena Tupiniquim e Guarani;Outros - Privado;Agência Nacional de Águas e Saneamento Básico - ANA;02501.001672/2025-83;Não Classificada;;;Não;Não;;Não;6,0;6,0;0,257;94,0;;Terra;Aquicultura;;;791132,0;Córrego Piranema;Região Hidrográfica ATLÂNTICO SUDESTE;CBH das Bacias Hidrográficas Costeiras do Litoral Centro-Norte;Estadual;;;;;Operação;31-DEC-95;-19,85678;-40,12867;baixa;2021-02-15;NoData;NoData;2021,0;6,0;Fundacao;0,257;Original;5;24;0;5;13;18;4;18;47;Baixo;Medio;77,8;Bom;True;True;True;False;False;False;True;False;False;6;Media
23761;Massa d'Água #225105;;Irrigação;RS;PLANALTO;Não Classificado;Não Classificado;;;Agência Nacional de Águas e Saneamento Básico - ANA;;Não Classificada;;;Não;Não;;Não;;;;;;Sem Informação;;;;827912,0;Lajeado Bonito;Região Hidrográfica do URUGUAI;CBH do Várzea;Federal;;;;;;;-27,33547;-53,03133;mínima;2021-02-15;NoData;NoData;2021,0;;Sem_Dado;;Sem_Dado;3;31;0;5;13;18;1;16;54;Dados Insuficientes;Medio;33,3;Parcial;True;True;True;True;True;True;True;False;False;7;Alta
23776;Massa d'Água #229955;;Irrigação;MS;ITAPORÃ;Não Classificado;Não Classificado;;;Agência Nacional de Águas e Saneamento Básico - ANA;;Não Classificada;;;Não;Não;;Não;;;;;;Sem Informação;;;;8638772,0;Córrego Panambi;Região Hidrográfica do PARANÁ;CBH do Rio Ivinhema;Federal;;;;;;;-22,05158;-54,67083;mínima;2021-02-15;NoData;NoData;2021,0;;Sem_Dado;;Sem_Dado;3;31;0;5;13;18;1;16;54;Dados Insuficientes;Medio;33,3;Parcial;True;True;True;True;True;True;True;False;False;7;Alta
21038;Barragem do Sítio Canta Galo;Sítio Canta Galo;Irrigação;RN;MESSIAS TARGINO;Não se Aplica;Baixo;ALGUIMAR FERNANDES DINIZ;Pessoa Física;Agência Nacional de Águas e Saneamento Básico - ANA;02501.000739/2026-43;Não Classificada;22/2026/SRB-ANA-SEI;;Não;Não;;Não;4,0;4,0;0,15;210,0;0,0;Terra;Dessedentação Animal;;;7563256,0;SEM NOME;Região Hidrográfica ATLÂNTICO NORDESTE ORIENTAL;Piranhas-Açu;Federal;;;;Não;Operação;2020-07-02 00:00:00;-6,10642;-37,45986;ótima;2020-07-02;NoData;NoData;2020,0;4,0;Fundacao;0,15;Original;9;24;0;5;13;18;4;22;47;Baixo;Medio;77,8;Bom;True;True;True;False;False;False;True;False;False;6;Media
18106;Caieira;;Irrigação;RN;MESSIAS TARGINO;Não se Aplica;Baixo;Gildarte Araújo Pereira Andrade;Pessoa Física;Agência Nacional de Águas e Saneamento Básico - ANA;02501.001580/2015-21;Não;s/n;;Não;Não;;Não;5,88;5,88;0,66;471,1;;Terra;;;;7563286,0;Riacho da Caieira;Região Hidrográfica ATLÂNTICO NORDESTE ORIENTAL;Piranhas-Açu;Federal;;;;;Operação;2000-01-01 00:00:00;-6,12861;-37,52417;ótima;2019-09-12;0;0;2019,0;5,88;Fundacao;0,66;Original;8;23;0;5;13;18;4;21;46;Baixo;Medio;77,8;Bom;True;True;True;False;False;False;True;False;False;6;Media
18113;Jatobá;;Abastecimento humano;PB;BELÉM DO BREJO DO CRUZ;Não se Aplica;Baixo;Renan Fernandes Maia Filho;Pessoa Física;Agência Nacional de Águas e Saneamento Básico - ANA;02501.001477/2015-81;Não;s/n;;Não;Não;;Não;6,48;6,48;0,63;819,94;;Terra;;;;7563256334,0;SEM NOME;Região Hidrográfica ATLÂNTICO NORDESTE ORIENTAL;Piranhas-Açu;Federal;;;;;Operação;2000-01-01 00:00:00;-6,15222;-37,41139;ótima;2019-09-12;0;0;2019,0;6,48;Fundacao;0,63;Original;9;24;0;5;13;18;4;22;47;Baixo;Medio;77,8;Bom;True;True;True;False;False;False;True;False;False;6;Media
18124;Torrões;;Abastecimento humano;RN;SERRA NEGRA DO NORTE;Não se Aplica;Baixo;ASSOCIACAO COMUNITARIA DOS PRODUTORES RURAIS DOS TORROES;Outros - Privado;Agência Nacional de Águas e Saneamento Básico - ANA;189;Não;1699/2020;;Não;Não;;Não;0,0;3,5;0,45;163,0;;Terra;;;;7564,0;Rio Espinharas;Região Hidrográfica ATLÂNTICO NORDESTE ORIENTAL;CBH do Rio Piancó-Piranhas-Açu;Federal;;;;;Operação;11-AUG-20;-6,51694;-37,36972;ótima;2019-09-12;NoData;NoData;2019,0;0,0;Fundacao;0,45;Original;5;24;0;5;13;18;4;18;47;Baixo;Medio;77,8;Bom;True;True;True;False;False;False;True;False;False;6;Media
18139;Barragem do Mucambo;Espelho 1728;Dessedentação Animal;PB;SÃO JOSÉ DO BREJO DO CRUZ;Alto;Médio;Jair Paulino Maia;Pessoa Física;Agência Nacional de Águas e Saneamento Básico - ANA;02501.004790/2022-09;Sim;s/n;;Não;Não;;Não;9,65;9,65;2,05;461,0;;Sem Informação;Irrigação;B;;7563214,0;Riacho Pau d'Arco;Região Hidrográfica ATLÂNTICO NORDESTE ORIENTAL;Piranhas-Açu;Federal;;;;;Operação;2000-01-01 00:00:00;-6,21973;-37,25324;boa;2019-09-12;9.2;1.037;2019,0;9,65;Fundacao;2,05;Original;8;23;0;5;13;18;4;21;46;Baixo;Medio;77,8;Bom;True;True;True;False;False;False;True;True;False;8;Alta
18172;Mimoso;;Irrigação;RN;OURO BRANCO;Não se Aplica;Baixo;José Petronilo de Azevedo;Pessoa Física;Agência Nacional de Águas e Saneamento Básico - ANA;169;Não;s/n;;Não;Não;2022-10-18;Não;6,92;6,92;0,35;268,0;;Sem Informação;;;;756246,0;Rio São José;Região Hidrográfica ATLÂNTICO NORDESTE ORIENTAL;CBH do Rio Piancó-Piranhas-Açu;Federal;;;;;Operação;2000-01-01 00:00:00;-6,66159;-36,88052;ótima;2019-09-12;NoData;NoData;2019,0;6,92;Fundacao;0,35;Original;8;23;0;5;13;18;4;21;46;Baixo;Medio;77,8;Bom;True;True;True;False;False;False;True;False;False;6;Media
21068;Fazenda Sucesso;;Irrigação;BA;CÂNDIDO SALES;Não Classificado;Não Classificado;JOÃO RODRIGUES DE ALMEIDA;Pessoa Física;Agência Nacional de Águas e Saneamento Básico - ANA;;Não Classificada;;;Não;Não;;Não;0,0;0,0;0,0;;0,0;Sem Informação;;;;77786,0;Ribeirão do Salitre;Região Hidrográfica ATLÂNTICO LESTE;;Federal;;;;;Operação;2020-07-03 00:00:00;-15,42469;-41,09678;mínima;2020-07-03;NoData;NoData;2020,0;0,0;Fundacao;0,0;Original;6;26;0;5;13;18;3;19;49;Baixo;Medio;66,7;Bom;True;True;True;False;False;True;True;False;False;6;Media
21069;Fazenda Morro Agudo-Eda;;Dessedentação Animal;RS;CAMBARÁ DO SUL;Não se Aplica;Baixo;Pedro Rodrigues dos Santos;Pessoa Física;Agência Nacional de Águas e Saneamento Básico - ANA;;Não;;;Não;Não;;Não;2,0;2,0;0,015;0,0;0,0;Terra;;;;79669926,0;SEM NOME;Região Hidrográfica ATLÂNTICO SUL;CBH dos Rios Taquari e Antas;Estadual;;;;;Operação;2020-07-03 00:00:00;-29,11794;-50,14919;baixa;2020-07-03;0;0;2020,0;2,0;Fundacao;0,015;Original;8;23;0;5;13;18;4;21;46;Baixo;Medio;77,8;Bom;True;True;True;False;False;False;True;False;False;6;Media
20952;PA Libertação - Barragem 02;;Irrigação;PE;ITAÍBA;Não Classificado;Não Classificado;Jailma Dias Barbosa da Silva;Pessoa Física;Agência Nacional de Águas e Saneamento Básico - ANA;;Não Classificada;;;Não;Não;;Não;2,0;2,0;0,006;;0,0;Sem Informação;;;;76116,0;Riacho do Trapiche;Região Hidrográfica do SÃO FRANCISCO;São Francisco;Federal;;;;;Operação;2020-06-30 00:00:00;-8,95931;-37,41183;baixa;2020-06-30;0;0;2020,0;2,0;Fundacao;0,006;Original;6;26;0;5;13;18;3;19;49;Baixo;Medio;66,7;Bom;True;True;True;False;False;True;True;False;False;6;Media
23746;Massa d'Água #221315;;Irrigação;MT;ALTO BOA VISTA;Não Classificado;Não Classificado;;;Agência Nacional de Águas e Saneamento Básico - ANA;;Não Classificada;;;Não;Não;;Não;;;;;;Sem Informação;;;;4254992,0;SEM NOME;Região Hidrográfica AMAZÔNICA;;Estadual;;;;;;;-11,80711;-51,82233;mínima;2021-02-15;NoData;NoData;2021,0;;Sem_Dado;;Sem_Dado;3;31;0;5;13;18;1;16;54;Dados Insuficientes;Medio;33,3;Parcial;True;True;True;True;True;True;True;False;False;7;Alta
23751;Massa d'Água #223190;;Irrigação;MS;PARANHOS;Não Classificado;Não Classificado;;;Agência Nacional de Águas e Saneamento Básico - ANA;;Não Classificada;;;Não;Não;;Não;;;;;;Sem Informação;;;;86332932,0;SEM NOME;Região Hidrográfica do PARANÁ;;Estadual;;;;;;;-23,73308;-55,31236;mínima;2021-02-15;NoData;NoData;2021,0;;Sem_Dado;;Sem_Dado;3;31;0;5;13;18;1;16;54;Dados Insuficientes;Medio;33,3;Parcial;True;True;True;True;True;True;True;False;False;7;Alta
22558;Massa d'Água #151174;;Irrigação;MS;IGUATEMI;Não Classificado;Não Classificado;;;Agência Nacional de Águas e Saneamento Básico - ANA;;Não Classificada;;;Não;Não;;Não;;;;;;Sem Informação;;;;86332222,0;Córrego Mandeí;Região Hidrográfica do PARANÁ;;Federal;;;;;;;-23,54433;-54,68561;mínima;2021-01-27;NoData;NoData;2021,0;;Sem_Dado;;Sem_Dado;3;31;0;5;13;18;1;16;54;Dados Insuficientes;Medio;33,3;Parcial;True;True;True;True;True;True;True;False;False;7;Alta
22570;Massa d'Água #154055;;Irrigação;MT;SÃO FÉLIX DO ARAGUAIA;Não Classificado;Não Classificado;;;Agência Nacional de Águas e Saneamento Básico - ANA;;Não Classificada;;;Não;Não;;Não;;;;;;Sem Informação;;;;67842,0;Ribeirãozinho Ribeirãozinho;Região Hidrográfica do TOCANTINS-ARAGUAIA;;Estadual;;;;;;;-11,63803;-51,66661;mínima;2021-01-27;NoData;NoData;2021,0;;Sem_Dado;;Sem_Dado;3;31;0;5;13;18;1;16;54;Dados Insuficientes;Medio;33,3;Parcial;True;True;True;True;True;True;True;False;False;7;Alta
22173;Açude do Limão;;Irrigação;PB;ARARUNA;Não Classificado;Não Classificado;;;Agência Nacional de Águas e Saneamento Básico - ANA;;Não Classificada;;;Não;Não;;Não;;;;;;Sem Informação;;;;75764,0;Rio Calabouço;Região Hidrográfica ATLÂNTICO NORDESTE ORIENTAL;;Federal;;;;;;;-6,55017;-35,80397;mínima;2020-12-28;NoData;NoData;2020,0;;Sem_Dado;;Sem_Dado;3;31;0;5;13;18;1;16;54;Dados Insuficientes;Medio;33,3;Parcial;True;True;True;True;True;True;True;False;False;7;Alta
22519;Massa d'Água #144145;;Irrigação;MT;ALTO BOA VISTA;Não Classificado;Não Classificado;;;Agência Nacional de Águas e Saneamento Básico - ANA;;Não Classificada;;;Não;Não;;Não;;;;;;Sem Informação;;;;4254978,0;Córrego das Cabaças;Região Hidrográfica AMAZÔNICA;;Estadual;;;;;;;-11,73792;-51,86669;mínima;2021-01-26;NoData;NoData;2021,0;;Sem_Dado;;Sem_Dado;3;31;0;5;13;18;1;16;54;Dados Insuficientes;Medio;33,3;Parcial;True;True;True;True;True;True;True;False;False;7;Alta
22311;Massa d'Água #80037;;Irrigação;MS;MIRANDA;Não Classificado;Não Classificado;;;Agência Nacional de Águas e Saneamento Básico - ANA;;Não Classificada;;;Não;Não;;Não;;;;;;Sem Informação;;;;89523272,0;Córrego Agachi;Região Hidrográfica do PARAGUAI;CBH do Rio Miranda;Estadual;;;;;;;-20,18653;-56,28275;mínima;2021-01-18;NoData;NoData;2021,0;;Sem_Dado;;Sem_Dado;3;31;0;5;13;18;1;16;54;Dados Insuficientes;Medio;33,3;Parcial;True;True;True;True;True;True;True;False;False;7;Alta
23876;Massa d'Água #243845;;Irrigação;PB;VÁRZEA;Não Classificado;Não Classificado;;;Agência Nacional de Águas e Saneamento Básico - ANA;;Não Classificada;;;Não;Não;;Não;;;;;;Sem Informação;;;;7562242,0;Riacho da Cozinha;Região Hidrográfica ATLÂNTICO NORDESTE ORIENTAL;Piranhas-Açu;Federal;;;;;;;-6,81956;-37,07106;mínima;2021-02-25;NoData;NoData;2021,0;;Sem_Dado;;Sem_Dado;3;31;0;5;13;18;1;16;54;Dados Insuficientes;Medio;33,3;Parcial;True;True;True;True;True;True;True;False;False;7;Alta
23877;Massa d'Água #243846;;Irrigação;BA;ENCRUZILHADA;Não Classificado;Não Classificado;;;Agência Nacional de Águas e Saneamento Básico - ANA;;Não Classificada;;;Não;Não;;Não;;;;;;Sem Informação;;;;77787162,0;Córrego do Canga;Região Hidrográfica ATLÂNTICO LESTE;;Federal;;;;;;;-15,57911;-41,26794;mínima;2021-02-25;NoData;NoData;2021,0;;Sem_Dado;;Sem_Dado;3;31;0;5;13;18;1;16;54;Dados Insuficientes;Medio;33,3;Parcial;True;True;True;True;True;True;True;False;False;7;Alta
23879;Massa d'Água #243868;;Irrigação;CE;SÃO BENEDITO;Não Classificado;Não Classificado;;;Agência Nacional de Águas e Saneamento Básico - ANA;;Não Classificada;;;Não;Não;;Não;;;;;;Sem Informação;;;;7428,0;Rio Inhuçu;Região Hidrográfica do PARNAÍBA;Parnaíba;Federal;;;;;;;-4,11456;-40,86075;mínima;2021-02-25;NoData;NoData;2021,0;;Sem_Dado;;Sem_Dado;3;31;0;5;13;18;1;16;54;Dados Insuficientes;Medio;33,3;Parcial;True;True;True;True;True;True;True;False;False;7;Alta
22256;Massa d'Água #69141;;Irrigação;MS;DOURADINA;Não Classificado;Não Classificado;;;Agência Nacional de Águas e Saneamento Básico - ANA;;Não Classificada;;;Não;Não;;Não;;;;;;Sem Informação;;;;8638772,0;Córrego Panambi;Região Hidrográfica do PARANÁ;CBH do Rio Ivinhema;Federal;;;;;;;-22,05392;-54,66633;mínima;2021-01-06;NoData;NoData;2021,0;;Sem_Dado;;Sem_Dado;3;31;0;5;13;18;1;16;54;Dados Insuficientes;Medio;33,3;Parcial;True;True;True;True;True;True;True;False;False;7;Alta
22260;Massa d'Água #69922;;Irrigação;MT;BRASNORTE;Não Classificado;Não Classificado;;;Agência Nacional de Águas e Saneamento Básico - ANA;;Não Classificada;;;Não;Não;;Não;;;;;;Sem Informação;;;;44822252,0;SEM NOME;Região Hidrográfica AMAZÔNICA;;Federal;;;;;;;-12,2145;-58,13936;mínima;2021-01-06;NoData;NoData;2021,0;;Sem_Dado;;Sem_Dado;3;31;0;5;13;18;1;16;54;Dados Insuficientes;Medio;33,3;Parcial;True;True;True;True;True;True;True;False;False;7;Alta
22281;Massa d'Água #77216;;Irrigação;MS;AQUIDAUANA;Não Classificado;Não Classificado;;;Agência Nacional de Águas e Saneamento Básico - ANA;;Não Classificada;;;Não;Não;;Não;;;;;;Sem Informação;;;;895242,0;SEM NOME;Região Hidrográfica do PARAGUAI;CBH do Rio Miranda;Estadual;;;;;;;-20,11147;-56,20831;mínima;2021-01-12;NoData;NoData;2021,0;;Sem_Dado;;Sem_Dado;3;31;0;5;13;18;1;16;54;Dados Insuficientes;Medio;33,3;Parcial;True;True;True;True;True;True;True;False;False;7;Alta
22283;Massa d'Água #77858;;Irrigação;AL;PORTO REAL DO COLÉGIO;Não Classificado;Não Classificado;;;Agência Nacional de Águas e Saneamento Básico - ANA;;Não Classificada;;;Não;Não;;Não;;;;;;Sem Informação;;;;7611194,0;Riacho do Camarão;Região Hidrográfica do SÃO FRANCISCO;São Francisco;Estadual;;;;;;;-10,18514;-36,82317;mínima;2021-01-12;NoData;NoData;2021,0;;Sem_Dado;;Sem_Dado;3;31;0;5;13;18;1;16;54;Dados Insuficientes;Medio;33,3;Parcial;True;True;True;True;True;True;True;False;False;7;Alta
21624;Isolado Bragança Paulista;;Abastecimento humano;SP;BRAGANÇA PAULISTA;Não se Aplica;Baixo;COMPANHIA DE SANEAMENTO BASICO DO ESTADO DE SAO PAULO - SABESP;Órgãos - Público;Agência Nacional de Águas e Saneamento Básico - ANA;02501.01312/2024-09;Não;DAEE nº 9800454;;Não;Não;;Não;2,5;2,5;0,015;;0,0;Sem Informação;;;;8666,0;Rio Jaguari;Região Hidrográfica do PARANÁ;PCJ;Federal;;;;;Operação;2020-11-19 00:00:00;-22,90546;-46,54268;ótima;2020-11-19;0;0;2020,0;2,5;Fundacao;0,015;Original;6;26;0;5;13;18;3;19;49;Baixo;Medio;66,7;Bom;True;True;True;False;False;True;True;False;False;6;Media
22333;Massa d'Água #86800;;Irrigação;MS;PARANHOS;Não Classificado;Não Classificado;;;Agência Nacional de Águas e Saneamento Básico - ANA;;Não Classificada;;;Não;Não;;Não;;;;;;Sem Informação;;;;863329358,0;Córrego Fortuna;Região Hidrográfica do PARANÁ;;Federal;;;;;;;-23,65569;-55,45106;mínima;2021-01-18;NoData;NoData;2021,0;;Sem_Dado;;Sem_Dado;3;31;0;5;13;18;1;16;54;Dados Insuficientes;Medio;33,3;Parcial;True;True;True;True;True;True;True;False;False;7;Alta
22340;Massa d'Água #87864;;Irrigação;RS;BENJAMIN CONSTANT DO SUL;Não Classificado;Não Classificado;;;Agência Nacional de Águas e Saneamento Básico - ANA;;Não Classificada;;;Não;Não;;Não;;;;;;Sem Informação;;;;8279212,0;Lajeado Grande;Região Hidrográfica do URUGUAI;CBH de Passo Fundo;Estadual;;;;;;;-27,46336;-52,63294;mínima;2021-01-18;NoData;NoData;2021,0;;Sem_Dado;;Sem_Dado;3;31;0;5;13;18;1;16;54;Dados Insuficientes;Medio;33,3;Parcial;True;True;True;True;True;True;True;False;False;7;Alta
23497;Massa d'Água #182317;;Irrigação;GO;ARUANÃ;Não Classificado;Não Classificado;;;Agência Nacional de Águas e Saneamento Básico - ANA;;Não Classificada;;;Não;Não;;Não;;;;;;Sem Informação;;;;6,0;Rio Araguaia;Região Hidrográfica do TOCANTINS-ARAGUAIA;CBH Médio Araguaia;Estadual;;;;;;;-14,88953;-51,07094;mínima;2021-02-10;NoData;NoData;2021,0;;Sem_Dado;;Sem_Dado;3;31;0;5;13;18;1;16;54;Dados Insuficientes;Medio;33,3;Parcial;True;True;True;True;True;True;True;False;False;7;Alta
23501;Açude da Fazenda;Massa d'Água #184617;Recreação;PR;PALMAS;Não se Aplica;Baixo;Associação das Mulheres Indígenas de Palmas - Paraná;;Agência Nacional de Águas e Saneamento Básico - ANA;02501.004369/2024-51;Não Classificada;43/2026/SRB-ANA-SEI;;Não;Não;;Não;2,0;2,0;0,009;84,0;;Terra;Paisagismo;;;86228,0;Rio das Lontras;Região Hidrográfica do PARANÁ;Iguaçu;Estadual;;;;;Operação;1983-01-01 00:00:00;-26,52422;-52,0337;ótima;2021-02-10;2;NoData;2021,0;2,0;Fundacao;0,009;Original;6;21;0;5;13;18;4;19;44;Baixo;Medio;77,8;Bom;True;True;True;False;False;False;True;False;False;6;Media
23504;Massa d'Água #186419;;Irrigação;SC;CAÇADOR;Não Classificado;Não Classificado;;;Agência Nacional de Águas e Saneamento Básico - ANA;;Não Classificada;;;Não;Não;;Não;;;;;;Sem Informação;;;;8279482,0;Rio Quinze de Novembro;Região Hidrográfica do URUGUAI;CBH do Rio Peixe (SC);Estadual;;;;;;;-26,74067;-51,1985;mínima;2021-02-10;NoData;NoData;2021,0;;Sem_Dado;;Sem_Dado;3;31;0;5;13;18;1;16;54;Dados Insuficientes;Medio;33,3;Parcial;True;True;True;True;True;True;True;False;False;7;Alta
23505;Massa d'Água #186489;;Irrigação;PE;TAMANDARÉ;Não Classificado;Não Classificado;;;Agência Nacional de Águas e Saneamento Básico - ANA;;Não Classificada;;;Não;Não;;Não;;;;;;Sem Informação;;;;7593922,0;SEM NOME;Região Hidrográfica ATLÂNTICO NORDESTE ORIENTAL;;Estadual;;;;;;;-8,72267;-35,18792;mínima;2021-02-10;0;0;2021,0;;Sem_Dado;;Sem_Dado;3;31;0;5;13;18;1;16;54;Dados Insuficientes;Medio;33,3;Parcial;True;True;True;True;True;True;True;False;False;7;Alta
22337;Massa d'Água #87514;;Irrigação;MG;LADAINHA;Não Classificado;Não Classificado;;;Agência Nacional de Águas e Saneamento Básico - ANA;;Não Classificada;;;Não;Não;;Não;;;;;;Sem Informação;;;;779694,0;Rio Manso;Região Hidrográfica ATLÂNTICO LESTE;CBH do Rio Mucuri;Estadual;;;;;;;-17,64156;-41,66103;mínima;2021-01-18;NoData;NoData;2021,0;;Sem_Dado;;Sem_Dado;3;31;0;5;13;18;1;16;54;Dados Insuficientes;Medio;33,3;Parcial;True;True;True;True;True;True;True;False;False;7;Alta
23833;Massa d'Água #243537;;Irrigação;ES;PEDRO CANÁRIO;Não Classificado;Não Classificado;;;Agência Nacional de Águas e Saneamento Básico - ANA;;Não Classificada;;;Não;Não;;Não;;;;;;Sem Informação;;;;7797878,0;Córrego do Seis;Região Hidrográfica ATLÂNTICO LESTE;CBH do Rio Itaúnas;Federal;;;;;;;-18,01772;-40,17431;mínima;2021-02-23;NoData;NoData;2021,0;;Sem_Dado;;Sem_Dado;3;31;0;5;13;18;1;16;54;Dados Insuficientes;Medio;33,3;Parcial;True;True;True;True;True;True;True;False;False;7;Alta
23794;Massa d'Água #235172;;Irrigação;PR;ORTIGUEIRA;Não Classificado;Não Classificado;;;Agência Nacional de Águas e Saneamento Básico - ANA;;Não Classificada;;;Não;Não;;Não;;;;;;Sem Informação;;;;8642372,0;Rio Barra Grande;Região Hidrográfica do PARANÁ;Paranapanema;Federal;;;;;;;-24,20583;-50,96872;mínima;2021-02-17;NoData;NoData;2021,0;;Sem_Dado;;Sem_Dado;3;31;0;5;13;18;1;16;54;Dados Insuficientes;Medio;33,3;Parcial;True;True;True;True;True;True;True;False;False;7;Alta
20836;Fazenda 3L - Barragem 01;;Irrigação;GO;OURO VERDE DE GOIÁS;Não Classificado;Não Classificado;Sebastião Célio Rodrigues da Cunha;Pessoa Física;Agência Nacional de Águas e Saneamento Básico - ANA;;Não Classificada;;;Não;Não;;Não;;;;;0,0;Sem Informação;;;;64,0;Rio Padre Souza;Região Hidrográfica do TOCANTINS-ARAGUAIA;CBH do Rio das Almas e Afluentes Goianos do Rio Maranhão;Federal;;;;;Operação;2020-06-25 00:00:00;-16,19738;-49,18571;mínima;2020-06-25;NoData;NoData;2020,0;;Sem_Dado;;Sem_Dado;6;30;0;5;13;18;2;19;53;Dados Insuficientes;Medio;44,4;Parcial;True;True;True;True;True;True;True;False;False;7;Alta
23856;Massa d'Água #243751;;Irrigação;SE;CARIRA;Não Classificado;Não Classificado;;;Agência Nacional de Águas e Saneamento Básico - ANA;;Não Classificada;;;Não;Não;;Não;;;;;;Sem Informação;;;;771496,0;Riacho Melancia;Região Hidrográfica ATLÂNTICO LESTE;CBH do Rio Sergipe;Federal;;;;;;;-10,24067;-37,75167;mínima;2021-02-25;NoData;NoData;2021,0;;Sem_Dado;;Sem_Dado;3;31;0;5;13;18;1;16;54;Dados Insuficientes;Medio;33,3;Parcial;True;True;True;True;True;True;True;False;False;7;Alta
23870;Massa d'Água #243818;;Irrigação;BA;UAUÁ;Não Classificado;Não Classificado;;;Agência Nacional de Águas e Saneamento Básico - ANA;;Não Classificada;;;Não;Não;;Não;;;;;;Sem Informação;;;;7716,0;Rio Vaza-Barris;Região Hidrográfica ATLÂNTICO LESTE;;Federal;;;;;;;-9,89472;-39,65167;mínima;2021-02-25;NoData;NoData;2021,0;;Sem_Dado;;Sem_Dado;3;31;0;5;13;18;1;16;54;Dados Insuficientes;Medio;33,3;Parcial;True;True;True;True;True;True;True;False;False;7;Alta
20939;Fazenda Itapoã - Barragem 01;;Irrigação;ES;MUCURICI;Não se Aplica;Baixo;SUZANO PAPEL E CELULOSE S.A.;Empresas em Geral - Privado;Agência Nacional de Águas e Saneamento Básico - ANA;02501.002561/2024-11;Não;83/2025/SRB-ANA-SEI;;Não;Não;;Não;2,7;2,7;0,023;0,0;0,0;Concreto convencional;;;;7797892,0;Córrego Barreado e Córrego Limoeiro;Região Hidrográfica ATLÂNTICO LESTE;CBH do Rio Itaúnas;Federal;;;;;Operação;2020-06-30 00:00:00;-17,92614;-40,40486;ótima;2020-06-30;0;0;2020,0;2,7;Fundacao;0,023;Original;6;21;0;5;13;18;4;19;44;Baixo;Medio;77,8;Bom;True;True;True;False;False;False;True;False;False;6;Media
20943;Fazenda Duas Barras;;Irrigação;MG;NANUQUE;Não Classificado;Não Classificado;Waltezio Fernandes Dos Santos;Pessoa Física;Agência Nacional de Águas e Saneamento Básico - ANA;;Não Classificada;;;Não;Não;;Não;0,0;0,0;0,0;;0,0;Sem Informação;;;;7797892,0;Córrego Barreado e Córrego Limoeiro;Região Hidrográfica ATLÂNTICO LESTE;;Federal;;;;;Operação;2020-06-30 00:00:00;-17,92375;-40,39319;mínima;2020-06-30;NoData;NoData;2020,0;0,0;Fundacao;0,0;Original;6;26;0;5;13;18;3;19;49;Baixo;Medio;66,7;Bom;True;True;True;False;False;True;True;False;False;6;Media
20946;Fazenda São Roque;;Irrigação;TO;ARAGUAÇU;Não Classificado;Não Classificado;Antônio Carlos Firini;Pessoa Física;Agência Nacional de Águas e Saneamento Básico - ANA;;Não Classificada;;;Não;Não;;Não;0,0;0,0;0,0;;0,0;Sem Informação;;;;66686,0;Rio Tiúba;Região Hidrográfica do TOCANTINS-ARAGUAIA;;Federal;;;;;Operação;2020-06-30 00:00:00;-12,96464;-49,91428;mínima;2020-06-30;NoData;NoData;2020,0;0,0;Fundacao;0,0;Original;6;26;0;5;13;18;3;19;49;Baixo;Medio;66,7;Bom;True;True;True;False;False;True;True;False;False;6;Media
22203;Massa d'Água #29099;;Irrigação;BA;ABARÉ;Não Classificado;Não Classificado;;;Agência Nacional de Águas e Saneamento Básico - ANA;;Não Classificada;;;Não;Não;;Não;;;;;;Sem Informação;;;;761374,0;Riacho do Icó;Região Hidrográfica do SÃO FRANCISCO;São Francisco;Estadual;;;;;;;-8,58575;-39,33508;mínima;2020-12-29;NoData;NoData;2020,0;;Sem_Dado;;Sem_Dado;3;31;0;5;13;18;1;16;54;Dados Insuficientes;Medio;33,3;Parcial;True;True;True;True;True;True;True;False;False;7;Alta
22507;Massa d'Água #141032;;Irrigação;SC;ABELARDO LUZ;Não Classificado;Não Classificado;;;Agência Nacional de Águas e Saneamento Básico - ANA;;Não Classificada;;;Não;Não;;Não;;;;;;Sem Informação;;;;8278,0;Rio Chapecó;Região Hidrográfica do URUGUAI;CBH dos Rios Chapecó e Irani;Estadual;;;;;;;-26,56672;-52,35503;mínima;2021-01-25;NoData;NoData;2021,0;;Sem_Dado;;Sem_Dado;3;31;0;5;13;18;1;16;54;Dados Insuficientes;Medio;33,3;Parcial;True;True;True;True;True;True;True;False;False;7;Alta
22611;Massa d'Água #159867;;Irrigação;SC;CAÇADOR;Não Classificado;Não Classificado;;;Agência Nacional de Águas e Saneamento Básico - ANA;;Não Classificada;;;Não;Não;;Não;;;;;;Sem Informação;;;;8279482,0;Rio Quinze de Novembro;Região Hidrográfica do URUGUAI;CBH do Rio Peixe (SC);Estadual;;;;;;;-26,74883;-51,20297;mínima;2021-01-28;NoData;NoData;2021,0;;Sem_Dado;;Sem_Dado;3;31;0;5;13;18;1;16;54;Dados Insuficientes;Medio;33,3;Parcial;True;True;True;True;True;True;True;False;False;7;Alta
23584;Massa d'Água #194724;;Irrigação;BA;ILHÉUS;Não Classificado;Não Classificado;;;Agência Nacional de Águas e Saneamento Básico - ANA;;Não Classificada;;;Não;Não;;Não;;;;;;Sem Informação;;;;777522,0;Rio Curutinga;Região Hidrográfica ATLÂNTICO LESTE;CBH do Leste;Estadual;;;;;;;-14,92089;-39,07319;mínima;2021-02-11;NoData;NoData;2021,0;;Sem_Dado;;Sem_Dado;3;31;0;5;13;18;1;16;54;Dados Insuficientes;Medio;33,3;Parcial;True;True;True;True;True;True;True;False;False;7;Alta
20976;Fazenda Santa Rita;;Irrigação;SC;INDAIAL;Não Classificado;Não Classificado;Ranieri Luis Siquela;Pessoa Física;Agência Nacional de Águas e Saneamento Básico - ANA;;Não Classificada;;;Não;Não;;Não;0,0;0,0;0,0;;0,0;Sem Informação;;;;795452,0;Ribeirão Warnow e Rio Warnow Grande;Região Hidrográfica ATLÂNTICO SUL;CBH do Rio Itajaí;Estadual;;;;;Operação;2020-07-01 00:00:00;-27,11281;-49,17311;mínima;2020-07-01;NoData;NoData;2020,0;0,0;Fundacao;0,0;Original;6;26;0;5;13;18;3;19;49;Baixo;Medio;66,7;Bom;True;True;True;False;False;True;True;False;False;6;Media
22514;Massa d'Água #143330;;Irrigação;BA;BUERAREMA;Não Classificado;Não Classificado;;;Agência Nacional de Águas e Saneamento Básico - ANA;;Não Classificada;;;Não;Não;;Não;;;;;;Sem Informação;;;;777426,0;Rio Santaninha;Região Hidrográfica ATLÂNTICO LESTE;CBH do Leste;Estadual;;;;;;;-15,01158;-39,19378;mínima;2021-01-25;NoData;NoData;2021,0;;Sem_Dado;;Sem_Dado;3;31;0;5;13;18;1;16;54;Dados Insuficientes;Medio;33,3;Parcial;True;True;True;True;True;True;True;False;False;7;Alta
20883;Sítio Benfica;;Irrigação;PB;SÃO JOSÉ DO SABUGI;Não Classificado;Não Classificado;Albertina Pereira de Oliveira Morais;Pessoa Física;Agência Nacional de Águas e Saneamento Básico - ANA;;Não Classificada;;;Não;Não;;Não;0,0;0,0;0,0;;0,0;Sem Informação;;;;7562838,0;Rio Santana;Região Hidrográfica ATLÂNTICO NORDESTE ORIENTAL;Piranhas-Açu;Federal;;;;;Operação;2020-06-27 00:00:00;-6,89644;-36,78069;mínima;2020-06-27;NoData;NoData;2020,0;0,0;Fundacao;0,0;Original;6;26;0;5;13;18;3;19;49;Baixo;Medio;66,7;Bom;True;True;True;False;False;True;True;False;False;6;Media
20913;Fazenda Londrina;;Irrigação;MG;SERRA DOS AIMORÉS;Não Classificado;Não Classificado;José Gabriel Esaú dos Santos Neto;Pessoa Física;Agência Nacional de Águas e Saneamento Básico - ANA;;Não Classificada;;;Não;Não;;Não;0,0;0,0;0,0;;0,0;Sem Informação;;;;77956,0;Rio Pau Alto;Região Hidrográfica ATLÂNTICO LESTE;;Federal;;;;;Operação;2020-06-29 00:00:00;-17,83275;-40,22089;mínima;2020-06-29;NoData;NoData;2020,0;0,0;Fundacao;0,0;Original;6;26;0;5;13;18;3;19;49;Baixo;Medio;66,7;Bom;True;True;True;False;False;True;True;False;False;6;Media
20925;Gleba Iquê;;Irrigação;RO;VILHENA;Não Classificado;Não Classificado;Instituto Nacional de Colonização e Reforma Agrária - INCRA - RO;;Agência Nacional de Águas e Saneamento Básico - ANA;;Não Classificada;;;Não;Não;;Não;0,0;0,0;0,0;;0,0;Sem Informação;;;;44966,0;Rio Iquê;Região Hidrográfica AMAZÔNICA;;Federal;;;;;Operação;2020-06-29 00:00:00;-12,62297;-60,06981;mínima;2020-06-29;NoData;NoData;2020,0;0,0;Fundacao;0,0;Original;6;26;0;5;13;18;3;19;49;Baixo;Medio;66,7;Bom;True;True;True;False;False;True;True;False;False;6;Media
22227;Massa d'Água #60283;;Irrigação;MS;CAARAPÓ;Não Classificado;Não Classificado;;;Agência Nacional de Águas e Saneamento Básico - ANA;;Não Classificada;;;Não;Não;;Não;;;;;;Sem Informação;;;;863444,0;Córrego Saverá;Região Hidrográfica do PARANÁ;;Estadual;;;;;;;-22,61361;-54,99897;mínima;2020-12-30;NoData;NoData;2020,0;;Sem_Dado;;Sem_Dado;3;31;0;5;13;18;1;16;54;Dados Insuficientes;Medio;33,3;Parcial;True;True;True;True;True;True;True;False;False;7;Alta
22381;Massa d'Água #96394;;Irrigação;SC;VITOR MEIRELES;Não Classificado;Não Classificado;;;Agência Nacional de Águas e Saneamento Básico - ANA;;Não Classificada;;;Não;Não;;Não;;;;;;Sem Informação;;;;795466,0;Rio Prata;Região Hidrográfica ATLÂNTICO SUL;CBH do Rio Itajaí;Estadual;;;;;;;-26,71025;-49,84506;mínima;2021-01-19;NoData;NoData;2021,0;;Sem_Dado;;Sem_Dado;3;31;0;5;13;18;1;16;54;Dados Insuficientes;Medio;33,3;Parcial;True;True;True;True;True;True;True;False;False;7;Alta
22402;Massa d'Água #105158;;Irrigação;MS;LAGUNA CARAPÃ;Não Classificado;Não Classificado;;;Agência Nacional de Águas e Saneamento Básico - ANA;;Não Classificada;;;Não;Não;;Não;;;;;;Sem Informação;;;;86344,0;Rio Piratinim;Região Hidrográfica do PARANÁ;;Federal;;;;;;;-22,84331;-54,84703;mínima;2021-01-20;NoData;NoData;2021,0;;Sem_Dado;;Sem_Dado;3;31;0;5;13;18;1;16;54;Dados Insuficientes;Medio;33,3;Parcial;True;True;True;True;True;True;True;False;False;7;Alta
27423;João de Paula Mostre;;Dessedentação Animal;MG;ANDRADAS;Não se Aplica;Baixo;João de Paula Mostre;Pessoa Física;Agência Nacional de Águas e Saneamento Básico - ANA;02501.004720/2022-42;Não;;;Não;Não;;Não;1,5;1,5;0,045;;;Sem Informação;;;;86846,0;Rio Jaguari-mirim;Região Hidrográfica do PARANÁ;Grande;Federal;;;;;Operação;20-OCT-20;-22,08564;-46,51206;baixa;2022-10-19;0;0;2022,0;1,5;Fundacao;0,045;Original;3;27;0;5;13;18;3;16;50;Baixo;Medio;66,7;Bom;True;True;True;False;False;True;True;False;False;6;Media
1487;Jaburu II;;Combate às secas;CE;INDEPENDÊNCIA;Médio;Alto;Companhia de Gestão dos Recursos Hídricos;Sociedades de Economia Mista - Público - Privado;Agência Nacional de Águas e Saneamento Básico - ANA;;Sim;241/2017;Sim;Sim;Sim;2025-04-01;Não;16,2;16,2;127,66;0,0;0,0;Terra;;;;742,0;Riacho Curiú;Região Hidrográfica do PARNAÍBA;Parnaíba;Federal;2024-09-19;Regular;Atenção;;Operação;2000-01-01 00:00:00;-5,41761;-40,47926;ótima;2018-10-11;0;0;2018,0;16,2;Fundacao;127,66;Original;8;23;4;4;0;0;4;12;27;Baixo;Baixo;100,0;Completo;False;False;False;False;False;False;False;True;True;5;Media
3;Barragem São Jacó;"Barragem na propriedade Módulo ""A"" - lote 3 (Fazenda São Jacó)";Irrigação;DF;BRASÍLIA;Não se Aplica;Baixo;Paulo Roberto Bonato;Pessoa Física;Agência Nacional de Águas e Saneamento Básico - ANA;02501.001445/2015-86;Não;336/2011;;Não;Não;;Não;12,39;10,7;1,07;250,0;0,0;Terra;;;;86,0;Rio Samambaia;Região Hidrográfica do PARANÁ;Paranaíba;Federal;2013-03-23;Regular;Normal;Não;Operação;1978-01-01 00:00:00;-16,00972;-47,60088;ótima;2019-02-11;0;0;2019,0;12,39;Fundacao;1,07;Original;7;22;2;2;13;18;4;22;42;Baixo;Medio;88,9;Bom;True;True;True;False;False;False;False;False;False;5;Media
23;Berizal;;Regularização de vazão;MG;BERIZAL;Não se Aplica;Alto;Departamento Nacional de Obras Contra as Secas - DNOCS - CE;Autarquias - Público;Agência Nacional de Águas e Saneamento Básico - ANA;6;Sim;5042006;;Não;Não;;Não;41,0;41,0;339,396;520,0;;Terra;Combate às secas;;;7778,0;Rio Pardo;Região Hidrográfica ATLÂNTICO LESTE;CBH do Rio Mosquito;Federal;;;;;Construção;2015-11-24 00:00:00;-15,61181;-41,87425;boa;2018-06-21;NoData;NoData;2018,0;41,0;Fundacao;339,396;Original;10;25;0;5;13;18;4;23;48;Baixo;Medio;77,8;Bom;True;True;True;False;False;False;True;True;True;11;Urgente
24;Gasparino;;Abastecimento humano;BA;CORONEL JOÃO SÁ;Médio;Alto;CERB - Companhia de Engenharia Ambiental e Recursos Hídricos da Bahia;Sociedades de Economia Mista - Público - Privado;Agência Nacional de Águas e Saneamento Básico - ANA;7;Sim;277/2018;Sim;Sim;Sim;2025-08-07;Não;23,33;23,33;48,61;927,0;0,0;Concreto compactado a rolo (CCR);;;;7716,0;Rio Vaza-Barris;Região Hidrográfica ATLÂNTICO LESTE;;Federal;2022-06-29;Regular;Alerta;;Operação;2012-01-01 00:00:00;-10,27689;-38,05444;ótima;2018-03-22;NoData;NoData;2018,0;23,33;Fundacao;48,61;Original;8;23;8;8;0;0;4;16;31;Alto;Alto;100,0;Completo;False;False;False;False;False;False;False;True;True;7;Alta
132;Fazenda São João;;Irrigação;ES;PEDRO CANÁRIO;Não se Aplica;Baixo;Alvaro Pandolfi;Pessoa Física;Agência Nacional de Águas e Saneamento Básico - ANA;02501.002233/2016-05;Não;1362014;;Não;Não;;Não;3,0;3,0;0,01;;;Terra;;;;77978,0;Rio Itaúnas;Região Hidrográfica ATLÂNTICO LESTE;CBH do Rio Itaúnas;Federal;;;;;Operação;17-FEB-14;-18,06454;-40,15001;ótima;2019-05-02;0;0;2019,0;3,0;Fundacao;0,01;Original;3;27;0;5;13;18;3;16;50;Baixo;Medio;66,7;Bom;True;True;True;False;False;True;True;False;False;6;Media
135;Fazenda Divisa;;Irrigação;BA;MUCURI;Não se Aplica;Baixo;Jaldemir Badiani;Pessoa Física;Agência Nacional de Águas e Saneamento Básico - ANA;02501.002237/2016-85;Não;138;;Não;Não;;Não;6,0;6,0;0,41;;;Terra;;;;7797872,0;Córrego do Engano;Região Hidrográfica ATLÂNTICO LESTE;;Federal;;;;;Operação;17-FEB-14;-18,07139;-40,0675;ótima;2019-02-11;0;0;2019,0;6,0;Fundacao;0,41;Original;3;27;0;5;13;18;3;16;50;Baixo;Medio;66,7;Bom;True;True;True;False;False;True;True;False;False;6;Media
136;Jaburu I;;Abastecimento humano;CE;UBAJARA;Alto;Alto;Companhia de Gestão dos Recursos Hídricos;Sociedades de Economia Mista - Público - Privado;Agência Nacional de Águas e Saneamento Básico - ANA;51;Sim;13842016;Sim;Sim;Sim;2025-04-03;Não;51,75;46,0;138,12;770,0;0,0;Terra;Regularização de vazão;;;7414262,0;Rio Jaburu;Região Hidrográfica do PARNAÍBA;Parnaíba;Federal;2024-10-14;Regular;Alerta;Não;Operação;1983-01-01 00:00:00;-3,86508;-41,11328;ótima;2018-03-28;0;0;2018,0;51,75;Fundacao;138,12;Original;9;24;8;8;0;0;4;17;32;Alto;Alto;100,0;Completo;False;False;False;False;False;False;False;True;True;7;Alta
130;Fazenda Camponesa;;Irrigação;ES;PEDRO CANÁRIO;Não se Aplica;Baixo;Carlito Correia do Nascimento;Pessoa Física;Agência Nacional de Águas e Saneamento Básico - ANA;02501.002236/2016-31;Não;1402014;;Não;Não;;Não;5,5;5,5;0,08;;0,0;Terra;;;;7797872,0;Córrego do Engano;Região Hidrográfica ATLÂNTICO LESTE;CBH do Rio Itaúnas;Federal;;;;;Operação;17-FEB-14;-18,06117;-40,09966;ótima;2019-02-11;0;0;2019,0;5,5;Fundacao;0,08;Original;3;27;0;5;13;18;3;16;50;Baixo;Medio;66,7;Bom;True;True;True;False;False;True;True;False;False;6;Media
43;Tucutu - PISF;;Abastecimento humano;PE;CABROBÓ;Baixo;Alto;Ministério da Integração Nacional;Órgãos - Público;Agência Nacional de Águas e Saneamento Básico - ANA;02501.000536/2017-66;Sim;1133;Sim;Sim;Sim;2018-06-19;Não;14,8;14,8;23,97;2524,0;;Terra;Combate às secas;;;7613942,0;Riacho Tucutu;Região Hidrográfica do SÃO FRANCISCO;São Francisco;Federal;2025-05-08;Regular;Normal;Não;Operação;09-DEC-19;-8,46828;-39,4625;ótima;2018-03-21;0;0;2018,0;14,8;Fundacao;23,97;Original;8;27;2;2;0;0;4;10;29;Baixo;Baixo;100,0;Completo;False;False;False;False;False;False;False;True;True;5;Media
47;Japi II;;Regularização de vazão;RN;SÃO JOSÉ DO CAMPESTRE;Alto;Alto;Departamento Nacional de Obras Contra as Secas - DNOCS - RN;Autarquias - Público;Agência Nacional de Águas e Saneamento Básico - ANA;02501.001536/2015-11;Sim;3922014;Sim;Sim;Sim;2024-08-23;Não;20,55;20,55;20,65;408,0;0,0;Terra;Defesa contra inundações;;;75742,0;Rio Japi;Região Hidrográfica ATLÂNTICO NORDESTE ORIENTAL;;Federal;2024-08-23;Regular;Atenção;;Operação;1965-01-01 00:00:00;-6,34586;-35,7945;ótima;2017-08-24;0;0;2017,0;20,55;Fundacao;20,65;Original;11;26;4;4;0;0;4;15;30;Baixo;Baixo;100,0;Completo;False;False;False;False;False;False;False;True;True;5;Media
86;Moraes, Santa Fé, São Nicolau e Ponta Negra;Fazenda Santa Fé;Irrigação;GO;CRISTALINA;Médio;Baixo;José Donato Milani;Pessoa Física;Agência Nacional de Águas e Saneamento Básico - ANA;02501.001484/2015-83;Sim;902014;Não;Sim;Sim;2025-09-24;Não;16,0;16,0;3,44;412,0;;Terra;;;;7684776,0;Córrego Morais;Região Hidrográfica do PARANÁ;São Francisco;Federal;2024-02-01;Regular;Atenção;;Operação;2009-01-01 00:00:00;-16,23108;-47,40906;ótima;2018-10-11;0;0;2018,0;16,0;Fundacao;3,44;Original;9;24;4;4;5;5;4;18;33;Baixo;Baixo;100,0;Completo;True;False;False;False;False;False;False;True;False;4;Media
81;Serra do Livramento - PISF;;Abastecimento humano;PE;CABROBÓ;Médio;Alto;Ministério da Integração Nacional;Órgãos - Público;Agência Nacional de Águas e Saneamento Básico - ANA;02501.000538/2017-55;Sim;1133;Sim;Sim;Sim;2022-12-15;Não;25,77;25,77;18,52;2944,0;0,0;Enrocamento;Combate às secas;;;761384,0;Riacho Salgueiro;Região Hidrográfica do SÃO FRANCISCO;São Francisco;Federal;2025-05-14;Regular;Normal;;Operação;09-DEC-19;-8,21833;-39,31556;ótima;2018-03-21;0;0;2018,0;25,77;Fundacao;18,52;Original;9;28;2;2;0;0;4;11;30;Baixo;Baixo;100,0;Completo;False;False;False;False;False;False;False;True;True;5;Media
127;Fazenda Jundiá;;Irrigação;ES;SÃO MATEUS;Não se Aplica;Baixo;Isaias Freitas Nascimento;Pessoa Física;Agência Nacional de Águas e Saneamento Básico - ANA;02501.002229/2016-39;Não;6042012;;Não;Não;;Não;4,0;4,0;0,08;;;Terra;;;;779782,0;Rio Itauninhas;Região Hidrográfica ATLÂNTICO LESTE;CBH do Rio Itaúnas;Federal;;;;Não;Operação;08-OCT-12;-18,51147;-40,09744;ótima;2019-02-11;0;0;2019,0;4,0;Fundacao;0,08;Original;3;27;0;5;13;18;3;16;50;Baixo;Medio;66,7;Bom;True;True;True;False;False;True;True;False;False;6;Media
134;Arroio Carpinteria;;Irrigação;RS;ACEGUÁ;Não se Aplica;Baixo;Walter Gomes Vaz;Pessoa Física;Agência Nacional de Águas e Saneamento Básico - ANA;02501.002235/2016-96;Não;13542016;;Não;Não;;Não;1,0;1,0;0,103;423,4;0,0;Concreto convencional;;;;822692,0;Arroyo Carpinteria;Região Hidrográfica do URUGUAI;CBH do Rio Negro (RS);Federal;;;;Não;Operação;2016-11-07 00:00:00;-31,65975;-54,37242;ótima;2019-02-11;0;0;2019,0;1,0;Fundacao;0,103;Original;7;22;0;5;13;18;4;20;45;Baixo;Medio;77,8;Bom;True;True;True;False;False;False;True;False;False;6;Media
3384;Santa Idalina;;Irrigação;PB;CATOLÉ DO ROCHA;Alto;Alto;Fábio Mariz Maia Filho;Pessoa Física;Agência Nacional de Águas e Saneamento Básico - ANA;102;Sim;2113/2018;Sim;Sim;Não;2023-09-27;Não;9,74;9,74;0,99;0,0;31,0;Terra;;;;75632,0;Riacho Marcelina;Região Hidrográfica ATLÂNTICO NORDESTE ORIENTAL;Piranhas-Açu;Federal;;;;Não;Operação;06-OCT-16;-6,24917;-37,73833;boa;2019-02-11;NoData;NoData;2019,0;9,74;Fundacao;0,99;Original;5;24;0;5;5;5;4;10;34;Baixo;Baixo;88,9;Bom;False;False;True;False;False;False;True;True;True;7;Alta
3373;Poço da Pedra;;Irrigação;RN;CAICÓ;Não se Aplica;Baixo;Manoel Pereira Neto;Pessoa Física;Agência Nacional de Águas e Saneamento Básico - ANA;02501.001577/2015-16;Não;2112/2018;;Não;Não;;Não;6,84;;0,539;331,23;0,24;Terra;;;;756224,0;Riacho do Cordeiro;Região Hidrográfica ATLÂNTICO NORDESTE ORIENTAL;Piranhas-Açu;Federal;;;;Não;Operação;21-DEC-80;-6,72156;-37,05258;ótima;2019-02-11;0;0;2019,0;6,84;Fundacao;0,539;Original;6;25;0;5;13;18;4;19;48;Baixo;Medio;77,8;Bom;True;True;True;False;False;False;True;False;False;6;Media
3374;Pântano;;Irrigação;MG;UNAÍ;Baixo;Baixo;Dirceu Luiz Gatto;Pessoa Física;Agência Nacional de Águas e Saneamento Básico - ANA;02501.005752/2018-89;Sim;2109/2018;Não;Sim;Sim;2025-09-24;Não;8,0;;7,8;0,0;0,0;Terra;;;;869998932,0;SEM NOME;Região Hidrográfica do PARANÁ;Paranaíba;Federal;2025-09-24;Regular;Normal;;Operação;31-DEC-00;-16,34556;-47,26483;ótima;2019-03-14;0;0;2019,0;8,0;Fundacao;7,8;Original;5;24;2;2;5;5;4;12;31;Baixo;Baixo;100,0;Completo;True;False;False;False;False;False;False;True;False;4;Media
470;BARRAGEM Nº 02 - SEDE FAZENDA OK;;Irrigação;DF;BRASÍLIA;Não se Aplica;Baixo;LUIZ ESTEVÃO DE OLIVEIRA NETO;Pessoa Física;Agência Nacional de Águas e Saneamento Básico - ANA;02501.000653/2017-20;Não;240/2013;;Não;Não;;Não;5,0;;0,005;60,0;0,0;Terra;;;;768478,0;Ribeirão São Bernardo;Região Hidrográfica do SÃO FRANCISCO;São Francisco;Federal;;;;Não;Operação;2000-01-01 00:00:00;-16,03064;-47,50178;ótima;2019-02-11;0;0;2019,0;5,0;Fundacao;0,005;Original;7;22;0;5;13;18;4;20;45;Baixo;Medio;77,8;Bom;True;True;True;False;False;False;True;False;False;6;Media
2725;Barragem 07;;Dessedentação Animal;MS;CAARAPÓ;Não Classificado;Baixo;Agropecuária e Florestal Triângulo LTDA;Empresas em Geral - Privado;Agência Nacional de Águas e Saneamento Básico - ANA;DURH 10757;Não;10757;;Não;Não;;Não;0,0;2,0;0,006;0,0;;Terra;Irrigação;;;863861392,0;Córrego Caracu;Região Hidrográfica do PARANÁ;CBH do Rio Ivinhema;Estadual;;;;;Desativada;2000-01-01 00:00:00;-22,56614;-54,58533;ótima;2018-09-10;0;0;2018,0;0,0;Fundacao;0,006;Original;7;22;0;5;13;18;4;20;45;Baixo;Medio;77,8;Bom;True;True;True;False;False;False;True;False;False;6;Media
1703;Retiro;;Abastecimento humano;PB;CUITÉ;Baixo;Alto;Secretaria de Estado da Infraestrutura e Recursos Hídricos;Órgãos - Público;Agência Nacional de Águas e Saneamento Básico - ANA;;Sim;2380/2021;;Não;Não;;Não;33,0;33,0;40,5;;;Concreto compactado a rolo (CCR);Irrigação;;;75742,0;Rio Japi;Região Hidrográfica ATLÂNTICO NORDESTE ORIENTAL;;Federal;2025-11-26;Regular;Normal;;Operação;13-DEC-21;-6,49093;-35,968;boa;2018-03-02;0;0;2018,0;33,0;Fundacao;40,5;Original;3;27;2;2;13;18;3;18;47;Baixo;Medio;77,8;Bom;True;True;True;False;False;True;False;True;True;10;Urgente
35174;Barragem Captação Água Nova (C2);;Industrial;TO;ARRAIAS;Alto;Médio;ITAFOS ARRAIAS MINERACAO E FERTILIZANTES S.A.;Empresas em Geral - Privado;Agência Nacional de Águas e Saneamento Básico - ANA;02501.007415/2025-55;Sim;88/2025/SRB-ANA-SEI;;Não;Não;;Não;28,7;28,7;9,428;123,0;110,0;Concreto compactado a rolo (CCR);;B;;646368,0;Rio Bezerra;Região Hidrográfica do TOCANTINS-ARAGUAIA;;Federal;2025-11-25;Regular;Atenção;Não;Operação;01-FEB-13;-12,939;-46,80839;boa;2025-08-20;;;;28,7;Fundacao;9,428;Original;4;23;4;4;13;18;4;21;45;Baixo;Medio;88,9;Bom;True;True;True;False;False;False;False;True;False;7;Alta
1945;Fazenda posto Branco;;Irrigação;RS;SANT'ANA DO LIVRAMENTO;Não se Aplica;Baixo;Celina Hamilton Alboronoz;Pessoa Física;Agência Nacional de Águas e Saneamento Básico - ANA;173;Não;1892/08;;Não;Não;;Não;7,55;7,55;0,959;;;Sem Informação;;;;824942,0;Sanga da Lagoa;Região Hidrográfica do URUGUAI;CBH do Rio Quaraí;Federal;;;;;;;-31,05222;-56,00417;ótima;2018-01-29;NoData;NoData;2018,0;7,55;Fundacao;0,959;Original;3;27;0;5;13;18;2;16;50;Dados Insuficientes;Medio;66,7;Bom;True;True;True;False;False;True;True;False;False;6;Media
1339;Descoberto;;Abastecimento humano;DF;BRASÍLIA;Médio;Alto;Companhia de Saneamento Ambiental do Distrito Federal;Empresas Públicas - Público;Agência Nacional de Águas e Saneamento Básico - ANA;02501.001450/2015-99;Sim;30/2017;Sim;Sim;Sim;2025-09-18;Não;32,5;;85,99;265,0;0,0;Concreto convencional;Regularização de vazão;;;869694,0;Rio Descoberto;Região Hidrográfica do PARANÁ;Paranaíba;Federal;2025-08-05;Regular;Alerta;;Operação;1973-01-01 00:00:00;-15,77861;-48,23167;ótima;2017-10-27;0;0;2017,0;32,5;Fundacao;85,99;Original;10;25;8;8;0;0;4;18;33;Alto;Alto;100,0;Completo;False;False;False;False;False;False;False;True;True;7;Alta
8075;Barragem B;;Dessedentação Animal;MS;AMAMBAI;Não se Aplica;Baixo;Elamar Participações e Agropecuárias;;Agência Nacional de Águas e Saneamento Básico - ANA;;Não;s/n;;Não;Não;;Não;6,0;4,0;0,053;80,0;;Terra;;D;;8634,0;Rio Amambaí;Região Hidrográfica do PARANÁ;;Federal;;;;;Operação;2000-01-01 00:00:00;-22,96916;-54,99818;ótima;2019-09-12;0;0;2019,0;6,0;Fundacao;0,053;Original;7;22;0;5;13;18;4;20;45;Baixo;Medio;77,8;Bom;True;True;True;False;False;False;True;False;False;6;Media
7577;Bom Sucesso;;Abastecimento humano;PB;SÃO JOSÉ DO BREJO DO CRUZ;Alto;Baixo;;;Agência Nacional de Águas e Saneamento Básico - ANA;97;Sim;s/n;Não;Não;Não;;Não;9,78;9,78;6,45;268,33;;Terra;;;;75632,0;Rio Baião;Região Hidrográfica ATLÂNTICO NORDESTE ORIENTAL;Piranhas-Açu;Federal;;;;;Operação;2000-01-01 00:00:00;-6,19778;-37,24917;mínima;2019-09-12;0;0;2019,0;9,78;Fundacao;6,45;Original;8;23;0;5;18;18;4;26;46;Baixo;Medio;77,8;Bom;True;True;True;False;False;False;True;True;False;8;Alta
22415;Massa d'Água #108768;;Irrigação;SP;SÃO PAULO;Não Classificado;Não Classificado;;;Agência Nacional de Águas e Saneamento Básico - ANA;;Não Classificada;;;Não;Não;;Não;;;;;;Sem Informação;;;;79396,0;Rio Branco;Região Hidrográfica do PARANÁ;CBH do Alto Tietê;Federal;;;;;;;-23,87767;-46,64808;mínima;2021-01-21;NoData;NoData;2021,0;;Sem_Dado;;Sem_Dado;3;31;0;5;13;18;1;16;54;Dados Insuficientes;Medio;33,3;Parcial;True;True;True;True;True;True;True;False;False;7;Alta
22416;Massa d'Água #109507;;Irrigação;SC;SAUDADES;Não Classificado;Não Classificado;;;Agência Nacional de Águas e Saneamento Básico - ANA;;Não Classificada;;;Não;Não;;Não;;;;;;Sem Informação;;;;8278242,0;SEM NOME;Região Hidrográfica do URUGUAI;CBH dos Rios Chapecó e Irani;Estadual;;;;;;;-26,88578;-53,10828;mínima;2021-01-21;0;0;2021,0;;Sem_Dado;;Sem_Dado;3;31;0;5;13;18;1;16;54;Dados Insuficientes;Medio;33,3;Parcial;True;True;True;True;True;True;True;False;False;7;Alta
22419;Massa d'Água #111382;;Irrigação;RS;BENJAMIN CONSTANT DO SUL;Não Classificado;Não Classificado;;;Agência Nacional de Águas e Saneamento Básico - ANA;;Não Classificada;;;Não;Não;;Não;;;;;;Sem Informação;;;;8279212,0;Lajeado Grande;Região Hidrográfica do URUGUAI;CBH de Passo Fundo;Estadual;;;;;;;-27,43522;-52,63639;mínima;2021-01-21;NoData;NoData;2021,0;;Sem_Dado;;Sem_Dado;3;31;0;5;13;18;1;16;54;Dados Insuficientes;Medio;33,3;Parcial;True;True;True;True;True;True;True;False;False;7;Alta
20897;Fazenda Porção;;Dessedentação Animal;PB;VÁRZEA;Não Classificado;Não Classificado;Djali da Silva Machado Medeiros;Pessoa Física;Agência Nacional de Águas e Saneamento Básico - ANA;;Não Classificada;;;Não;Não;;Não;8,32;8,32;0,39;0,0;0,0;Terra;Abastecimento humano;;;756245692,0;Riacho Poção;Região Hidrográfica ATLÂNTICO NORDESTE ORIENTAL;Piranhas-Açu;Federal;;;;Não;Operação;2020-06-29 00:00:00;-6,73419;-36,98594;baixa;2020-06-29;0;0;2020,0;8,32;Fundacao;0,39;Original;8;23;0;5;13;18;4;21;46;Baixo;Medio;77,8;Bom;True;True;True;False;False;False;True;False;False;6;Media
22179;Massa d'Água #26162;;Irrigação;PB;SANTA LUZIA;Não Classificado;Não Classificado;;;Agência Nacional de Águas e Saneamento Básico - ANA;;Não Classificada;;;Não;Não;;Não;;;;;;Sem Informação;;;;7562492,0;SEM NOME;Região Hidrográfica ATLÂNTICO NORDESTE ORIENTAL;Piranhas-Açu;Federal;;;;;;;-6,78739;-36,93053;mínima;2020-12-28;NoData;NoData;2020,0;;Sem_Dado;;Sem_Dado;3;31;0;5;13;18;1;16;54;Dados Insuficientes;Medio;33,3;Parcial;True;True;True;True;True;True;True;False;False;7;Alta
22322;Massa d'Água #83563;;Irrigação;MT;BRASNORTE;Não Classificado;Não Classificado;;;Agência Nacional de Águas e Saneamento Básico - ANA;;Não Classificada;;;Não;Não;;Não;;;;;;Sem Informação;;;;448188,0;SEM NOME;Região Hidrográfica AMAZÔNICA;;Federal;;;;;;;-12,24317;-58,30961;mínima;2021-01-18;NoData;NoData;2021,0;;Sem_Dado;;Sem_Dado;3;31;0;5;13;18;1;16;54;Dados Insuficientes;Medio;33,3;Parcial;True;True;True;True;True;True;True;False;False;7;Alta
18023;Barragem BBA 441;Barragem a montante da barragem no córrego floresta;Irrigação;BA;MUCURI;Não se Aplica;Baixo;SUZANO PAPEL E CELULOSE S.A.;Empresas em Geral - Privado;Agência Nacional de Águas e Saneamento Básico - ANA;02501.001520/2015-17;Não;86/2025/SRB-ANA-SEI;;Não;Não;;Não;4,2;4,2;0,018;105,0;;Terra;;;;779784,0;Córrego Santa Luzia;Região Hidrográfica ATLÂNTICO LESTE;;Federal;;;;Não;Operação;2000-01-01 00:00:00;-18,09833;-40,02444;ótima;2019-09-12;0;0;2019,0;4,2;Fundacao;0,018;Original;7;22;0;5;13;18;4;20;45;Baixo;Medio;77,8;Bom;True;True;True;False;False;False;True;False;False;6;Media
20867;Fazenda Renascer - Barragem 01;;Irrigação;PB;CAIÇARA;Não Classificado;Não Classificado;Severino Medeiros do Nascimento;Pessoa Física;Agência Nacional de Águas e Saneamento Básico - ANA;;Não Classificada;;;Não;Não;;Não;;;;;0,0;Sem Informação;;;;75762,0;Rio Pirari;Região Hidrográfica ATLÂNTICO NORDESTE ORIENTAL;;Federal;;;;;Operação;2020-06-26 00:00:00;-6,66122;-35,40442;mínima;2020-06-26;NoData;NoData;2020,0;;Sem_Dado;;Sem_Dado;6;30;0;5;13;18;2;19;53;Dados Insuficientes;Medio;44,4;Parcial;True;True;True;True;True;True;True;False;False;7;Alta
23591;Massa d'Água #197222;;Irrigação;MS;CAARAPÓ;Não Classificado;Não Classificado;;;Agência Nacional de Águas e Saneamento Básico - ANA;;Não Classificada;;;Não;Não;;Não;;;;;;Sem Informação;;;;86386156,0;Córrego Ipuitá;Região Hidrográfica do PARANÁ;CBH do Rio Ivinhema;Estadual;;;;;;;-22,55694;-54,63922;mínima;2021-02-11;NoData;NoData;2021,0;;Sem_Dado;;Sem_Dado;3;31;0;5;13;18;1;16;54;Dados Insuficientes;Medio;33,3;Parcial;True;True;True;True;True;True;True;False;False;7;Alta
22512;Massa d'Água #142682;;Irrigação;MS;MIRANDA;Não Classificado;Não Classificado;;;Agência Nacional de Águas e Saneamento Básico - ANA;;Não Classificada;;;Não;Não;;Não;;;;;;Sem Informação;;;;89523274,0;SEM NOME;Região Hidrográfica do PARAGUAI;CBH do Rio Miranda;Estadual;;;;;;;-20,22183;-56,27486;mínima;2021-01-25;NoData;NoData;2021,0;;Sem_Dado;;Sem_Dado;3;31;0;5;13;18;1;16;54;Dados Insuficientes;Medio;33,3;Parcial;True;True;True;True;True;True;True;False;False;7;Alta
20887;Fazenda Malhada da Jurema;;Irrigação;PB;PEDRA LAVRADA;Não Classificado;Não Classificado;João de Deus Barros;Pessoa Física;Agência Nacional de Águas e Saneamento Básico - ANA;;Não Classificada;;;Não;Não;;Não;0,0;0,0;0,0;;0,0;Sem Informação;;;;756286496,0;SEM NOME;Região Hidrográfica ATLÂNTICO NORDESTE ORIENTAL;Piranhas-Açu;Federal;;;;;Operação;2020-06-27 00:00:00;-6,75853;-36,47317;mínima;2020-06-27;NoData;NoData;2020,0;0,0;Fundacao;0,0;Original;6;26;0;5;13;18;3;19;49;Baixo;Medio;66,7;Bom;True;True;True;False;False;True;True;False;False;6;Media
20928;Floresta Nacional do Jamari - Barragem 01;;Proteção do meio ambiente;RO;ITAPUÃ DO OESTE;Não Classificado;Não Classificado;Instituto Chico Mendes de Conservação da Biodiversidade - ICMBIO - RO;Órgãos - Público;Agência Nacional de Águas e Saneamento Básico - ANA;;Não Classificada;;;Não;Não;;Não;;;;;0,0;Sem Informação;;;;4635264,0;Igarapé Verde ou Jenipapo;Região Hidrográfica AMAZÔNICA;CBH do Rio Jaru - Baixo Machado;Estadual;;;;;Operação;2020-06-29 00:00:00;-9,05372;-63,09964;mínima;2020-06-29;NoData;NoData;2020,0;;Sem_Dado;;Sem_Dado;6;30;0;5;13;18;2;19;53;Dados Insuficientes;Medio;44,4;Parcial;True;True;True;True;True;True;True;False;False;7;Alta
20929;Floresta Nacional do Jamari - Barragem 02;;Proteção do meio ambiente;RO;ITAPUÃ DO OESTE;Não Classificado;Não Classificado;Instituto Chico Mendes de Conservação da Biodiversidade - ICMBIO - RO;Órgãos - Público;Agência Nacional de Águas e Saneamento Básico - ANA;;Não Classificada;;;Não;Não;;Não;;;;;;Sem Informação;;;;46352664,0;SEM NOME;Região Hidrográfica AMAZÔNICA;CBH do Rio Jaru - Baixo Machado;Estadual;;;;;Operação;2020-06-29 00:00:00;-9,24225;-63,02233;mínima;2020-06-29;NoData;NoData;2020,0;;Sem_Dado;;Sem_Dado;6;30;0;5;13;18;2;19;53;Dados Insuficientes;Medio;44,4;Parcial;True;True;True;True;True;True;True;False;False;7;Alta
22216;Massa d'Água #30035;;Irrigação;BA;PEDRO ALEXANDRE;Não Classificado;Não Classificado;;;Agência Nacional de Águas e Saneamento Básico - ANA;;Não Classificada;;;Não;Não;;Não;;;;;;Sem Informação;;;;7611386,0;Rio do Cachorro;Região Hidrográfica do SÃO FRANCISCO;São Francisco;Federal;;;;;;;-10,03572;-37,826;mínima;2020-12-30;NoData;NoData;2020,0;;Sem_Dado;;Sem_Dado;3;31;0;5;13;18;1;16;54;Dados Insuficientes;Medio;33,3;Parcial;True;True;True;True;True;True;True;False;False;7;Alta
22218;Massa d'Água #31074;;Irrigação;CE;JAGUARIBARA;Não Classificado;Não Classificado;;;Agência Nacional de Águas e Saneamento Básico - ANA;;Não Classificada;;;Não;Não;;Não;;;;;;Sem Informação;;;;75235654,0;SEM NOME;Região Hidrográfica ATLÂNTICO NORDESTE ORIENTAL;CBH do Médio Jaguaribe;Estadual;;;;;;;-5,65792;-38,4705;mínima;2020-12-30;NoData;NoData;2020,0;;Sem_Dado;;Sem_Dado;3;31;0;5;13;18;1;16;54;Dados Insuficientes;Medio;33,3;Parcial;True;True;True;True;True;True;True;False;False;7;Alta
22379;Massa d'Água #95945;;Irrigação;MT;BRASNORTE;Não Classificado;Não Classificado;;;Agência Nacional de Águas e Saneamento Básico - ANA;;Não Classificada;;;Não;Não;;Não;;;;;;Sem Informação;;;;448188,0;SEM NOME;Região Hidrográfica AMAZÔNICA;;Federal;;;;;;;-12,17558;-58,26094;mínima;2021-01-19;NoData;NoData;2021,0;;Sem_Dado;;Sem_Dado;3;31;0;5;13;18;1;16;54;Dados Insuficientes;Medio;33,3;Parcial;True;True;True;True;True;True;True;False;False;7;Alta
22414;Massa d'Água #108123;;Irrigação;BA;ABARÉ;Não Classificado;Não Classificado;;;Agência Nacional de Águas e Saneamento Básico - ANA;;Não Classificada;;;Não;Não;;Não;;;;;;Sem Informação;;;;761374,0;Riacho do Icó;Região Hidrográfica do SÃO FRANCISCO;São Francisco;Estadual;;;;;;;-8,62353;-39,39089;mínima;2021-01-21;NoData;NoData;2021,0;;Sem_Dado;;Sem_Dado;3;31;0;5;13;18;1;16;54;Dados Insuficientes;Medio;33,3;Parcial;True;True;True;True;True;True;True;False;False;7;Alta
22420;Massa d'Água #111694;;Irrigação;MS;CAARAPÓ;Não Classificado;Não Classificado;;;Agência Nacional de Águas e Saneamento Básico - ANA;;Não Classificada;;;Não;Não;;Não;;;;;;Sem Informação;;;;86386156,0;Córrego Ipuitá;Região Hidrográfica do PARANÁ;CBH do Rio Ivinhema;Estadual;;;;;;;-22,49786;-54,66233;mínima;2021-01-21;NoData;NoData;2021,0;;Sem_Dado;;Sem_Dado;3;31;0;5;13;18;1;16;54;Dados Insuficientes;Medio;33,3;Parcial;True;True;True;True;True;True;True;False;False;7;Alta
22421;Massa d'Água #111714;;Irrigação;MT;ALTO BOA VISTA;Não Classificado;Não Classificado;;;Agência Nacional de Águas e Saneamento Básico - ANA;;Não Classificada;;;Não;Não;;Não;;;;;;Sem Informação;;;;427278,0;Córrego Bela Manhã;Região Hidrográfica AMAZÔNICA;;Federal;;;;;;;-11,86319;-51,8955;mínima;2021-01-21;NoData;NoData;2021,0;;Sem_Dado;;Sem_Dado;3;31;0;5;13;18;1;16;54;Dados Insuficientes;Medio;33,3;Parcial;True;True;True;True;True;True;True;False;False;7;Alta
22606;Massa d'Água #157429;;Irrigação;BA;ILHÉUS;Não Classificado;Não Classificado;;;Agência Nacional de Águas e Saneamento Básico - ANA;;Não Classificada;;;Não;Não;;Não;;;;;;Sem Informação;;;;77756,0;Ribeirão Canoa;Região Hidrográfica ATLÂNTICO LESTE;CBH do Leste;Estadual;;;;;;;-15,07039;-39,09783;mínima;2021-01-28;NoData;NoData;2021,0;;Sem_Dado;;Sem_Dado;3;31;0;5;13;18;1;16;54;Dados Insuficientes;Medio;33,3;Parcial;True;True;True;True;True;True;True;False;False;7;Alta
22623;Massa d'Água #163236;;Irrigação;BA;BUERAREMA;Não Classificado;Não Classificado;;;Agência Nacional de Águas e Saneamento Básico - ANA;;Não Classificada;;;Não;Não;;Não;;;;;;Sem Informação;;;;777426,0;Rio Santaninha;Região Hidrográfica ATLÂNTICO LESTE;CBH do Leste;Estadual;;;;;;;-15,048;-39,21589;mínima;2021-01-28;NoData;NoData;2021,0;;Sem_Dado;;Sem_Dado;3;31;0;5;13;18;1;16;54;Dados Insuficientes;Medio;33,3;Parcial;True;True;True;True;True;True;True;False;False;7;Alta
22516;Massa d'Água #143743;;Irrigação;AL;SÃO BRÁS;Não Classificado;Não Classificado;;;Agência Nacional de Águas e Saneamento Básico - ANA;;Não Classificada;;;Não;Não;;Não;;;;;;Sem Informação;;;;761119742,0;SEM NOME;Região Hidrográfica do SÃO FRANCISCO;São Francisco;Estadual;;;;;;;-10,12511;-36,84458;mínima;2021-01-25;NoData;NoData;2021,0;;Sem_Dado;;Sem_Dado;3;31;0;5;13;18;1;16;54;Dados Insuficientes;Medio;33,3;Parcial;True;True;True;True;True;True;True;False;False;7;Alta
23594;Massa d'Água #198298;;Irrigação;MT;BRASNORTE;Não Classificado;Não Classificado;;;Agência Nacional de Águas e Saneamento Básico - ANA;;Não Classificada;;;Não;Não;;Não;;;;;;Sem Informação;;;;4485642,0;SEM NOME;Região Hidrográfica AMAZÔNICA;;Estadual;;;;;;;-12,77406;-57,63692;mínima;2021-02-11;NoData;NoData;2021,0;;Sem_Dado;;Sem_Dado;3;31;0;5;13;18;1;16;54;Dados Insuficientes;Medio;33,3;Parcial;True;True;True;True;True;True;True;False;False;7;Alta
23596;Massa d'Água #199106;;Irrigação;RS;NONOAI;Não Classificado;Não Classificado;;;Agência Nacional de Águas e Saneamento Básico - ANA;;Não Classificada;;;Não;Não;;Não;;;;;;Sem Informação;;;;82772,0;Rio do Mel;Região Hidrográfica do URUGUAI;CBH do Várzea;Federal;;;;;;;-27,38017;-52,92503;mínima;2021-02-11;NoData;NoData;2021,0;;Sem_Dado;;Sem_Dado;3;31;0;5;13;18;1;16;54;Dados Insuficientes;Medio;33,3;Parcial;True;True;True;True;True;True;True;False;False;7;Alta
20853;Fazenda Itapuan;;Irrigação;MA;CIDELÂNDIA;Não Classificado;Não Classificado;Rogério Lima das Chagas;Pessoa Física;Agência Nacional de Águas e Saneamento Básico - ANA;;Não Classificada;;;Não;Não;;Não;;;;;0,0;Sem Informação;;;;612996,0;Córrego dos Pebas;Região Hidrográfica do TOCANTINS-ARAGUAIA;;Federal;;;;;Operação;2020-06-26 00:00:00;-4,97306;-47,99819;mínima;2020-06-26;NoData;NoData;2020,0;;Sem_Dado;;Sem_Dado;6;30;0;5;13;18;2;19;53;Dados Insuficientes;Medio;44,4;Parcial;True;True;True;True;True;True;True;False;False;7;Alta
22559;Massa d'Água #151332;;Irrigação;SC;GUATAMBÚ;Não Classificado;Não Classificado;;;Agência Nacional de Águas e Saneamento Básico - ANA;;Não Classificada;;;Não;Não;;Não;;;;;;Sem Informação;;;;82791822,0;Lajeado Tigre;Região Hidrográfica do URUGUAI;CBH dos Rios Chapecó e Irani;Estadual;;;;;;;-27,08903;-52,78019;mínima;2021-01-27;NoData;NoData;2021,0;;Sem_Dado;;Sem_Dado;3;31;0;5;13;18;1;16;54;Dados Insuficientes;Medio;33,3;Parcial;True;True;True;True;True;True;True;False;False;7;Alta
22567;Massa d'Água #152660;;Irrigação;MT;ALTO BOA VISTA;Não Classificado;Não Classificado;;;Agência Nacional de Águas e Saneamento Básico - ANA;;Não Classificada;;;Não;Não;;Não;;;;;;Sem Informação;;;;427278,0;Córrego Bela Manhã;Região Hidrográfica AMAZÔNICA;;Estadual;;;;;;;-11,86739;-51,87144;mínima;2021-01-27;NoData;NoData;2021,0;;Sem_Dado;;Sem_Dado;3;31;0;5;13;18;1;16;54;Dados Insuficientes;Medio;33,3;Parcial;True;True;True;True;True;True;True;False;False;7;Alta
22568;Massa d'Água #153524;;Irrigação;MS;MIRANDA;Não Classificado;Não Classificado;;;Agência Nacional de Águas e Saneamento Básico - ANA;;Não Classificada;;;Não;Não;;Não;;;;;;Sem Informação;;;;8952324,0;Ribeirão Vinte e Dois;Região Hidrográfica do PARAGUAI;CBH do Rio Miranda;Estadual;;;;;;;-20,153;-56,28672;mínima;2021-01-27;NoData;NoData;2021,0;;Sem_Dado;;Sem_Dado;3;31;0;5;13;18;1;16;54;Dados Insuficientes;Medio;33,3;Parcial;True;True;True;True;True;True;True;False;False;7;Alta
22532;Massa d'Água #147210;;Irrigação;MT;SÃO FÉLIX DO ARAGUAIA;Não Classificado;Não Classificado;;;Agência Nacional de Águas e Saneamento Básico - ANA;;Não Classificada;;;Não;Não;;Não;;;;;;Sem Informação;;;;67862,0;Rio Preto;Região Hidrográfica do TOCANTINS-ARAGUAIA;;Estadual;;;;;;;-11,58047;-51,76517;mínima;2021-01-26;NoData;NoData;2021,0;;Sem_Dado;;Sem_Dado;3;31;0;5;13;18;1;16;54;Dados Insuficientes;Medio;33,3;Parcial;True;True;True;True;True;True;True;False;False;7;Alta
22536;Massa d'Água #148247;;Irrigação;ES;ARACRUZ;Não Classificado;Não Classificado;;;Agência Nacional de Águas e Saneamento Básico - ANA;;Não Classificada;;;Não;Não;;Não;;;;;;Sem Informação;;;;791136,0;Córrego Destacamento;Região Hidrográfica ATLÂNTICO SUDESTE;CBH das Bacias Hidrográficas Costeiras do Litoral Centro-Norte;Estadual;;;;;;;-19,87614;-40,23878;mínima;2021-01-26;NoData;NoData;2021,0;;Sem_Dado;;Sem_Dado;3;31;0;5;13;18;1;16;54;Dados Insuficientes;Medio;33,3;Parcial;True;True;True;True;True;True;True;False;False;7;Alta
22556;Massa d'Água #151019;;Irrigação;BA;UNA;Não Classificado;Não Classificado;;;Agência Nacional de Águas e Saneamento Básico - ANA;;Não Classificada;;;Não;Não;;Não;;;;;;Sem Informação;;;;777564,0;Rio Maruim;Região Hidrográfica ATLÂNTICO LESTE;CBH do Leste;Estadual;;;;;;;-15,07633;-39,14344;mínima;2021-01-27;NoData;NoData;2021,0;;Sem_Dado;;Sem_Dado;3;31;0;5;13;18;1;16;54;Dados Insuficientes;Medio;33,3;Parcial;True;True;True;True;True;True;True;False;False;7;Alta
23640;Barragem da Aldeia (Córrego João Pereira);Massa d'Água #204469;Dessedentação Animal;CE;ITAREMA;Não se Aplica;Baixo;Sociedade Indígena Tremembé Córrego João Pereira;Outros - Privado;Agência Nacional de Águas e Saneamento Básico - ANA;02501.009809/2025-48;Não;111/2025/SRB-ANA-SEI;;Não;Não;;Não;7,0;7,0;0,185;209,0;;Terra;Aquicultura;;;751524,0;Córrego João Pereira;Região Hidrográfica ATLÂNTICO NORDESTE ORIENTAL;CBH do Litoral;Estadual;;;;;Operação;2009-07-25 00:00:00;-3,11436;-39,95146;ótima;2021-02-12;NoData;NoData;2021,0;7,0;Fundacao;0,185;Original;8;23;0;5;13;18;4;21;46;Baixo;Medio;77,8;Bom;True;True;True;False;False;False;True;False;False;6;Media
23665;Massa d'Água #208845;;Irrigação;DF;BRASÍLIA;Não Classificado;Não Classificado;;;Agência Nacional de Águas e Saneamento Básico - ANA;;Não Classificada;;;Não;Não;;Não;;;;;;Sem Informação;;;;8696852,0;Rio Saia Velha;Região Hidrográfica do PARANÁ;Paranaíba;Federal;;;;;;;-16,03292;-47,94269;mínima;2021-02-12;NoData;NoData;2021,0;;Sem_Dado;;Sem_Dado;3;31;0;5;13;18;1;16;54;Dados Insuficientes;Medio;33,3;Parcial;True;True;True;True;True;True;True;False;False;7;Alta
19539;Fazenda Camponesa;;Irrigação;ES;PEDRO CANÁRIO;Não se Aplica;Baixo;Carlito Correia do Nascimento;Pessoa Física;Agência Nacional de Águas e Saneamento Básico - ANA;;Não;112/2019;;Não;Não;;Não;4,2;0,0;0,074;71,6;;Terra;;;;7797872,0;Córrego do Engano;Região Hidrográfica ATLÂNTICO LESTE;CBH do Rio Itaúnas;Federal;;;;;Operação;2019-01-23 00:00:00;-18,05953;-40,10348;ótima;2020-01-07;NoData;NoData;2020,0;4,2;Fundacao;0,074;Original;8;23;0;5;13;18;4;21;46;Baixo;Medio;77,8;Bom;True;True;True;False;False;False;True;False;False;6;Media
19540;Fazenda Córrego do Engano;;Irrigação;BA;MUCURI;Não se Aplica;Baixo;Oribes Storch;Pessoa Física;Agência Nacional de Águas e Saneamento Básico - ANA;;Não;104/2019;;Não;Não;;Não;5,6;0,0;0,29;;;Sem Informação;;;;7797872,0;Córrego do Engano;Região Hidrográfica ATLÂNTICO LESTE;;Federal;;;;;Operação;2019-01-19 00:00:00;-18,05139;-40,09361;ótima;2020-01-07;NoData;NoData;2020,0;5,6;Fundacao;0,29;Original;6;26;0;5;13;18;3;19;49;Baixo;Medio;66,7;Bom;True;True;True;False;False;True;True;False;False;6;Media
22393;Massa d'Água #102561;;Irrigação;MT;BRASNORTE;Não Classificado;Não Classificado;;;Agência Nacional de Águas e Saneamento Básico - ANA;;Não Classificada;;;Não;Não;;Não;;;;;;Sem Informação;;;;4494332,0;SEM NOME;Região Hidrográfica AMAZÔNICA;;Federal;;;;;;;-12,45353;-58,41656;mínima;2021-01-20;NoData;NoData;2021,0;;Sem_Dado;;Sem_Dado;3;31;0;5;13;18;1;16;54;Dados Insuficientes;Medio;33,3;Parcial;True;True;True;True;True;True;True;False;False;7;Alta
22397;T.I Sangradouro;Massa d'Água #103465;Irrigação;MT;GENERAL CARNEIRO;Não Classificado;Não Classificado;;;Agência Nacional de Águas e Saneamento Básico - ANA;02501.001640/2025-88;Não Classificada;;;Não;Não;;Não;;;;;;Sem Informação;;;;687472,0;Córrego Mortandade;Região Hidrográfica do TOCANTINS-ARAGUAIA;;Estadual;;;;;;;-15,66089;-53,85944;mínima;2021-01-20;NoData;NoData;2021,0;;Sem_Dado;;Sem_Dado;3;31;0;5;13;18;1;16;54;Dados Insuficientes;Medio;33,3;Parcial;True;True;True;True;True;True;True;False;False;7;Alta
21648;Integrado ETA Boa Esperança;;Abastecimento humano;SP;COSMÓPOLIS;Não se Aplica;Baixo;COMPANHIA DE SANEAMENTO BASICO DO ESTADO DE SAO PAULO - SABESP;Órgãos - Público;Agência Nacional de Águas e Saneamento Básico - ANA;02501.01309/2024-87;Não;Port. DAEE nº 1593;;Não;Não;;Não;3,0;3,0;0,002;;;Sem Informação;;;;8666,0;Rio Jaguari;Região Hidrográfica do PARANÁ;PCJ;Federal;;;;;Operação;2020-11-23 00:00:00;-22,69937;-47,15505;ótima;2020-11-23;0;0;2020,0;3,0;Fundacao;0,002;Original;6;26;0;5;13;18;3;19;49;Baixo;Medio;66,7;Bom;True;True;True;False;False;True;True;False;False;6;Media
22453;Massa d'Água #123468;;Irrigação;ES;ARACRUZ;Não Classificado;Não Classificado;;;Agência Nacional de Águas e Saneamento Básico - ANA;;Não Classificada;;;Não;Não;;Não;;;;;;Sem Informação;;;;79112,0;Rio Gimuhuna;Região Hidrográfica ATLÂNTICO SUDESTE;CBH das Bacias Hidrográficas Costeiras do Litoral Centro-Norte;Estadual;;;;;;;-19,79119;-40,06186;mínima;2021-01-22;NoData;NoData;2021,0;;Sem_Dado;;Sem_Dado;3;31;0;5;13;18;1;16;54;Dados Insuficientes;Medio;33,3;Parcial;True;True;True;True;True;True;True;False;False;7;Alta
22456;Massa d'Água #124705;;Irrigação;MG;SÃO JOÃO DAS MISSÕES;Não Classificado;Não Classificado;;;Agência Nacional de Águas e Saneamento Básico - ANA;;Não Classificada;;;Não;Não;;Não;;;;;;Sem Informação;;;;7671144,0;Riacho do Brejinho;Região Hidrográfica do SÃO FRANCISCO;São Francisco;Estadual;;;;;;;-14,92289;-44,26839;mínima;2021-01-22;NoData;NoData;2021,0;;Sem_Dado;;Sem_Dado;3;31;0;5;13;18;1;16;54;Dados Insuficientes;Medio;33,3;Parcial;True;True;True;True;True;True;True;False;False;7;Alta
22462;Massa d'Água #126954;;Irrigação;PR;SÃO JERÔNIMO DA SERRA;Não Classificado;Não Classificado;;;Agência Nacional de Águas e Saneamento Básico - ANA;;Não Classificada;;;Não;Não;;Não;;;;;;Sem Informação;;;;8642,0;Rio Tibagi;Região Hidrográfica do PARANÁ;Paranapanema;Estadual;;;;;;;-23,66953;-50,8585;mínima;2021-01-22;NoData;NoData;2021,0;;Sem_Dado;;Sem_Dado;3;31;0;5;13;18;1;16;54;Dados Insuficientes;Medio;33,3;Parcial;True;True;True;True;True;True;True;False;False;7;Alta
22613;Massa d'Água #160670;;Irrigação;MT;BRASNORTE;Não Classificado;Não Classificado;;;Agência Nacional de Águas e Saneamento Básico - ANA;;Não Classificada;;;Não;Não;;Não;;;;;;Sem Informação;;;;44822254,0;SEM NOME;Região Hidrográfica AMAZÔNICA;;Federal;;;;;;;-12,21639;-58,18619;mínima;2021-01-28;NoData;NoData;2021,0;;Sem_Dado;;Sem_Dado;3;31;0;5;13;18;1;16;54;Dados Insuficientes;Medio;33,3;Parcial;True;True;True;True;True;True;True;False;False;7;Alta
22262;Massa d'Água #69974;;Irrigação;MA;GRAJAÚ;Não Classificado;Não Classificado;;;Agência Nacional de Águas e Saneamento Básico - ANA;;Não Classificada;;;Não;Não;;Não;;;;;;Sem Informação;;;;72972,0;Baixão da Lagoa da Vaca;Região Hidrográfica ATLÂNTICO NORDESTE OCIDENTAL;CBH do Rio Mearim;Estadual;;;;;;;-5,99956;-45,85703;mínima;2021-01-06;NoData;NoData;2021,0;;Sem_Dado;;Sem_Dado;3;31;0;5;13;18;1;16;54;Dados Insuficientes;Medio;33,3;Parcial;True;True;True;True;True;True;True;False;False;7;Alta
23713;Massa d'Água #219473;;Irrigação;BA;ILHÉUS;Não Classificado;Não Classificado;;;Agência Nacional de Águas e Saneamento Básico - ANA;;Não Classificada;;;Não;Não;;Não;;;;;;Sem Informação;;;;77754,0;Rio Aguípe;Região Hidrográfica ATLÂNTICO LESTE;CBH do Leste;Estadual;;;;;;;-14,95328;-39,10692;mínima;2021-02-13;NoData;NoData;2021,0;;Sem_Dado;;Sem_Dado;3;31;0;5;13;18;1;16;54;Dados Insuficientes;Medio;33,3;Parcial;True;True;True;True;True;True;True;False;False;7;Alta
18136;Açude Esperas;;Irrigação;PB;SÃO JOSÉ DO BREJO DO CRUZ;Não se Aplica;Baixo;Ariano de Araújo Saldanha;Pessoa Física;Agência Nacional de Águas e Saneamento Básico - ANA;02501.001571/2015-31;Não;s/n;;Não;Não;;Não;3,15;3,15;0,83;697,0;;Terra;;;;75632,0;Rio Baião;Região Hidrográfica ATLÂNTICO NORDESTE ORIENTAL;Piranhas-Açu;Federal;;;;;Operação;2000-01-01 00:00:00;-6,18611;-37,28889;ótima;2019-09-12;0;0;2019,0;3,15;Fundacao;0,83;Original;8;23;0;5;13;18;4;21;46;Baixo;Medio;77,8;Bom;True;True;True;False;False;False;True;False;False;6;Media
18147;Espelho 1382;;Irrigação;RN;IPUEIRA;Alto;Médio;;;Agência Nacional de Águas e Saneamento Básico - ANA;02501.004788/2022-21;Sim;s/n;;Não;Não;2022-10-24;Não;;;;166,0;;Sem Informação;;;;7562252,0;Riacho do Cipó;Região Hidrográfica ATLÂNTICO NORDESTE ORIENTAL;Piranhas-Açu;Federal;;;;;Operação;2000-01-01 00:00:00;-6,74163;-37,15264;mínima;2019-09-12;7.5;0.161;2019,0;;Sem_Dado;;Sem_Dado;7;26;0;5;13;18;3;20;49;Baixo;Medio;44,4;Parcial;True;True;True;True;True;False;True;True;False;9;Alta
18151;Rio Sabugi;;Abastecimento humano;RN;CAICÓ;Não se Aplica;Baixo;Lúcio Dantas Neto;Pessoa Física;Agência Nacional de Águas e Saneamento Básico - ANA;115;Não;s/n;;Não;Não;;Não;4,14;4,14;0,691;137,71;;Alvenaria;;;;7562214,0;SEM NOME;Região Hidrográfica ATLÂNTICO NORDESTE ORIENTAL;Piranhas-Açu;Federal;;;;;Operação;2000-01-01 00:00:00;-6,44889;-37,14056;ótima;2019-09-12;NoData;NoData;2019,0;4,14;Fundacao;0,691;Original;6;21;0;5;13;18;4;19;44;Baixo;Medio;77,8;Bom;True;True;True;False;False;False;True;False;False;6;Media
18123;Curral Queimado;;Abastecimento humano;RN;SERRA NEGRA DO NORTE;Não se Aplica;Baixo;Associação dos Produtores Rurais de Curral Queimado;Outros - Privado;Agência Nacional de Águas e Saneamento Básico - ANA;02501.005119/2019-71;Não;1696/2020;;Não;Não;;Não;;3,5;0,375;165,0;;Alvenaria;;;;7564,0;Rio Espinharas;Região Hidrográfica ATLÂNTICO NORDESTE ORIENTAL;Piranhas-Açu;Federal;;;;;Operação;11-AUG-20;-6,62639;-37,37111;ótima;2019-09-12;0;0;2019,0;3,5;Terreno;0,375;Original;4;23;0;5;13;18;4;17;46;Baixo;Medio;77,8;Bom;True;True;True;False;False;False;True;False;False;6;Media
18130;Rolinha;;Abastecimento humano;RN;SERRA NEGRA DO NORTE;Não se Aplica;Baixo;Comunidade Rolinha;;Agência Nacional de Águas e Saneamento Básico - ANA;187;Não;1697/2020;;Não;Não;;Não;0,0;3,5;0,45;277,0;;Terra;;;;7564,0;Rio Espinharas;Região Hidrográfica ATLÂNTICO NORDESTE ORIENTAL;CBH do Rio Piancó-Piranhas-Açu;Federal;;;;;Operação;11-AUG-20;-6,54694;-37,36083;ótima;2019-09-12;NoData;NoData;2019,0;0,0;Fundacao;0,45;Original;6;25;0;5;13;18;4;19;48;Baixo;Medio;77,8;Bom;True;True;True;False;False;False;True;False;False;6;Media
20915;Fazenda Toriba;;Irrigação;MG;SÃO SEBASTIÃO DO PARAÍSO;Não se Aplica;Baixo;AGROPECUÁRIA TORIBA LTDA;Empresas em Geral - Privado;Agência Nacional de Águas e Saneamento Básico - ANA;02501.001599/2025-40;Não;50/2025/SRB-ANA-SEI;;Não;Não;;Não;8,0;8,0;0,179;;0,0;Sem Informação;;;;86868,0;Ribeirão Fundo;Região Hidrográfica do PARANÁ;Grande;Federal;;;;;Operação;2020-06-29 00:00:00;-20,98311;-47,00519;ótima;2020-06-29;NoData;NoData;2020,0;8,0;Fundacao;0,179;Original;6;26;0;5;13;18;3;19;49;Baixo;Medio;66,7;Bom;True;True;True;False;False;True;True;False;False;6;Media
22483;Massa d'Água #134687;;Dessedentação Animal;PR;TERRA ROXA;Não se Aplica;Baixo;Vagner José Rodrigues da Silva;Pessoa Física;Agência Nacional de Águas e Saneamento Básico - ANA;02501.004404/2024-32;Não;101/2025/SRB-ANA-SEI;;Não;Não;;Não;2,5;2,5;0,005;72,0;0,64;Terra;;;;863212,0;SEM NOME;Região Hidrográfica do PARANÁ;CBH dos rios Piquiri e Paraná II;Federal;;;;;Operação;1994-01-01 00:00:00;-24,06242;-54,08686;ótima;2021-01-25;NoData;NoData;2021,0;2,5;Fundacao;0,005;Original;6;21;0;5;13;18;4;19;44;Baixo;Medio;77,8;Bom;True;True;True;False;False;False;True;False;False;6;Media
22325;Massa d'Água #84080;;Irrigação;BA;PRADO;Não Classificado;Não Classificado;;;Agência Nacional de Águas e Saneamento Básico - ANA;;Não Classificada;;;Não;Não;;Não;;;;;;Sem Informação;;;;7791922,0;SEM NOME;Região Hidrográfica ATLÂNTICO LESTE;CBH dos Rios Frades, Buranhém e Santo Antônio;Estadual;;;;;;;-16,92806;-39,38506;mínima;2021-01-18;NoData;NoData;2021,0;;Sem_Dado;;Sem_Dado;3;31;0;5;13;18;1;16;54;Dados Insuficientes;Medio;33,3;Parcial;True;True;True;True;True;True;True;False;False;7;Alta
22355;Massa d'Água #90103;;Irrigação;ES;ARACRUZ;Não Classificado;Não Classificado;;;Agência Nacional de Águas e Saneamento Básico - ANA;;Não Classificada;;;Não;Não;;Não;;;;;;Sem Informação;;;;791132,0;Córrego Piranema;Região Hidrográfica ATLÂNTICO SUDESTE;CBH das Bacias Hidrográficas Costeiras do Litoral Centro-Norte;Estadual;;;;;;;-19,83542;-40,19483;mínima;2021-01-19;NoData;NoData;2021,0;;Sem_Dado;;Sem_Dado;3;31;0;5;13;18;1;16;54;Dados Insuficientes;Medio;33,3;Parcial;True;True;True;True;True;True;True;False;False;7;Alta
22496;Massa d'Água #138439;;Irrigação;MT;ALTO BOA VISTA;Não Classificado;Não Classificado;;;Agência Nacional de Águas e Saneamento Básico - ANA;;Não Classificada;;;Não;Não;;Não;;;;;;Sem Informação;;;;425498,0;Ribeirão das Traíras;Região Hidrográfica do TOCANTINS-ARAGUAIA;;Estadual;;;;;;;-11,71181;-51,63136;mínima;2021-01-25;NoData;NoData;2021,0;;Sem_Dado;;Sem_Dado;3;31;0;5;13;18;1;16;54;Dados Insuficientes;Medio;33,3;Parcial;True;True;True;True;True;True;True;False;False;7;Alta
20992;Macambira;Espelho 2551;Dessedentação Animal;CE;JAGUARIBARA;Não se Aplica;Baixo;Associação dos Assentados de Macambira - AMA;Fundações Privadas - Privado;Agência Nacional de Águas e Saneamento Básico - ANA;02501.001421/2024-18;Não Classificada;52/2025/SRB-ANA-SEI;;Não;Não;;Não;4,0;4,0;0,467;252,0;50,0;Terra;;;;7523576,0;Riacho da Felicidade;Região Hidrográfica ATLÂNTICO NORDESTE ORIENTAL;CBH do Médio Jaguaribe;Estadual;;;;;Operação;1970-01-01 00:00:00;-5,63594;-38,54089;ótima;2020-07-01;0;0;2020,0;4,0;Fundacao;0,467;Original;10;25;0;5;13;18;4;23;48;Baixo;Medio;77,8;Bom;True;True;True;False;False;False;True;False;False;6;Media
20997;Sítio Cachoeira do Boi Morto;;Irrigação;CE;UBAJARA;Não Classificado;Não Classificado;Maria José Sena de Farias;Pessoa Física;Agência Nacional de Águas e Saneamento Básico - ANA;;Não Classificada;;;Não;Não;;Não;0,0;0,0;0,0;;0,0;Sem Informação;;;;7414262,0;Rio Jaburu;Região Hidrográfica do PARNAÍBA;Parnaíba;Federal;;;;;Operação;2020-07-01 00:00:00;-3,87678;-41,01692;mínima;2020-07-01;NoData;NoData;2020,0;0,0;Fundacao;0,0;Original;6;26;0;5;13;18;3;19;49;Baixo;Medio;66,7;Bom;True;True;True;False;False;True;True;False;False;6;Media
20811;Fazenda Travessão;;Irrigação;BA;CORONEL JOÃO SÁ;Não Classificado;Não Classificado;Diego Almeida de Sousa;Pessoa Física;Agência Nacional de Águas e Saneamento Básico - ANA;;Não Classificada;;;Não;Não;;Não;0,0;0,0;0,0;;0,0;Sem Informação;;;;7716144,0;Riacho Cansação;Região Hidrográfica ATLÂNTICO LESTE;;Federal;;;;;Operação;2020-06-24 00:00:00;-10,34767;-37,78578;mínima;2020-06-24;NoData;NoData;2020,0;0,0;Fundacao;0,0;Original;6;26;0;5;13;18;3;19;49;Baixo;Medio;66,7;Bom;True;True;True;False;False;True;True;False;False;6;Media
22426;Massa d'Água #113089;;Irrigação;MS;IGUATEMI;Não Classificado;Não Classificado;;;Agência Nacional de Águas e Saneamento Básico - ANA;;Não Classificada;;;Não;Não;;Não;;;;;;Sem Informação;;;;86332222,0;Córrego Mandeí;Região Hidrográfica do PARANÁ;;Federal;;;;;;;-23,53753;-54,69061;mínima;2021-01-21;NoData;NoData;2021,0;;Sem_Dado;;Sem_Dado;3;31;0;5;13;18;1;16;54;Dados Insuficientes;Medio;33,3;Parcial;True;True;True;True;True;True;True;False;False;7;Alta
21017;PA São Cristovão;;Irrigação;SE;CARIRA;Não Classificado;Não Classificado;Instituto Nacional de Colonização e Reforma Agrária - INCRA - Financeiro;Autarquias - Público;Agência Nacional de Águas e Saneamento Básico - ANA;;Não Classificada;;;Não;Não;;Não;0,0;0,0;0,0;;0,0;Sem Informação;;;;771496,0;Riacho Melancia;Região Hidrográfica ATLÂNTICO LESTE;CBH do Rio Sergipe;Federal;;;;;Operação;2020-07-01 00:00:00;-10,20303;-37,70317;mínima;2020-07-01;NoData;NoData;2020,0;0,0;Fundacao;0,0;Original;6;26;0;5;13;18;3;19;49;Baixo;Medio;66,7;Bom;True;True;True;False;False;True;True;False;False;6;Media
20940;PA Castro Alves;;Irrigação;ES;PEDRO CANÁRIO;Não Classificado;Não Classificado;Instituto Nacional de Colonização e Reforma Agrária - INCRA - ES;;Agência Nacional de Águas e Saneamento Básico - ANA;;Não Classificada;;;Não;Não;;Não;0,0;0,0;0,0;;0,0;Sem Informação;;;;7797872,0;Córrego do Engano;Região Hidrográfica ATLÂNTICO LESTE;CBH do Rio Itaúnas;Federal;;;;;Operação;2020-06-30 00:00:00;-18,22164;-40,04422;mínima;2020-06-30;NoData;NoData;2020,0;0,0;Fundacao;0,0;Original;6;26;0;5;13;18;3;19;49;Baixo;Medio;66,7;Bom;True;True;True;False;False;True;True;False;False;6;Media
22430;Massa d'Água #115207;;Irrigação;RS;NONOAI;Não Classificado;Não Classificado;;;Agência Nacional de Águas e Saneamento Básico - ANA;;Não Classificada;;;Não;Não;;Não;;;;;;Sem Informação;;;;827914,0;Lajeado Grande;Região Hidrográfica do URUGUAI;CBH do Várzea;Federal;;;;;;;-27,3885;-52,91644;mínima;2021-01-21;NoData;NoData;2021,0;;Sem_Dado;;Sem_Dado;3;31;0;5;13;18;1;16;54;Dados Insuficientes;Medio;33,3;Parcial;True;True;True;True;True;True;True;False;False;7;Alta
21611;Barragem Dois Rios;;Abastecimento humano;PE;GOIANA;Não Classificado;Não Classificado;Companhia Pernambucana de Saneamento - COMPESA;Sociedades de Economia Mista - Público - Privado;Agência Nacional de Águas e Saneamento Básico - ANA;02501.002569/2024-70;Não Classificada;;;Não;Não;;Não;;;;;0,0;Sem Informação;;;;75914,0;Riacho Muzumba;Região Hidrográfica ATLÂNTICO NORDESTE ORIENTAL;;Federal;;;;;Operação;2020-11-18 00:00:00;-7,46459;-34,98936;mínima;2020-11-18;0;0;2020,0;;Sem_Dado;;Sem_Dado;6;30;0;5;13;18;2;19;53;Dados Insuficientes;Medio;44,4;Parcial;True;True;True;True;True;True;True;False;False;7;Alta
23393;Massa d'Água #171993;;Irrigação;MS;AQUIDAUANA;Não Classificado;Não Classificado;;;Agência Nacional de Águas e Saneamento Básico - ANA;;Não Classificada;;;Não;Não;;Não;;;;;;Sem Informação;;;;89524,0;Vazante Grande;Região Hidrográfica do PARAGUAI;CBH do Rio Miranda;Estadual;;;;;;;-20,20664;-56,05772;mínima;2021-02-09;NoData;NoData;2021,0;;Sem_Dado;;Sem_Dado;3;31;0;5;13;18;1;16;54;Dados Insuficientes;Medio;33,3;Parcial;True;True;True;True;True;True;True;False;False;7;Alta
23399;Massa d'Água #173481;;Irrigação;MS;IGUATEMI;Não Classificado;Não Classificado;;;Agência Nacional de Águas e Saneamento Básico - ANA;;Não Classificada;;;Não;Não;;Não;;;;;;Sem Informação;;;;86338,0;Rio Maracaí;Região Hidrográfica do PARANÁ;;Federal;;;;;;;-23,31614;-54,75556;mínima;2021-02-09;NoData;NoData;2021,0;;Sem_Dado;;Sem_Dado;3;31;0;5;13;18;1;16;54;Dados Insuficientes;Medio;33,3;Parcial;True;True;True;True;True;True;True;False;False;7;Alta
20959;Fazenda Santa Marta II;;Irrigação;PE;GARANHUNS;Não Classificado;Não Classificado;Carlos Henrique Moura da Silva;Pessoa Física;Agência Nacional de Águas e Saneamento Básico - ANA;;Não Classificada;;;Não;Não;;Não;0,0;0,0;0,0;;0,0;Sem Informação;;;;759668,0;SEM NOME;Região Hidrográfica ATLÂNTICO NORDESTE ORIENTAL;;Federal;;;;;Operação;2020-06-30 00:00:00;-8,93919;-36,56356;mínima;2020-06-30;NoData;NoData;2020,0;0,0;Fundacao;0,0;Original;6;26;0;5;13;18;3;19;49;Baixo;Medio;66,7;Bom;True;True;True;False;False;True;True;False;False;6;Media
20857;Fazenda Panorâmica - Barragem 03;;Irrigação;MA;CIDELÂNDIA;Não Classificado;Não Classificado;Juliano Paiva de Brito;Pessoa Física;Agência Nacional de Águas e Saneamento Básico - ANA;;Não Classificada;;;Não;Não;;Não;;;;;0,0;Sem Informação;;;;612996,0;Córrego dos Pebas;Região Hidrográfica do TOCANTINS-ARAGUAIA;;Federal;;;;;Operação;2020-06-26 00:00:00;-4,986;-47,99167;mínima;2020-06-26;NoData;NoData;2020,0;;Sem_Dado;;Sem_Dado;6;30;0;5;13;18;2;19;53;Dados Insuficientes;Medio;44,4;Parcial;True;True;True;True;True;True;True;False;False;7;Alta
23572;Massa d'Água #191294;;Irrigação;BA;PRADO;Não Classificado;Não Classificado;;;Agência Nacional de Águas e Saneamento Básico - ANA;;Não Classificada;;;Não;Não;;Não;;;;;;Sem Informação;;;;779194,0;Rio do Queimado;Região Hidrográfica ATLÂNTICO LESTE;CBH dos Rios Frades, Buranhém e Santo Antônio;Federal;;;;;;;-16,9975;-39,32817;mínima;2021-02-11;NoData;NoData;2021,0;;Sem_Dado;;Sem_Dado;3;31;0;5;13;18;1;16;54;Dados Insuficientes;Medio;33,3;Parcial;True;True;True;True;True;True;True;False;False;7;Alta
23574;Massa d'Água #192590;;Irrigação;BA;PAU BRASIL;Não Classificado;Não Classificado;;;Agência Nacional de Águas e Saneamento Básico - ANA;;Não Classificada;;;Não;Não;;Não;;;;;;Sem Informação;;;;7778152,0;Córrego do Toucinho;Região Hidrográfica ATLÂNTICO LESTE;;Estadual;;;;;;;-15,49097;-39,75817;mínima;2021-02-11;NoData;NoData;2021,0;;Sem_Dado;;Sem_Dado;3;31;0;5;13;18;1;16;54;Dados Insuficientes;Medio;33,3;Parcial;True;True;True;True;True;True;True;False;False;7;Alta
23579;Massa d'Água #193190;;Irrigação;MS;MIRANDA;Não Classificado;Não Classificado;;;Agência Nacional de Águas e Saneamento Básico - ANA;;Não Classificada;;;Não;Não;;Não;;;;;;Sem Informação;;;;895232,0;Córrego Agachi;Região Hidrográfica do PARAGUAI;CBH do Rio Miranda;Estadual;;;;;;;-20,13269;-56,25703;mínima;2021-02-11;NoData;NoData;2021,0;;Sem_Dado;;Sem_Dado;3;31;0;5;13;18;1;16;54;Dados Insuficientes;Medio;33,3;Parcial;True;True;True;True;True;True;True;False;False;7;Alta
23581;Massa d'Água #193441;;Irrigação;MS;MIRANDA;Não Classificado;Não Classificado;;;Agência Nacional de Águas e Saneamento Básico - ANA;;Não Classificada;;;Não;Não;;Não;;;;;;Sem Informação;;;;895232,0;Córrego Agachi;Região Hidrográfica do PARAGUAI;CBH do Rio Miranda;Estadual;;;;;;;-20,14094;-56,24994;mínima;2021-02-11;NoData;NoData;2021,0;;Sem_Dado;;Sem_Dado;3;31;0;5;13;18;1;16;54;Dados Insuficientes;Medio;33,3;Parcial;True;True;True;True;True;True;True;False;False;7;Alta
23582;Massa d'Água #194328;;Irrigação;BA;ILHÉUS;Não Classificado;Não Classificado;;;Agência Nacional de Águas e Saneamento Básico - ANA;;Não Classificada;;;Não;Não;;Não;;;;;;Sem Informação;;;;777542,0;Rio Mamão;Região Hidrográfica ATLÂNTICO LESTE;CBH do Leste;Estadual;;;;;;;-15,09597;-39,05086;mínima;2021-02-11;NoData;NoData;2021,0;;Sem_Dado;;Sem_Dado;3;31;0;5;13;18;1;16;54;Dados Insuficientes;Medio;33,3;Parcial;True;True;True;True;True;True;True;False;False;7;Alta
23585;Massa d'Água #195903;;Irrigação;MS;SETE QUEDAS;Não Classificado;Não Classificado;;;Agência Nacional de Águas e Saneamento Básico - ANA;;Não Classificada;;;Não;Não;;Não;;;;;;Sem Informação;;;;8633236,0;Córrego Sombrerito;Região Hidrográfica do PARANÁ;;Estadual;;;;;;;-23,80656;-54,71522;mínima;2021-02-11;NoData;NoData;2021,0;;Sem_Dado;;Sem_Dado;3;31;0;5;13;18;1;16;54;Dados Insuficientes;Medio;33,3;Parcial;True;True;True;True;True;True;True;False;False;7;Alta
20977;Fazenda Marsango;;Irrigação;SC;PONTE SERRADA;Não Classificado;Não Classificado;Oscar Marsango;Pessoa Física;Agência Nacional de Águas e Saneamento Básico - ANA;;Não Classificada;;;Não;Não;;Não;0,0;0,0;0,0;;0,0;Sem Informação;;;;8279328,0;Rio Bahia;Região Hidrográfica do URUGUAI;CBH dos Rios Chapecó e Irani;Estadual;;;;;Operação;2020-07-01 00:00:00;-26,85142;-52,00283;mínima;2020-07-01;NoData;NoData;2020,0;0,0;Fundacao;0,0;Original;6;26;0;5;13;18;3;19;49;Baixo;Medio;66,7;Bom;True;True;True;False;False;True;True;False;False;6;Media
22187;Massa d'Água #26304;;Irrigação;RN;SÃO JOÃO DO SABUGI;Não Classificado;Não Classificado;;;Agência Nacional de Águas e Saneamento Básico - ANA;;Não Classificada;;;Não;Não;;Não;;;;;;Sem Informação;;;;75622576,0;SEM NOME;Região Hidrográfica ATLÂNTICO NORDESTE ORIENTAL;Piranhas-Açu;Federal;;;;;;;-6,73494;-37,18756;mínima;2020-12-29;NoData;NoData;2020,0;;Sem_Dado;;Sem_Dado;3;31;0;5;13;18;1;16;54;Dados Insuficientes;Medio;33,3;Parcial;True;True;True;True;True;True;True;False;False;7;Alta
22518;Barragem Duas Pontes;;Abastecimento humano;SP;AMPARO;Não se Aplica;Alto;AGENCIA DE AGUAS DO ESTADO DE SAO PAULO - SP-AGUAS;Autarquias - Público;Agência Nacional de Águas e Saneamento Básico - ANA;;Sim;74/2021;;Não;Não;;Não;36,0;;47,5;790,0;4,03;Terra;Regularização de vazão;;;866683754,0;SEM NOME;Região Hidrográfica do PARANÁ;PCJ;Federal;;;;;Construção;08-DEC-25;-22,68111;-46,87139;boa;2021-01-26;0;0;2021,0;36,0;Fundacao;47,5;Original;8;27;0;5;13;18;4;21;50;Baixo;Medio;77,8;Bom;True;True;True;False;False;False;True;True;True;11;Urgente
22538;Massa d'Água #148984;;Irrigação;MS;AQUIDAUANA;Não Classificado;Não Classificado;;;Agência Nacional de Águas e Saneamento Básico - ANA;;Não Classificada;;;Não;Não;;Não;;;;;;Sem Informação;;;;895244,0;SEM NOME;Região Hidrográfica do PARAGUAI;CBH do Rio Miranda;Estadual;;;;;;;-20,25733;-56,07558;mínima;2021-01-26;NoData;NoData;2021,0;;Sem_Dado;;Sem_Dado;3;31;0;5;13;18;1;16;54;Dados Insuficientes;Medio;33,3;Parcial;True;True;True;True;True;True;True;False;False;7;Alta
22540;Massa d'Água #149722;;Irrigação;MT;SÃO FÉLIX DO ARAGUAIA;Não Classificado;Não Classificado;;;Agência Nacional de Águas e Saneamento Básico - ANA;;Não Classificada;;;Não;Não;;Não;;;;;;Sem Informação;;;;4254,0;Rio Comandante Fontoura;Região Hidrográfica AMAZÔNICA;;Estadual;;;;;;;-11,60147;-51,87561;mínima;2021-01-26;NoData;NoData;2021,0;;Sem_Dado;;Sem_Dado;3;31;0;5;13;18;1;16;54;Dados Insuficientes;Medio;33,3;Parcial;True;True;True;True;True;True;True;False;False;7;Alta
23808;Massa d'Água #237255;;Irrigação;SC;ABELARDO LUZ;Não Classificado;Não Classificado;;;Agência Nacional de Águas e Saneamento Básico - ANA;;Não Classificada;;;Não;Não;;Não;;;;;;Sem Informação;;;;8278,0;Rio Chapecó;Região Hidrográfica do URUGUAI;CBH dos Rios Chapecó e Irani;Estadual;;;;;;;-26,56172;-52,35806;mínima;2021-02-23;NoData;NoData;2021,0;;Sem_Dado;;Sem_Dado;3;31;0;5;13;18;1;16;54;Dados Insuficientes;Medio;33,3;Parcial;True;True;True;True;True;True;True;False;False;7;Alta
23809;Massa d'Água #237472;;Irrigação;MT;SÃO FÉLIX DO ARAGUAIA;Não Classificado;Não Classificado;;;Agência Nacional de Águas e Saneamento Básico - ANA;;Não Classificada;;;Não;Não;;Não;;;;;;Sem Informação;;;;4254,0;Rio Comandante Fontoura;Região Hidrográfica AMAZÔNICA;;Estadual;;;;;;;-11,60528;-51,86667;mínima;2021-02-23;NoData;NoData;2021,0;;Sem_Dado;;Sem_Dado;3;31;0;5;13;18;1;16;54;Dados Insuficientes;Medio;33,3;Parcial;True;True;True;True;True;True;True;False;False;7;Alta
22334;Massa d'Água #86878;;Irrigação;BA;ILHÉUS;Não Classificado;Não Classificado;;;Agência Nacional de Águas e Saneamento Básico - ANA;;Não Classificada;;;Não;Não;;Não;;;;;;Sem Informação;;;;777426,0;Rio Santaninha;Região Hidrográfica ATLÂNTICO LESTE;CBH do Leste;Estadual;;;;;;;-14,95878;-39,12211;mínima;2021-01-18;NoData;NoData;2021,0;;Sem_Dado;;Sem_Dado;3;31;0;5;13;18;1;16;54;Dados Insuficientes;Medio;33,3;Parcial;True;True;True;True;True;True;True;False;False;7;Alta
23403;Massa d'Água #175222;;Irrigação;MS;PONTA PORÃ;Não Classificado;Não Classificado;;;Agência Nacional de Águas e Saneamento Básico - ANA;;Não Classificada;;;Não;Não;;Não;;;;;;Sem Informação;;;;86386382,0;Córrego Estiva;Região Hidrográfica do PARANÁ;CBH do Rio Ivinhema;Estadual;;;;;;;-22,31708;-55,29539;mínima;2021-02-09;NoData;NoData;2021,0;;Sem_Dado;;Sem_Dado;3;31;0;5;13;18;1;16;54;Dados Insuficientes;Medio;33,3;Parcial;True;True;True;True;True;True;True;False;False;7;Alta
23578;Massa d'Água #192960;;Irrigação;SC;ITAIÓPOLIS;Não Classificado;Não Classificado;;;Agência Nacional de Águas e Saneamento Básico - ANA;;Não Classificada;;;Não;Não;;Não;;;;;;Sem Informação;;;;86298,0;Rio Preto;Região Hidrográfica ATLÂNTICO SUL;;Estadual;;;;;;;-26,68692;-49,69397;mínima;2021-02-11;NoData;NoData;2021,0;;Sem_Dado;;Sem_Dado;3;31;0;5;13;18;1;16;54;Dados Insuficientes;Medio;33,3;Parcial;True;True;True;True;True;True;True;False;False;7;Alta
23583;Barragem da Reserva Biológica da Mata Escura - ICMBio/MMA;Massa d'Água #194370;Irrigação;MG;JEQUITINHONHA;Não Classificado;Não Classificado;;;Agência Nacional de Águas e Saneamento Básico - ANA;02501.001653/2025-57;Não Classificada;;;Não;Não;;Não;;;;;;Sem Informação;;;;7781566,0;Córrego da Palmeira;Região Hidrográfica ATLÂNTICO LESTE;CBH do Médio e Baixo Jequitinhonha;Estadual;;;;;;;-16,19469;-41,11719;mínima;2021-02-11;NoData;NoData;2021,0;;Sem_Dado;;Sem_Dado;3;31;0;5;13;18;1;16;54;Dados Insuficientes;Medio;33,3;Parcial;True;True;True;True;True;True;True;False;False;7;Alta
23846;Massa d'Água #243708;;Irrigação;TO;NOVO ALEGRE;Não Classificado;Não Classificado;;;Agência Nacional de Águas e Saneamento Básico - ANA;;Não Classificada;;;Não;Não;;Não;;;;;;Sem Informação;;;;6462946,0;Ribeirão Cachoeira;Região Hidrográfica do TOCANTINS-ARAGUAIA;;Federal;;;;;;;-12,95653;-46,57986;mínima;2021-02-25;NoData;NoData;2021,0;;Sem_Dado;;Sem_Dado;3;31;0;5;13;18;1;16;54;Dados Insuficientes;Medio;33,3;Parcial;True;True;True;True;True;True;True;False;False;7;Alta
23865;Massa d'Água #243788;;Irrigação;BA;ENCRUZILHADA;Não Classificado;Não Classificado;;;Agência Nacional de Águas e Saneamento Básico - ANA;;Não Classificada;;;Não;Não;;Não;;;;;;Sem Informação;;;;77787166,0;Rio Mundo Novo;Região Hidrográfica ATLÂNTICO LESTE;;Federal;;;;;;;-15,69856;-41,30494;mínima;2021-02-25;NoData;NoData;2021,0;;Sem_Dado;;Sem_Dado;3;31;0;5;13;18;1;16;54;Dados Insuficientes;Medio;33,3;Parcial;True;True;True;True;True;True;True;False;False;7;Alta
23867;Massa d'Água #243793;;Irrigação;BA;ENCRUZILHADA;Não Classificado;Não Classificado;;;Agência Nacional de Águas e Saneamento Básico - ANA;;Não Classificada;;;Não;Não;;Não;;;;;;Sem Informação;;;;7778716,0;Córrego do Mamoeiro;Região Hidrográfica ATLÂNTICO LESTE;;Federal;;;;;;;-15,62589;-41,17622;mínima;2021-02-25;NoData;NoData;2021,0;;Sem_Dado;;Sem_Dado;3;31;0;5;13;18;1;16;54;Dados Insuficientes;Medio;33,3;Parcial;True;True;True;True;True;True;True;False;False;7;Alta
21580;EMBASA Encruzilhada ;;Abastecimento humano;BA;ENCRUZILHADA;Não se Aplica;Baixo;Empresa Baiana de Águas e Saneamento S.A.;Sociedades de Economia Mista - Público - Privado;Agência Nacional de Águas e Saneamento Básico - ANA;02501.004846/2020-55;Não;623/2023;;Não;Não;;Não;2,41;2,41;0,04;0,0;;Concreto convencional;;;;7778,0;Rio Pardo;Região Hidrográfica ATLÂNTICO LESTE;;Federal;;;;;Operação;2020-11-12 00:00:00;-15,44806;-40,94611;ótima;2020-11-16;0;0;2020,0;2,41;Fundacao;0,04;Original;6;21;0;5;13;18;4;19;44;Baixo;Medio;77,8;Bom;True;True;True;False;False;False;True;False;False;6;Media
22374;Massa d'Água #94452;;Irrigação;MT;PONTES E LACERDA;Não Classificado;Não Classificado;;;Agência Nacional de Águas e Saneamento Básico - ANA;;Não Classificada;;;Não;Não;;Não;;;;;;Sem Informação;;;;46998,0;Rio Barbado;Região Hidrográfica AMAZÔNICA;;Estadual;;;;;;;-16,11703;-59,52964;mínima;2021-01-19;NoData;NoData;2021,0;;Sem_Dado;;Sem_Dado;3;31;0;5;13;18;1;16;54;Dados Insuficientes;Medio;33,3;Parcial;True;True;True;True;True;True;True;False;False;7;Alta
22407;Massa d'Água #107029;;Irrigação;MT;QUERÊNCIA;Não Classificado;Não Classificado;;;Agência Nacional de Águas e Saneamento Básico - ANA;;Não Classificada;;;Não;Não;;Não;;;;;;Sem Informação;;;;427244,0;Córrego das Amoreiras;Região Hidrográfica AMAZÔNICA;;Estadual;;;;;;;-11,91139;-52,97781;mínima;2021-01-20;NoData;NoData;2021,0;;Sem_Dado;;Sem_Dado;3;31;0;5;13;18;1;16;54;Dados Insuficientes;Medio;33,3;Parcial;True;True;True;True;True;True;True;False;False;7;Alta
20797;Propriedade Palmital;;Irrigação;BA;MUCURI;Não Classificado;Não Classificado;Elias Evencio Coutinho;Pessoa Física;Agência Nacional de Águas e Saneamento Básico - ANA;;Não Classificada;;;Não;Não;;Não;0,0;0,0;0,0;;0,0;Sem Informação;;;;7797878,0;Córrego do Seis;Região Hidrográfica ATLÂNTICO LESTE;;Federal;;;;;Operação;2020-06-23 00:00:00;-17,95528;-40,20911;mínima;2020-06-23;NoData;NoData;2020,0;0,0;Fundacao;0,0;Original;6;26;0;5;13;18;3;19;49;Baixo;Medio;66,7;Bom;True;True;True;False;False;True;True;False;False;6;Media
21031;Sítio Pedral e Cal - Barragem 01;;Irrigação;RN;IPUEIRA;Não Classificado;Não Classificado;ADALGISA DA NOBREGA BRITTO;Pessoa Física;Agência Nacional de Águas e Saneamento Básico - ANA;;Não Classificada;;;Não;Não;;Não;;;;;0,0;Sem Informação;;;;7562252,0;Riacho do Cipó;Região Hidrográfica ATLÂNTICO NORDESTE ORIENTAL;Piranhas-Açu;Federal;;;;;Operação;2020-07-02 00:00:00;-6,74322;-37,13444;mínima;2020-07-02;NoData;NoData;2020,0;;Sem_Dado;;Sem_Dado;6;30;0;5;13;18;2;19;53;Dados Insuficientes;Medio;44,4;Parcial;True;True;True;True;True;True;True;False;False;7;Alta
21050;Sítio Trapia/Fortuna I;;Irrigação;RN;PATU;Não Classificado;Não Classificado;SEVERINO LEITE FORTE;Pessoa Física;Agência Nacional de Águas e Saneamento Básico - ANA;;Não Classificada;;;Não;Não;;Não;0,0;0,0;0,0;;0,0;Sem Informação;;;;75632958,0;SEM NOME;Região Hidrográfica ATLÂNTICO NORDESTE ORIENTAL;Piranhas-Açu;Federal;;;;;Operação;2020-07-02 00:00:00;-6,17364;-37,63836;mínima;2020-07-02;NoData;NoData;2020,0;0,0;Fundacao;0,0;Original;6;26;0;5;13;18;3;19;49;Baixo;Medio;66,7;Bom;True;True;True;False;False;True;True;False;False;6;Media
20905;Fazenda Santa Cruz;;Irrigação;MG;ITAMOGI;Não Classificado;Não Classificado;João Luiz de Medeiros;Pessoa Física;Agência Nacional de Águas e Saneamento Básico - ANA;;Não Classificada;;;Não;Não;;Não;0,0;0,0;0,0;;0,0;Sem Informação;;;;868696,0;Ribeirão Tomba-perna;Região Hidrográfica do PARANÁ;Grande;Federal;;;;;Operação;2020-06-29 00:00:00;-21,05939;-46,97378;mínima;2020-06-29;NoData;NoData;2020,0;0,0;Fundacao;0,0;Original;6;26;0;5;13;18;3;19;49;Baixo;Medio;66,7;Bom;True;True;True;False;False;True;True;False;False;6;Media
23642;Massa d'Água #204819;;Irrigação;MT;SÃO FÉLIX DO ARAGUAIA;Não Classificado;Não Classificado;;;Agência Nacional de Águas e Saneamento Básico - ANA;;Não Classificada;;;Não;Não;;Não;;;;;;Sem Informação;;;;67842,0;Ribeirãozinho Ribeirãozinho;Região Hidrográfica do TOCANTINS-ARAGUAIA;;Federal;;;;;;;-11,58864;-51,61689;mínima;2021-02-12;NoData;NoData;2021,0;;Sem_Dado;;Sem_Dado;3;31;0;5;13;18;1;16;54;Dados Insuficientes;Medio;33,3;Parcial;True;True;True;True;True;True;True;False;False;7;Alta
23671;Massa d'Água #212282;;Irrigação;MT;ALTO BOA VISTA;Não Classificado;Não Classificado;;;Agência Nacional de Águas e Saneamento Básico - ANA;;Não Classificada;;;Não;Não;;Não;;;;;;Sem Informação;;;;425498,0;Ribeirão das Traíras;Região Hidrográfica do TOCANTINS-ARAGUAIA;;Estadual;;;;;;;-11,82306;-51,70272;mínima;2021-02-12;NoData;NoData;2021,0;;Sem_Dado;;Sem_Dado;3;31;0;5;13;18;1;16;54;Dados Insuficientes;Medio;33,3;Parcial;True;True;True;True;True;True;True;False;False;7;Alta
20801;Fazenda Granito;Fazenda Campo Alegre - Barragem 02;Irrigação;BA;MUCURI;Não se Aplica;Baixo;Lucio Flavio Segundo de Barros Wanderley (Espólio);Pessoa Física;Agência Nacional de Águas e Saneamento Básico - ANA;02501.001167/2026-10;Não Classificada;27/2026/SRB-ANA-SEI;;Não;Não;;Não;4,0;4,0;0,185;140,0;0,0;Terra;Dessedentação Animal;;;7797878,0;Córrego do Seis;Região Hidrográfica ATLÂNTICO LESTE;;Federal;;;;Não;Operação;2020-06-23 00:00:00;-18,0045;-40,18261;ótima;2020-06-23;NoData;NoData;2020,0;4,0;Fundacao;0,185;Original;8;23;0;5;13;18;4;21;46;Baixo;Medio;77,8;Bom;True;True;True;False;False;False;True;False;False;6;Media
21021;Pecuária de Corte Morada do Boi - Barragem 01;;Irrigação;BA;GUARATINGA;Não Classificado;Não Classificado;JOÃO HONÓRIO BONFIM;Pessoa Física;Agência Nacional de Águas e Saneamento Básico - ANA;;Não Classificada;;;Não;Não;;Não;;;;;0,0;Sem Informação;;;;7791434,0;Córrego do Gustavo;Região Hidrográfica ATLÂNTICO LESTE;CBH dos Rios Frades, Buranhém e Santo Antônio;Estadual;;;;;Operação;2020-07-01 00:00:00;-16,32411;-39,92053;mínima;2020-07-01;NoData;NoData;2020,0;;Sem_Dado;;Sem_Dado;6;30;0;5;13;18;2;19;53;Dados Insuficientes;Medio;44,4;Parcial;True;True;True;True;True;True;True;False;False;7;Alta
21045;Sítio Lagoa Verde;;Irrigação;RN;NOVA CRUZ;Não Classificado;Não Classificado;MANOEL ALEXANDRE SILVA;Pessoa Física;Agência Nacional de Águas e Saneamento Básico - ANA;;Não Classificada;;;Não;Não;;Não;0,0;0,0;0,0;;0,0;Sem Informação;;;;757632,0;Riacho Bueiro;Região Hidrográfica ATLÂNTICO NORDESTE ORIENTAL;;Federal;;;;;Operação;2020-07-02 00:00:00;-6,49719;-35,38153;mínima;2020-07-02;NoData;NoData;2020,0;0,0;Fundacao;0,0;Original;6;26;0;5;13;18;3;19;49;Baixo;Medio;66,7;Bom;True;True;True;False;False;True;True;False;False;6;Media
21047;Fazenda São Roque ;;Irrigação;RN;SANTANA DO SERIDÓ;Não Classificado;Não Classificado;ANTÔNIO ILENO DE MEDEIROS;Pessoa Física;Agência Nacional de Águas e Saneamento Básico - ANA;;Não Classificada;;;Não;Não;;Não;0,0;0,0;0,0;;0,0;Sem Informação;;;;756246,0;Rio São José;Região Hidrográfica ATLÂNTICO NORDESTE ORIENTAL;Piranhas-Açu;Federal;;;;;Operação;2020-07-02 00:00:00;-6,69503;-36,84069;mínima;2020-07-02;NoData;NoData;2020,0;0,0;Fundacao;0,0;Original;6;26;0;5;13;18;3;19;49;Baixo;Medio;66,7;Bom;True;True;True;False;False;True;True;False;False;6;Media
23774;Massa d'Água #228290;;Irrigação;MT;SÃO FÉLIX DO ARAGUAIA;Não Classificado;Não Classificado;;;Agência Nacional de Águas e Saneamento Básico - ANA;;Não Classificada;;;Não;Não;;Não;;;;;;Sem Informação;;;;425498,0;Ribeirão das Traíras;Região Hidrográfica AMAZÔNICA;;Estadual;;;;;;;-11,67936;-51,64917;mínima;2021-02-15;NoData;NoData;2021,0;;Sem_Dado;;Sem_Dado;3;31;0;5;13;18;1;16;54;Dados Insuficientes;Medio;33,3;Parcial;True;True;True;True;True;True;True;False;False;7;Alta
23814;Massa d'Água #240314;;Irrigação;BA;BUERAREMA;Não Classificado;Não Classificado;;;Agência Nacional de Águas e Saneamento Básico - ANA;;Não Classificada;;;Não;Não;;Não;;;;;;Sem Informação;;;;77764,0;Rio de Una;Região Hidrográfica ATLÂNTICO LESTE;CBH do Leste;Estadual;;;;;;;-15,07339;-39,25844;mínima;2021-02-23;NoData;NoData;2021,0;;Sem_Dado;;Sem_Dado;3;31;0;5;13;18;1;16;54;Dados Insuficientes;Medio;33,3;Parcial;True;True;True;True;True;True;True;False;False;7;Alta
21064;PA Lagoa das Pedras - Barragem 02;;Irrigação;GO;CABECEIRAS;Não Classificado;Não Classificado;Instituto Nacional de Colonização e Reforma Agrária - INCRA - DF;Autarquias - Público;Agência Nacional de Águas e Saneamento Básico - ANA;;Não Classificada;;;Não;Não;;Não;2,0;2,0;0,034;;0,0;Sem Informação;;;;76846,0;Córrego Poço Claro;Região Hidrográfica do SÃO FRANCISCO;São Francisco;Federal;;;;;Operação;2020-07-03 00:00:00;-15,84725;-46,96306;baixa;2020-07-03;0;0;2020,0;2,0;Fundacao;0,034;Original;6;26;0;5;13;18;3;19;49;Baixo;Medio;66,7;Bom;True;True;True;False;False;True;True;False;False;6;Media
22219;Massa d'Água #34814;;Irrigação;AL;PORTO REAL DO COLÉGIO;Não Classificado;Não Classificado;;;Agência Nacional de Águas e Saneamento Básico - ANA;;Não Classificada;;;Não;Não;;Não;;;;;;Sem Informação;;;;76,0;Rio São Francisco;Região Hidrográfica do SÃO FRANCISCO;São Francisco;Estadual;;;;;;;-10,17283;-36,83942;mínima;2020-12-30;NoData;NoData;2020,0;;Sem_Dado;;Sem_Dado;3;31;0;5;13;18;1;16;54;Dados Insuficientes;Medio;33,3;Parcial;True;True;True;True;True;True;True;False;False;7;Alta
22221;Massa d'Água #48877;;Irrigação;MS;CAARAPÓ;Não Classificado;Não Classificado;;;Agência Nacional de Águas e Saneamento Básico - ANA;;Não Classificada;;;Não;Não;;Não;;;;;;Sem Informação;;;;86344,0;Rio Piratinim;Região Hidrográfica do PARANÁ;;Federal;;;;;;;-22,65067;-55,081;mínima;2020-12-30;NoData;NoData;2020,0;;Sem_Dado;;Sem_Dado;3;31;0;5;13;18;1;16;54;Dados Insuficientes;Medio;33,3;Parcial;True;True;True;True;True;True;True;False;False;7;Alta
27366;Rapaz Grande;;Irrigação;GO;CRISTALINA;Alto;Baixo;AUGUSTO URIAS DA CRUZ;Pessoa Física;Agência Nacional de Águas e Saneamento Básico - ANA;02501.004113/2022-82;Sim;98/2025/SRB-ANA-SEI;;Não;Não;;Não;17,0;17,0;3,75;269,8;;Terra;;C;;8699964,0;Córrego Rapaz Grande;Região Hidrográfica do PARANÁ;Paranaíba;Federal;;;;Não;Operação;2008-07-16 00:00:00;-17,14333;-47,4075;boa;2022-09-29;0;0;2022,0;17,0;Fundacao;3,75;Original;9;24;0;5;13;18;4;22;47;Baixo;Medio;77,8;Bom;True;True;True;False;False;False;True;True;False;8;Alta
22197;Massa d'Água #27366;;Irrigação;BA;PRADO;Não Classificado;Não Classificado;;;Agência Nacional de Águas e Saneamento Básico - ANA;;Não Classificada;;;Não;Não;;Não;;;;;;Sem Informação;;;;779194,0;Rio do Queimado;Região Hidrográfica ATLÂNTICO LESTE;CBH dos Rios Frades, Buranhém e Santo Antônio;Federal;;;;;;;-16,97572;-39,24742;mínima;2020-12-29;NoData;NoData;2020,0;;Sem_Dado;;Sem_Dado;3;31;0;5;13;18;1;16;54;Dados Insuficientes;Medio;33,3;Parcial;True;True;True;True;True;True;True;False;False;7;Alta
22467;Massa d'Água #128956;;Irrigação;BA;PAU BRASIL;Não Classificado;Não Classificado;;;Agência Nacional de Águas e Saneamento Básico - ANA;;Não Classificada;;;Não;Não;;Não;;;;;;Sem Informação;;;;7778152,0;Córrego do Toucinho;Região Hidrográfica ATLÂNTICO LESTE;;Estadual;;;;;;;-15,49819;-39,73325;mínima;2021-01-22;NoData;NoData;2021,0;;Sem_Dado;;Sem_Dado;3;31;0;5;13;18;1;16;54;Dados Insuficientes;Medio;33,3;Parcial;True;True;True;True;True;True;True;False;False;7;Alta
22473;Massa d'Água #130742;;Irrigação;MS;JUTI;Não Classificado;Não Classificado;;;Agência Nacional de Águas e Saneamento Básico - ANA;;Não Classificada;;;Não;Não;;Não;;;;;;Sem Informação;;;;8634362,0;Córrego São Domingos;Região Hidrográfica do PARANÁ;;Estadual;;;;;;;-22,70489;-54,64158;mínima;2021-01-22;NoData;NoData;2021,0;;Sem_Dado;;Sem_Dado;3;31;0;5;13;18;1;16;54;Dados Insuficientes;Medio;33,3;Parcial;True;True;True;True;True;True;True;False;False;7;Alta
20945;Fazenda Fronteira;;Irrigação;TO;TALISMÃ;Não Classificado;Não Classificado;Horácio Camargo Lacerda;Pessoa Física;Agência Nacional de Águas e Saneamento Básico - ANA;;Não Classificada;;;Não;Não;;Não;0,0;0,0;0,0;;0,0;Sem Informação;;;;645845376,0;Córrego Enseada;Região Hidrográfica do TOCANTINS-ARAGUAIA;;Federal;;;;;Operação;2020-06-30 00:00:00;-12,84097;-49,08886;mínima;2020-06-30;NoData;NoData;2020,0;0,0;Fundacao;0,0;Original;6;26;0;5;13;18;3;19;49;Baixo;Medio;66,7;Bom;True;True;True;False;False;True;True;False;False;6;Media
23500;Massa d'Água #183552;;Irrigação;MS;PARANHOS;Não Classificado;Não Classificado;;;Agência Nacional de Águas e Saneamento Básico - ANA;;Não Classificada;;;Não;Não;;Não;;;;;;Sem Informação;;;;86332,0;Rio Iguatemi;Região Hidrográfica do PARANÁ;;Federal;;;;;;;-23,71981;-55,39556;mínima;2021-02-10;NoData;NoData;2021,0;;Sem_Dado;;Sem_Dado;3;31;0;5;13;18;1;16;54;Dados Insuficientes;Medio;33,3;Parcial;True;True;True;True;True;True;True;False;False;7;Alta
23745;Massa d'Água #221034;;Irrigação;SC;ABELARDO LUZ;Não Classificado;Não Classificado;;;Agência Nacional de Águas e Saneamento Básico - ANA;;Não Classificada;;;Não;Não;;Não;;;;;;Sem Informação;;;;8278974,0;Rio Vermelho;Região Hidrográfica do URUGUAI;CBH dos Rios Chapecó e Irani;Estadual;;;;;;;-26,54683;-52,06481;mínima;2021-02-15;NoData;NoData;2021,0;;Sem_Dado;;Sem_Dado;3;31;0;5;13;18;1;16;54;Dados Insuficientes;Medio;33,3;Parcial;True;True;True;True;True;True;True;False;False;7;Alta
23748;Massa d'Água #222163;;Irrigação;MS;DOURADINA;Não Classificado;Não Classificado;;;Agência Nacional de Águas e Saneamento Básico - ANA;;Não Classificada;;;Não;Não;;Não;;;;;;Sem Informação;;;;8638772,0;Córrego Panambi;Região Hidrográfica do PARANÁ;CBH do Rio Ivinhema;Federal;;;;;;;-22,01975;-54,62069;mínima;2021-02-15;NoData;NoData;2021,0;;Sem_Dado;;Sem_Dado;3;31;0;5;13;18;1;16;54;Dados Insuficientes;Medio;33,3;Parcial;True;True;True;True;True;True;True;False;False;7;Alta
22230;Massa d'Água #65759;;Irrigação;MT;BOM JESUS DO ARAGUAIA;Não Classificado;Não Classificado;;;Agência Nacional de Águas e Saneamento Básico - ANA;;Não Classificada;;;Não;Não;;Não;;;;;;Sem Informação;;;;4272784,0;Córrego Bela Manhã;Região Hidrográfica AMAZÔNICA;;Estadual;;;;;;;-11,90142;-51,86683;mínima;2020-12-30;NoData;NoData;2020,0;;Sem_Dado;;Sem_Dado;3;31;0;5;13;18;1;16;54;Dados Insuficientes;Medio;33,3;Parcial;True;True;True;True;True;True;True;False;False;7;Alta
21622;Represa São Pedro Superior;;Abastecimento humano;RJ;NOVA IGUAÇU;Não Classificado;Não Classificado;Companhia Estadual de Águas e Esgotos do Rio de Janeiro;;Agência Nacional de Águas e Saneamento Básico - ANA;02501.002568/2024-25;Não Classificada;;;Não;Não;;Não;;;;;;Sem Informação;;;;79384,0;Rio São Pedro;Região Hidrográfica ATLÂNTICO SUDESTE;CBH do Rio Guandu (RJ);Estadual;;;;;Operação;2020-11-19 00:00:00;-22,58905;-43,54827;mínima;2020-11-19;0;0;2020,0;;Sem_Dado;;Sem_Dado;6;30;0;5;13;18;2;19;53;Dados Insuficientes;Medio;44,4;Parcial;True;True;True;True;True;True;True;False;False;7;Alta
23768;Massa d'Água #226789;;Irrigação;MT;ALTO BOA VISTA;Não Classificado;Não Classificado;;;Agência Nacional de Águas e Saneamento Básico - ANA;;Não Classificada;;;Não;Não;;Não;;;;;;Sem Informação;;;;425498,0;Ribeirão das Traíras;Região Hidrográfica AMAZÔNICA;;Federal;;;;;;;-11,72594;-51,70747;mínima;2021-02-15;NoData;NoData;2021,0;;Sem_Dado;;Sem_Dado;3;31;0;5;13;18;1;16;54;Dados Insuficientes;Medio;33,3;Parcial;True;True;True;True;True;True;True;False;False;7;Alta
27408;Rosineire Aparecida;Sítio São Benedito;Aquicultura;MG;ANDRADAS;Não se Aplica;Baixo;ROSINEIRE APARECIDA TABARIN DOS SANTOS;Pessoa Física;Agência Nacional de Águas e Saneamento Básico - ANA;02501.004721/2022-97;Não Classificada;;;Não;Não;;Não;;1,8;0,007;;;Sem Informação;;;;8684674,0;Córrego do Óleo e Ribeirão do Paraíso ou do Macuco;Região Hidrográfica do PARANÁ;Grande;Federal;;;;;Operação;17-OCT-22;-22,05097;-46,66706;baixa;2022-10-17;0;0;2022,0;1,8;Terreno;0,007;Original;3;27;0;5;13;18;3;16;50;Baixo;Medio;66,7;Bom;True;True;True;False;False;True;True;False;False;6;Media
20863;Açude Passagem;Açude Escondido;Irrigação;PB;BELÉM DO BREJO DO CRUZ;Não se Aplica;Baixo;Antônio Basílio de Brito Neto;Pessoa Física;Agência Nacional de Águas e Saneamento Básico - ANA;02501.001420/2024-73;Não Classificada;62/2026/SRB-ANA-SEI;;Não;Não;;Não;4,0;4,0;0,262;;0,0;Sem Informação;Dessedentação Animal;;;7563294,0;Riacho do Jatobá;Região Hidrográfica ATLÂNTICO NORDESTE ORIENTAL;Piranhas-Açu;Federal;;;;;Operação;2020-06-26 00:00:00;-6,18353;-37,58536;ótima;2020-06-26;0;0;2020,0;4,0;Fundacao;0,262;Original;6;26;0;5;13;18;3;19;49;Baixo;Medio;66,7;Bom;True;True;True;False;False;True;True;False;False;6;Media
20875;Sítio Cacimbas;;Irrigação;PB;SÃO JOSÉ DO SABUGI;Não Classificado;Não Classificado;Nerisvaldo Pereira de Araújo;Pessoa Física;Agência Nacional de Águas e Saneamento Básico - ANA;;Não Classificada;;;Não;Não;;Não;0,0;0,0;0,0;;0,0;Sem Informação;;;;7562482,0;Riacho Santa Maria;Região Hidrográfica ATLÂNTICO NORDESTE ORIENTAL;Piranhas-Açu;Federal;;;;;Operação;2020-06-27 00:00:00;-6,789;-36,83481;mínima;2020-06-27;NoData;NoData;2020,0;0,0;Fundacao;0,0;Original;6;26;0;5;13;18;3;19;49;Baixo;Medio;66,7;Bom;True;True;True;False;False;True;True;False;False;6;Media
20878;Sítio Santo Antônio das Craibeiras;;Dessedentação Animal;PB;SANTA LUZIA;Não se Aplica;Baixo;Associação dos Produtores Rurais do Santo Antonio;;Agência Nacional de Águas e Saneamento Básico - ANA;02501.001865/2026-15;Não Classificada;;;Não;Não;;Não;4,0;4,0;0,184;218,0;0,0;Terra;Irrigação;;;7562492,0;SEM NOME;Região Hidrográfica ATLÂNTICO NORDESTE ORIENTAL;Piranhas-Açu;Federal;;;;;Operação;2020-06-27 00:00:00;-6,82597;-36,88986;baixa;2020-06-27;0;0;2020,0;4,0;Fundacao;0,184;Original;9;24;0;5;13;18;4;22;47;Baixo;Medio;77,8;Bom;True;True;True;False;False;False;True;False;False;6;Media
23782;Massa d'Água #233007;;Irrigação;GO;ARUANÃ;Não Classificado;Não Classificado;;;Agência Nacional de Águas e Saneamento Básico - ANA;;Não Classificada;;;Não;Não;;Não;;;;;;Sem Informação;;;;6,0;Rio Araguaia;Região Hidrográfica do TOCANTINS-ARAGUAIA;CBH Médio Araguaia;Estadual;;;;;;;-14,84383;-51,06497;mínima;2021-02-15;NoData;NoData;2021,0;;Sem_Dado;;Sem_Dado;3;31;0;5;13;18;1;16;54;Dados Insuficientes;Medio;33,3;Parcial;True;True;True;True;True;True;True;False;False;7;Alta
23883;Massa d'Água #243889;;Irrigação;PB;SÃO JOSÉ DO BREJO DO CRUZ;Não Classificado;Não Classificado;;;Agência Nacional de Águas e Saneamento Básico - ANA;;Não Classificada;;;Não;Não;;Não;;;;;;Sem Informação;;;;75634,0;Riacho Poço da Cruz;Região Hidrográfica ATLÂNTICO NORDESTE ORIENTAL;Piranhas-Açu;Federal;;;;;;;-6,30511;-37,34308;mínima;2021-02-25;NoData;NoData;2021,0;;Sem_Dado;;Sem_Dado;3;31;0;5;13;18;1;16;54;Dados Insuficientes;Medio;33,3;Parcial;True;True;True;True;True;True;True;False;False;7;Alta
30308;FAZENDA RELA - 01;;Irrigação;MG;INDAIABIRA;Não se Aplica;Baixo;ANTONIO MARTINS NETO;Pessoa Física;Agência Nacional de Águas e Saneamento Básico - ANA;02501.005123/2023-16;Não;871/2023;;Não;Não;;Não;3,5;3,5;0,22;0,0;14,0;Concreto convencional;;;;7778,0;Rio Pardo;Região Hidrográfica ATLÂNTICO LESTE;CBH do Rio Mosquito;Federal;;;;Não;Operação;2016-01-01 00:00:00;-15,68822;-42,14878;ótima;2023-11-10;0;0;2023,0;3,5;Fundacao;0,22;Original;6;21;0;5;13;18;4;19;44;Baixo;Medio;77,8;Bom;True;True;True;False;False;False;True;False;False;6;Media
20833;Fazenda Santa Tereza;Minas Vale;Dessedentação Animal;GO;NOVO PLANALTO;Não se Aplica;Baixo;Minasvale do Araguaia e Agropecuária LTDA;;Agência Nacional de Águas e Saneamento Básico - ANA;02501.002560/2024-69;Não;;;Não;Não;;Não;3,5;3,5;0,004;113,5;1,16;Terra;;;;6698,0;Ribeirão Chato;Região Hidrográfica do TOCANTINS-ARAGUAIA;CBH Médio Araguaia;Federal;;;;;Operação;2020-06-25 00:00:00;-13,01569;-49,85742;baixa;2020-06-25;0;0;2020,0;3,5;Fundacao;0,004;Original;8;23;0;5;13;18;4;21;46;Baixo;Medio;77,8;Bom;True;True;True;False;False;False;True;False;False;6;Media
20835;Fazenda Alvorada - Gleba 2;;Irrigação;GO;NOVO PLANALTO;Não Classificado;Não Classificado;Roberto Carlos Vargas;Pessoa Física;Agência Nacional de Águas e Saneamento Básico - ANA;;Não Classificada;;;Não;Não;;Não;0,0;0,0;0,0;;0,0;Sem Informação;;;;6944,0;Córrego Água Parada;Região Hidrográfica do TOCANTINS-ARAGUAIA;CBH Médio Araguaia;Federal;;;;;Operação;2020-06-25 00:00:00;-13,07997;-49,74956;mínima;2020-06-25;NoData;NoData;2020,0;0,0;Fundacao;0,0;Original;6;26;0;5;13;18;3;19;49;Baixo;Medio;66,7;Bom;True;True;True;False;False;True;True;False;False;6;Media
20841;Fazenda Canaã - Barragem 01;;Irrigação;GO;CAMPOS BELOS;Não Classificado;Não Classificado;Neudivaldo Xavier de Oliveira Sardinha;Pessoa Física;Agência Nacional de Águas e Saneamento Básico - ANA;;Não Classificada;;;Não;Não;;Não;;;;;0,0;Sem Informação;;;;646294,0;Córrego Riachão;Região Hidrográfica do TOCANTINS-ARAGUAIA;CBH dos Afluentes Goianos do Rio Paranã;Federal;;;;;Operação;2020-06-25 00:00:00;-12,99269;-46,56228;mínima;2020-06-25;NoData;NoData;2020,0;;Sem_Dado;;Sem_Dado;6;30;0;5;13;18;2;19;53;Dados Insuficientes;Medio;44,4;Parcial;True;True;True;True;True;True;True;False;False;7;Alta
20842;Fazenda Canaã - Barragem 02;;Irrigação;GO;CAMPOS BELOS;Não Classificado;Não Classificado;Neudivaldo Xavier de Oliveira Sardinha;Pessoa Física;Agência Nacional de Águas e Saneamento Básico - ANA;;Não Classificada;;;Não;Não;;Não;;;;;0,0;Sem Informação;;;;646294,0;Córrego Riachão;Região Hidrográfica do TOCANTINS-ARAGUAIA;CBH dos Afluentes Goianos do Rio Paranã;Federal;;;;;Operação;2020-06-25 00:00:00;-12,99172;-46,558;mínima;2020-06-25;NoData;NoData;2020,0;;Sem_Dado;;Sem_Dado;6;30;0;5;13;18;2;19;53;Dados Insuficientes;Medio;44,4;Parcial;True;True;True;True;True;True;True;False;False;7;Alta
20823;Fazenda Vitrine - 02;Barragem 02;Irrigação;GO;SÃO MIGUEL DO ARAGUAIA;Não Classificado;Não Classificado;Cacildo Barbosa do Amaral;Pessoa Física;Agência Nacional de Águas e Saneamento Básico - ANA;02501.001588/2025-60;Não Classificada;;;Não;Não;;Não;;;;;0,0;Sem Informação;;;;666,0;Ribeirão Baião;Região Hidrográfica do TOCANTINS-ARAGUAIA;CBH Médio Araguaia;Federal;;;;;Operação;2020-06-25 00:00:00;-13,29514;-50,17097;mínima;2020-06-25;NoData;NoData;2020,0;;Sem_Dado;;Sem_Dado;6;30;0;5;13;18;2;19;53;Dados Insuficientes;Medio;44,4;Parcial;True;True;True;True;True;True;True;False;False;7;Alta
20824;Fazenda Três Irmãos - Lagoa das Pedras;;Irrigação;GO;CABECEIRAS;Médio;Médio;Três Irmãos Agropecuária LTDA;;Agência Nacional de Águas e Saneamento Básico - ANA;02501.001595/2025-61;Sim;113/2025/SRB-ANA-SEI;;Não;Não;;Não;7,0;7,0;1,225;520,0;0,0;Terra-enrocamento;;B;;76846,0;Córrego Poço Claro;Região Hidrográfica do SÃO FRANCISCO;São Francisco;Federal;;;;Não;Operação;2020-06-25 00:00:00;-15,82108;-46,97872;boa;2020-06-25;NoData;NoData;2020,0;7,0;Fundacao;1,225;Original;9;24;0;5;13;18;4;22;47;Baixo;Medio;77,8;Bom;True;True;True;False;False;False;True;True;False;8;Alta
31682;Caldeirão da Fazenda Bem Posta;Barramento;Irrigação;MG;BERIZAL;Não se Aplica;Baixo;João Batista de Pinheiro ;Pessoa Física;Agência Nacional de Águas e Saneamento Básico - ANA; 02501.003553/2024-84;Não;1945;;Não;Não;;Não;2,7;2,7;0,346;61,14;;Concreto convencional;;;;7778,0;Rio Pardo;Região Hidrográfica ATLÂNTICO LESTE;CBH do Rio Mosquito;Federal;;;;;Operação;2015-01-01 00:00:00;-15,60489;-41,85228;ótima;2024-07-11;0;0;2024,0;2,7;Fundacao;0,346;Original;5;20;0;5;13;18;4;18;43;Baixo;Medio;77,8;Bom;True;True;True;False;False;False;True;False;False;6;Media
34477;Fazenda Águas Claras - Barramento no Rio Pardo;;Irrigação;BA;CÂNDIDO SALES;Não se Aplica;Baixo;Abílio César Dias Nascimento;Pessoa Física;Agência Nacional de Águas e Saneamento Básico - ANA;02501.000381/2025-78;Não Classificada;41/2026/SRB-ANA-SEI;;Não;Não;;Não;1,0;1,0;0,01;;1,0;Concreto convencional;;;;7778,0;Rio Pardo;Região Hidrográfica ATLÂNTICO LESTE;;Federal;;;;Não;Operação;2014-01-01 00:00:00;-15,51583;-41,19028;ótima;2025-02-04;;;;1,0;Fundacao;0,01;Original;3;23;0;5;13;18;3;16;46;Baixo;Medio;66,7;Bom;True;True;True;False;False;True;True;False;False;6;Media
23716;Massa d'Água #220062;BARRAGEM DESCARACTERIZADA (verificar);Irrigação;PR;PONTA GROSSA;Não Classificado;Não Classificado;;;Agência Nacional de Águas e Saneamento Básico - ANA;;Não Classificada;;;Não;Não;;Não;;;;;;Sem Informação;;;;7948,0;Rio Ribeirão Grande e Rio São Pedro;Região Hidrográfica ATLÂNTICO SUDESTE;CBH do Alto Iguaçu e Afluentes do Alto Ribeira;Estadual;;;;;Descaracterizada;07-APR-25;-25,07564;-49,91608;mínima;2021-02-13;NoData;NoData;2021,0;;Sem_Dado;;Sem_Dado;3;31;0;5;13;18;2;16;54;Dados Insuficientes;Medio;33,3;Parcial;True;True;True;True;True;True;True;False;False;7;Alta
5245;Fazenda Primavera;;Irrigação;ES;PEDRO CANÁRIO;Não se Aplica;Baixo;Edecil Moraes Miranda;Pessoa Física;Agência Nacional de Águas e Saneamento Básico - ANA;;Não;1291;;Não;Não;;Não;3,0;;0,03;0,0;;Terra;;;;7797846,0;Córrego da Cruz e Córrego da Samambaia;Região Hidrográfica ATLÂNTICO LESTE;CBH do Rio Itaúnas;Federal;;;;;Operação;2019-06-26 00:00:00;-18,14733;-39,97461;ótima;2019-07-05;NoData;NoData;2019,0;3,0;Fundacao;0,03;Original;8;23;0;5;13;18;4;21;46;Baixo;Medio;77,8;Bom;True;True;True;False;False;False;True;False;False;6;Media
1342;Torto;;Abastecimento humano;DF;BRASÍLIA;Médio;Alto;Companhia de Saneamento Ambiental do Distrito Federal;Empresas Públicas - Público;Agência Nacional de Águas e Saneamento Básico - ANA;0.0;Sim;753/2016;Sim;Sim;Sim;2025-09-18;Não;;6,0;0,24;212,0;;Terra;;;;869688,0;Ribeirão do Torto;Região Hidrográfica do PARANÁ;Paranaíba;Estadual;2025-08-19;Regular;Atenção;;Operação;1959-01-01 00:00:00;-15,69528;-47,91222;ótima;2017-12-27;NoData;NoData;2017,0;6,0;Terreno;0,24;Original;10;25;4;4;0;0;4;14;29;Baixo;Baixo;100,0;Completo;False;False;False;False;False;False;False;True;True;5;Media
34745;Soleira de Nível - Fazenda Olhos D'Água;;Irrigação;BA;CÂNDIDO SALES;Não se Aplica;Baixo;FARO CAPITAL COMERCIAL AGRICOLA LTDA;Empresas em Geral - Privado;Agência Nacional de Águas e Saneamento Básico - ANA;02501.002539/2025-44;Não Classificada;25/2026/SRB-ANA-SEI;;Não;Não;;Não;9,74;9,74;0,05;91,25;1,33;Concreto convencional;;;;7778,0;Rio Pardo;Região Hidrográfica ATLÂNTICO LESTE;;Federal;;;;;Construção;08-DEC-25;-15,5;-41,35144;ótima;2025-04-02;;;;9,74;Fundacao;0,05;Original;3;22;0;5;13;18;4;16;45;Baixo;Medio;77,8;Bom;True;True;True;False;False;False;True;False;False;6;Media
1;Rio Bezerra;FAZENDA BOA VISTA;Irrigação;GO;CABECEIRAS;Não se Aplica;Baixo;Agropecuária Gado Bravo Ltda.;Órgãos - Público;Agência Nacional de Águas e Saneamento Básico - ANA;02501.001431/2015-62;Não;599/2008;;Não;Não;;Não;;5,0;0,11;115,0;0,0;Terra;;;;76848,0;Rio Bezerra;Região Hidrográfica do SÃO FRANCISCO;São Francisco;Federal;;;;Não;Operação;2000-01-01 00:00:00;-15,59914;-47,15848;ótima;2019-02-11;0;0;2019,0;5,0;Terreno;0,11;Original;7;22;0;5;13;18;4;20;45;Baixo;Medio;77,8;Bom;True;True;True;False;False;False;True;False;False;6;Media
9;Barragem no Afluente do Córrego Santa Luzia;;Irrigação;BA;MUCURI;Não se Aplica;Baixo;Elias Rodrigues Krull;Pessoa Física;Agência Nacional de Águas e Saneamento Básico - ANA;63;Não;4932010;;Não;Não;;Não;2,7;2,7;0,09;35,0;;Terra;;;;779784,0;Córrego Santa Luzia;Região Hidrográfica ATLÂNTICO LESTE;;Federal;2013-05-21;Regular;Normal;;Operação;1983-01-01 00:00:00;-18,08775;-40,04936;ótima;2019-02-11;0;0;2019,0;2,7;Fundacao;0,09;Original;6;21;2;2;13;18;4;21;41;Baixo;Medio;88,9;Bom;True;True;True;False;False;False;False;False;False;5;Media
15;Barragem no Córrego Santa Luzia 1;;Irrigação;BA;MUCURI;Não se Aplica;Baixo;Edmar Candido de Azevedo;Pessoa Física;Agência Nacional de Águas e Saneamento Básico - ANA;02501.001555/2015-48;Não Classificada;2372011;;Não;Não;;Não;2,2;2,2;0,07;;;Terra;;;;779784,0;Córrego Santa Luzia;Região Hidrográfica ATLÂNTICO LESTE;;Federal;2012-05-30;Regular;Normal;;Operação;2000-01-01 00:00:00;-18,07833;-40,04436;ótima;2019-02-11;0;0;2019,0;2,2;Fundacao;0,07;Original;5;25;2;2;13;18;3;20;45;Baixo;Medio;77,8;Bom;True;True;True;False;False;True;False;False;False;5;Media
28;Coremas;Estevam Marinho;Regularização de vazão;PB;COREMAS;Médio;Alto;Departamento Nacional de Obras Contra as Secas - DNOCS - PB;Autarquias - Público;Agência Nacional de Águas e Saneamento Básico - ANA;02501.001448/2015-10;Sim;6312012;Sim;Sim;Sim;2025-09-03;Não;50,0;50,0;720,0;1550,0;;Terra;Combate às secas;;;7567528,0;Rio Piancó;Região Hidrográfica ATLÂNTICO NORDESTE ORIENTAL;Piranhas-Açu;Federal;2025-11-12;Regular;Atenção;Não;Operação;2043-01-01 00:00:00;-7,02386;-37,94922;ótima;2018-03-22;0;0;2018,0;50,0;Fundacao;720,0;Original;14;29;4;4;0;0;4;18;33;Baixo;Baixo;100,0;Completo;False;False;False;False;False;False;False;True;True;5;Media
64;Tremedal;;Abastecimento humano;BA;TREMEDAL;Médio;Alto;Departamento Nacional de Obras Contra as Secas - DNOCS - BA;Autarquias - Público;Agência Nacional de Águas e Saneamento Básico - ANA;02501.001500/2015-38;Sim;4002014;;Não;Não;2025-08-07;Não;32,0;26,0;23,75;414,0;0,0;Terra;Irrigação;;;77644,0;Ribeirão da Ressaca;Região Hidrográfica ATLÂNTICO LESTE;CBH do Rio de Contas;Federal;2025-08-07;Regular;Normal;Não;Operação;1967-01-01 00:00:00;-14,98056;-41,40403;boa;2019-04-08;0;0;2019,0;32,0;Fundacao;23,75;Original;12;27;2;2;13;18;4;27;47;Baixo;Medio;88,9;Bom;True;True;True;False;False;False;False;True;True;10;Urgente
73;Fazenda Reunidas Filipinas;;Regularização de vazão;MT;SANTA CRUZ DO XINGU;Não se Aplica;Baixo;Alberto Schlatter;Pessoa Física;Agência Nacional de Águas e Saneamento Básico - ANA;95;Não;8902016;;Não;Não;;Não;4,0;4,0;0,32;177,0;;Terra;;;;42552,0;Igarapé Fontourinha;Região Hidrográfica AMAZÔNICA;;Federal;;;;;Operação;2000-01-01 00:00:00;-10,21831;-52,43158;ótima;2019-02-11;NoData;NoData;2019,0;4,0;Fundacao;0,32;Original;7;22;0;5;13;18;4;20;45;Baixo;Medio;77,8;Bom;True;True;True;False;False;False;True;False;False;6;Media
112;Terra Nova - PISF;;Abastecimento humano;PE;CABROBÓ;Médio;Alto;Ministério da Integração Nacional;Órgãos - Público;Agência Nacional de Águas e Saneamento Básico - ANA;9902;Sim;1133;Sim;Sim;Sim;2018-06-19;Não;10,9;10,9;8,3;2331,0;;Terra;Combate às secas;;;76138,0;Riacho Terra Nova;Região Hidrográfica do SÃO FRANCISCO;São Francisco;Federal;2025-08-13;Regular;Normal;;Operação;09-DEC-19;-8,27781;-39,35956;ótima;2018-03-21;NoData;NoData;2018,0;10,9;Fundacao;8,3;Original;8;27;2;2;0;0;4;10;29;Baixo;Baixo;100,0;Completo;False;False;False;False;False;False;False;True;True;5;Media
79;Barragem II;UTE Candiota;Industrial;RS;CANDIOTA;Baixo;Alto;AMBAR URUGUAIANA ENERGIA S.A.;Empresas em Geral - Privado;Agência Nacional de Águas e Saneamento Básico - ANA;02501.001487/2015-17;Sim;42/2025/SRB-ANA-SEI;Sim;Sim;Sim;2025-05-07;Não;25,0;25,0;16,0;195,0;;Terra;;A;;7984,0;Arroio Candiota;Região Hidrográfica ATLÂNTICO SUL;CBH da Lagoa Mirim e Canal São Gonçalo;Federal;2025-12-10;Regular;Normal;;Operação;2000-01-01 00:00:00;-31,541;-53,67139;ótima;2017-03-29;0;0;2017,0;25,0;Fundacao;16,0;Original;8;23;2;2;0;0;4;10;25;Baixo;Baixo;100,0;Completo;False;False;False;False;False;False;False;True;True;5;Media
80;PCH Atibaia;;Recreação;SP;ATIBAIA;Médio;Alto;Prefeitura Municipal de Estância de Atibaia;Órgãos - Público;Agência Nacional de Águas e Saneamento Básico - ANA;130;Sim;8592011;Sim;Sim;Sim;2025-05-05;Não;11,0;9,0;2,8;130,0;0,0;Alvenaria;Regularização de vazão;;;86664,0;Rio Atibaia;Região Hidrográfica do PARANÁ;PCJ;Federal;2025-10-17;Regular;Atenção;;Operação;2000-01-01 00:00:00;-23,07692;-46,63894;ótima;2017-07-24;0;0;2017,0;11,0;Fundacao;2,8;Original;6;21;4;4;0;0;4;10;25;Baixo;Baixo;100,0;Completo;False;False;False;False;False;False;False;True;True;5;Media
85;Fazenda Alvorada - Barragem 03;;Irrigação;GO;CRISTALINA;Não se Aplica;Baixo;João Batista do Amaral;Pessoa Física;Agência Nacional de Águas e Saneamento Básico - ANA;138;Não;932014;;Não;Não;2021-11-17;Não;10,0;10,0;0,75;235,0;0,0;Terra;;;;7684776,0;Córrego Morais;Região Hidrográfica do PARANÁ;São Francisco;Federal;2017-12-20;Regular;Atenção;;Operação;2000-01-01 00:00:00;-16,23889;-47,40083;ótima;2019-02-11;0;0;2019,0;10,0;Fundacao;0,75;Original;8;23;4;4;13;18;4;25;45;Baixo;Medio;88,9;Bom;True;True;True;False;False;False;False;False;False;5;Media
78;Barragem Saco;Saco do Feijão;Abastecimento humano;RN;SERRA NEGRA DO NORTE;Não se Aplica;Baixo;Roberto Araújo da Nobrega;Pessoa Física;Agência Nacional de Águas e Saneamento Básico - ANA;127;Não;6092016;;Não;Não;;Não;0,0;6,8;0,39;225,0;0,0;Terra;;;;756516,0;Riacho do Feijão;Região Hidrográfica ATLÂNTICO NORDESTE ORIENTAL;CBH do Rio Piancó-Piranhas-Açu;Federal;;;;;Operação;1955-01-01 00:00:00;-6,567;-37,45025;ótima;2019-02-11;NoData;NoData;2019,0;0,0;Fundacao;0,39;Original;10;25;0;5;13;18;4;23;48;Baixo;Medio;77,8;Bom;True;True;True;False;False;False;True;False;False;6;Media
89;Milagres - PISF;;Abastecimento humano;PE;SALGUEIRO;Baixo;Alto;Ministério da Integração Nacional;Órgãos - Público;Agência Nacional de Águas e Saneamento Básico - ANA;02501.000541/2017;Sim;1133;Sim;Sim;Sim;2022-12-14;Não;39,0;39,0;91,79;1050,0;0,0;Enrocamento;Combate às secas;A;;7613846,0;Riacho dos Milagres;Região Hidrográfica do SÃO FRANCISCO;São Francisco;Federal;2025-07-16;Regular;Normal;;Operação;2019-01-01 00:00:00;-7,92664;-39,08408;ótima;2018-03-21;0;0;2018,0;39,0;Fundacao;91,79;Original;12;27;2;2;0;0;4;14;29;Baixo;Baixo;100,0;Completo;False;False;False;False;False;False;False;True;True;5;Media
93;Cana Brava - PISF;;Abastecimento humano;CE;BREJO SANTO;Baixo;Alto;Ministério da Integração Nacional;Órgãos - Público;Agência Nacional de Águas e Saneamento Básico - ANA;02501.000545/2017;Sim;1133;Sim;Sim;Sim;2022-08-18;Não;26,5;26,5;9,63;2170,0;;Terra;Combate às secas;A;;75249756,0;Riacho do Boqueirão;Região Hidrográfica ATLÂNTICO NORDESTE ORIENTAL;CBH do Rio Salgado;Federal;2025-07-01;Regular;Normal;;Operação;2019-01-01 00:00:00;-7,58958;-38,85475;ótima;2018-03-21;0;0;2018,0;26,5;Fundacao;9,63;Original;12;27;2;2;0;0;4;14;29;Baixo;Baixo;100,0;Completo;False;False;False;False;False;False;False;True;True;5;Media
105;Cacimba Nova - PISF;;Abastecimento humano;PE;CUSTÓDIA;Alto;Alto;Ministério da Integração Nacional;Órgãos - Público;Agência Nacional de Águas e Saneamento Básico - ANA;9922;Sim;1133;Sim;Sim;Sim;2025-04-25;Não;13,91;13,91;2,77;3966,0;;Terra;Regularização de vazão;;;76124492,0;SEM NOME;Região Hidrográfica do SÃO FRANCISCO;São Francisco;Federal;2025-07-11;Regular;Atenção;Não;Operação;09-DEC-19;-8,35539;-37,85242;ótima;2018-03-21;0;0;2018,0;13,91;Fundacao;2,77;Original;8;27;4;4;0;0;4;12;31;Baixo;Baixo;100,0;Completo;False;False;False;False;False;False;False;True;True;5;Media
6490;Tribo Kaingang;;Recreação;SC;ABELARDO LUZ;Alto;Médio;Fundação Nacional dos Povos Indígenas - FUNAI;Órgãos - Público;Agência Nacional de Águas e Saneamento Básico - ANA;;Sim;2021;Não;Não;Não;;Não;3,0;;0,122;145,0;12,15;Terra;Aquicultura;A;;8278974,0;Rio Vermelho;Região Hidrográfica do URUGUAI;CBH dos Rios Chapecó e Irani;Estadual;;;;;Operação;05-OCT-20;-26,53964;-52,07356;boa;2019-09-12;0;0;2019,0;3,0;Fundacao;0,122;Original;5;24;0;5;18;18;4;23;47;Baixo;Medio;88,9;Bom;True;True;True;False;False;False;True;True;False;8;Alta
18135;Pau D'arco;;Dessedentação Animal;PB;SÃO JOSÉ DO BREJO DO CRUZ;Não se Aplica;Baixo;Eugênio Pacelli Torres;Pessoa Física;Agência Nacional de Águas e Saneamento Básico - ANA;02501.004787/2022-87;Não Classificada;s/n;;Não;Não;;Não;6,15;6,15;0,469;327,0;22,87;Terra;;;;7563214,0;Riacho Pau d'Arco;Região Hidrográfica ATLÂNTICO NORDESTE ORIENTAL;Piranhas-Açu;Federal;;;;;Operação;2000-01-01 00:00:00;-6,23102;-37,29199;ótima;2019-09-12;9.5;0.362;2019,0;6,15;Fundacao;0,469;Original;8;23;0;5;13;18;4;21;46;Baixo;Medio;77,8;Bom;True;True;True;False;False;False;True;False;False;6;Media
18140;Açude Novo;;Abastecimento humano;PB;BELÉM DO BREJO DO CRUZ;Não se Aplica;Baixo;José Leôncio de araújo;;Agência Nacional de Águas e Saneamento Básico - ANA;96;Não Classificada;s/n;;Não;Não;;Não;5,52;5,52;0,56;493,69;;Terra;;;;756318,0;Riacho dos Coelhos;Região Hidrográfica ATLÂNTICO NORDESTE ORIENTAL;Piranhas-Açu;Federal;;;;;Operação;2000-01-01 00:00:00;-6,16528;-37,21972;ótima;2019-09-12;NoData;NoData;2019,0;5,52;Fundacao;0,56;Original;8;23;0;5;13;18;4;21;46;Baixo;Medio;77,8;Bom;True;True;True;False;False;False;True;False;False;6;Media
23811;Massa d'Água #237597;;Irrigação;MT;BRASNORTE;Não Classificado;Não Classificado;;;Agência Nacional de Águas e Saneamento Básico - ANA;;Não Classificada;;;Não;Não;;Não;;;;;;Sem Informação;;;;4484,0;SEM NOME;Região Hidrográfica AMAZÔNICA;;Estadual;;;;;;;-12,79694;-57,77283;mínima;2021-02-23;NoData;NoData;2021,0;;Sem_Dado;;Sem_Dado;3;31;0;5;13;18;1;16;54;Dados Insuficientes;Medio;33,3;Parcial;True;True;True;True;True;True;True;False;False;7;Alta
20956;PA Nossa Sra Aparecida;;Irrigação;PE;MANARI;Não se Aplica;Baixo;Instituto Nacional de Colonização e Reforma Agrária - INCRA - PE;;Agência Nacional de Águas e Saneamento Básico - ANA;;Não;;;Não;Não;;Não;4,0;4,0;0,047;;0,0;Sem Informação;;;;76118322,0;Riacho do Parafuso e Riacho Salgado;Região Hidrográfica do SÃO FRANCISCO;São Francisco;Federal;;;;;Operação;2020-06-30 00:00:00;-8,95194;-37,68553;baixa;2020-06-30;0;0;2020,0;4,0;Fundacao;0,047;Original;6;26;0;5;13;18;3;19;49;Baixo;Medio;66,7;Bom;True;True;True;False;False;True;True;False;False;6;Media
21644;Isolado Itatiba - ETA;;Abastecimento humano;SP;ITATIBA;Não se Aplica;Baixo;COMPANHIA DE SANEAMENTO BASICO DO ESTADO DE SAO PAULO - SABESP;Órgãos - Público;Agência Nacional de Águas e Saneamento Básico - ANA;02501.01311/2024-56;Não;Portaria DAEE nº 587;;Não;Não;;Não;1,5;1,5;0,001;;;Sem Informação;;;;86664,0;Rio Atibaia;Região Hidrográfica do PARANÁ;PCJ;Federal;;;;;Operação;2020-11-23 00:00:00;-22,98469;-46,82691;ótima;2020-11-23;0;0;2020,0;1,5;Fundacao;0,001;Original;6;26;0;5;13;18;3;19;49;Baixo;Medio;66,7;Bom;True;True;True;False;False;True;True;False;False;6;Media
23509;Massa d'Água #187265;;Irrigação;RS;BENJAMIN CONSTANT DO SUL;Não Classificado;Não Classificado;;;Agência Nacional de Águas e Saneamento Básico - ANA;;Não Classificada;;;Não;Não;;Não;;;;;;Sem Informação;;;;82792,0;Rio Passo Fundo;Região Hidrográfica do URUGUAI;CBH de Passo Fundo;Estadual;;;;;;;-27,46014;-52,64292;mínima;2021-02-10;NoData;NoData;2021,0;;Sem_Dado;;Sem_Dado;3;31;0;5;13;18;1;16;54;Dados Insuficientes;Medio;33,3;Parcial;True;True;True;True;True;True;True;False;False;7;Alta
17987;Granjeiro;;Industrial;CE;IBIAPINA;Alto;Alto;AGROSERRA - Companhia Agroindustrial Serra da Ibiapaba S/A;Empresas em Geral - Privado;Agência Nacional de Águas e Saneamento Básico - ANA;02501.001443/2015-97;Sim;s/n;;Não;Não;;Não;13,25;13,25;1,25;596,18;;Terra;;A;;74142624,0;Riacho Pituba;Região Hidrográfica do PARNAÍBA;Parnaíba;Federal;;;;;Operação;2000-01-01 00:00:00;-3,90331;-40,95366;boa;2019-09-12;0;0;2019,0;13,25;Fundacao;1,25;Original;8;23;0;5;13;18;4;21;46;Baixo;Medio;77,8;Bom;True;True;True;False;False;False;True;True;True;11;Urgente
22232;Massa d'Água #66535;;Irrigação;AL;MATRIZ DE CAMARAGIBE;Não Classificado;Não Classificado;;;Agência Nacional de Águas e Saneamento Básico - ANA;;Não Classificada;;;Não;Não;;Não;;;;;;Sem Informação;;;;7595422,0;SEM NOME;Região Hidrográfica ATLÂNTICO NORDESTE ORIENTAL;;Federal;;;;;;;-9,03492;-35,65783;mínima;2020-12-30;NoData;NoData;2020,0;;Sem_Dado;;Sem_Dado;3;31;0;5;13;18;1;16;54;Dados Insuficientes;Medio;33,3;Parcial;True;True;True;True;True;True;True;False;False;7;Alta
23764;Massa d'Água #226126;;Irrigação;MS;DOURADINA;Não Classificado;Não Classificado;;;Agência Nacional de Águas e Saneamento Básico - ANA;;Não Classificada;;;Não;Não;;Não;;;;;;Sem Informação;;;;8638772,0;Córrego Panambi;Região Hidrográfica do PARANÁ;CBH do Rio Ivinhema;Federal;;;;;;;-22,00208;-54,63133;mínima;2021-02-15;NoData;NoData;2021,0;;Sem_Dado;;Sem_Dado;3;31;0;5;13;18;1;16;54;Dados Insuficientes;Medio;33,3;Parcial;True;True;True;True;True;True;True;False;False;7;Alta
23767;Massa d'Água #226576;;Irrigação;MT;SANTA TEREZINHA;Não Classificado;Não Classificado;;;Agência Nacional de Águas e Saneamento Básico - ANA;;Não Classificada;;;Não;Não;;Não;;;;;;Sem Informação;;;;678322,0;SEM NOME;Região Hidrográfica do TOCANTINS-ARAGUAIA;;Estadual;;;;;;;-10,61372;-51,17958;mínima;2021-02-15;NoData;NoData;2021,0;;Sem_Dado;;Sem_Dado;3;31;0;5;13;18;1;16;54;Dados Insuficientes;Medio;33,3;Parcial;True;True;True;True;True;True;True;False;False;7;Alta
23771;Massa d'Água #227769;;Irrigação;SC;ARVOREDO;Não Classificado;Não Classificado;;;Agência Nacional de Águas e Saneamento Básico - ANA;;Não Classificada;;;Não;Não;;Não;;;;;;Sem Informação;;;;827932,0;Rio Irani;Região Hidrográfica do URUGUAI;CBH dos Rios Chapecó e Irani;Estadual;;;;;;;-27,11133;-52,42767;mínima;2021-02-15;NoData;NoData;2021,0;;Sem_Dado;;Sem_Dado;3;31;0;5;13;18;1;16;54;Dados Insuficientes;Medio;33,3;Parcial;True;True;True;True;True;True;True;False;False;7;Alta
20870;PA Nossa Senhora Aparecida II - Barragem 01;;Irrigação;PB;SÃO MAMEDE;Não Classificado;Não Classificado;Auriselia Borborema da Silva;Pessoa Física;Agência Nacional de Águas e Saneamento Básico - ANA;;Não Classificada;;;Não;Não;;Não;;;;;0,0;Sem Informação;;;;7562264,0;Riacho Jericó;Região Hidrográfica ATLÂNTICO NORDESTE ORIENTAL;Piranhas-Açu;Federal;;;;;Operação;2020-06-26 00:00:00;-6,91436;-37,18958;mínima;2020-06-26;NoData;NoData;2020,0;;Sem_Dado;;Sem_Dado;6;30;0;5;13;18;2;19;53;Dados Insuficientes;Medio;44,4;Parcial;True;True;True;True;True;True;True;False;False;7;Alta
18037;Estreito;Joaquim Vieira;Regularização de vazão;PE;CARNAUBEIRA DA PENHA;Alto;Médio;Fundação Nacional dos Povos Indígenas - FUNAI;Órgãos - Público;Agência Nacional de Águas e Saneamento Básico - ANA;02501.005183/2019-52;Sim;s/n;;Não;Não;2022-12-16;Não;;;;224,0;0,0;Terra;;;;76136,0;Riacho do Poço da Pedra;Região Hidrográfica do SÃO FRANCISCO;São Francisco;Estadual;2022-12-15;Regular;Alerta;;Operação;25-AUG-89;-8,3018;-38,87492;mínima;2019-09-12;11.4;0.75;2019,0;;Sem_Dado;;Sem_Dado;6;29;8;8;13;18;3;27;55;Alto;Alto;66,7;Bom;True;True;True;True;True;False;False;True;False;10;Urgente
23783;Barragem Antiga Pedreira;Massa d'Água #233117;Dessedentação Animal;PR;GUAÍRA;Não se Aplica;Baixo;Roberto João Weber;Pessoa Física;Agência Nacional de Águas e Saneamento Básico - ANA;02501.004408/2024-11;Não Classificada;61/2026/SRB-ANA-SEI;;Não;Não;;Não;1,7;1,7;0,107;;;Sem Informação;;;;86,0;Rio Paraná;Região Hidrográfica do PARANÁ;CBH Paraná III;Federal;;;;;Operação;2003-01-01 00:00:00;-24,08014;-54,22283;ótima;2021-02-15;NoData;NoData;2021,0;1,7;Fundacao;0,107;Original;5;25;0;5;13;18;3;18;48;Baixo;Medio;66,7;Bom;True;True;True;False;False;True;True;False;False;6;Media
23873;Massa d'Água #243832;;Irrigação;MT;VILA BELA DA SANTÍSSIMA TRINDADE;Não Classificado;Não Classificado;;;Agência Nacional de Águas e Saneamento Básico - ANA;;Não Classificada;;;Não;Não;;Não;;;;;;Sem Informação;;;;898928,0;Córrego Água Branca;Região Hidrográfica do PARAGUAI;;Estadual;;;;;;;-16,19031;-59,54122;mínima;2021-02-25;NoData;NoData;2021,0;;Sem_Dado;;Sem_Dado;3;31;0;5;13;18;1;16;54;Dados Insuficientes;Medio;33,3;Parcial;True;True;True;True;True;True;True;False;False;7;Alta
20985;Fazenda Iriri II;;Irrigação;PA;ALTAMIRA;Não Classificado;Não Classificado;José Roberto Pinoti;Pessoa Física;Agência Nacional de Águas e Saneamento Básico - ANA;;Não Classificada;;;Não;Não;;Não;0,0;0,0;0,0;;0,0;Sem Informação;;;;4228994,0;SEM NOME;Região Hidrográfica AMAZÔNICA;;Federal;;;;;Operação;2020-07-01 00:00:00;-9,53533;-54,57853;mínima;2020-07-01;NoData;NoData;2020,0;0,0;Fundacao;0,0;Original;6;26;0;5;13;18;3;19;49;Baixo;Medio;66,7;Bom;True;True;True;False;False;True;True;False;False;6;Media
18129;Conceição;;Irrigação;RN;SERRA NEGRA DO NORTE;Não se Aplica;Baixo;Assocoação de Desenvolvimento Comunitário da Comunidade Conceição;Outros - Privado;Agência Nacional de Águas e Saneamento Básico - ANA;02501.005118/2019-27;Não;1698/2020;;Não;Não;;Não;;3,5;0,45;231,0;;Alvenaria;;;;7564,0;Rio Espinharas;Região Hidrográfica ATLÂNTICO NORDESTE ORIENTAL;Piranhas-Açu;Federal;;;;;Operação;11-AUG-20;-6,5925;-37,36194;ótima;2019-09-12;0;0;2019,0;3,5;Terreno;0,45;Original;5;24;0;5;13;18;4;18;47;Baixo;Medio;77,8;Bom;True;True;True;False;False;False;True;False;False;6;Media
18942;DURH13538;;Regularização de vazão;MS;LAGUNA CARAPÃ;Não se Aplica;Baixo;ESPÓLIO DE JOÃO VERDIER;Pessoa Física;Agência Nacional de Águas e Saneamento Básico - ANA;DURH 13538;Não;13538;;Não;Não;;Não;0,0;4,51;0,003;;0,0;Sem Informação;;;;8634,0;Rio Amambaí;Região Hidrográfica do PARANÁ;;Federal;;;;;Operação;2000-01-01 00:00:00;-22,87542;-54,87503;ótima;2019-10-29;0;0;2019,0;0,0;Fundacao;0,003;Original;5;25;0;5;13;18;3;18;48;Baixo;Medio;66,7;Bom;True;True;True;False;False;True;True;False;False;6;Media
22194;Massa d'Água #26519;;Irrigação;PB;SÃO JOSÉ DO BREJO DO CRUZ;Não Classificado;Não Classificado;;;Agência Nacional de Águas e Saneamento Básico - ANA;;Não Classificada;;;Não;Não;;Não;;;;;;Sem Informação;;;;7563214,0;Riacho Pau d'Arco;Região Hidrográfica ATLÂNTICO NORDESTE ORIENTAL;Piranhas-Açu;Federal;;;;;;;-6,21339;-37,24581;mínima;2020-12-29;NoData;NoData;2020,0;;Sem_Dado;;Sem_Dado;3;31;0;5;13;18;1;16;54;Dados Insuficientes;Medio;33,3;Parcial;True;True;True;True;True;True;True;False;False;7;Alta
20828;Fazenda Santa Tereza;;Dessedentação Animal;GO;NOVO PLANALTO;Não se Aplica;Baixo;Minasvale do Araguaia e Agropecuária LTDA;;Agência Nacional de Águas e Saneamento Básico - ANA;02501.002550/2024-23;Não;;;Não;Não;;Não;2,9;2,9;0,011;;0,0;Sem Informação;;;;6698,0;Ribeirão Chato;Região Hidrográfica do TOCANTINS-ARAGUAIA;CBH Médio Araguaia;Federal;;;;;Operação;2020-06-25 00:00:00;-13,01928;-49,86128;baixa;2020-06-25;0;0;2020,0;2,9;Fundacao;0,011;Original;6;26;0;5;13;18;3;19;49;Baixo;Medio;66,7;Bom;True;True;True;False;False;True;True;False;False;6;Media
22310;Massa d'Água #79983;;Irrigação;RS;MATO CASTELHANO;Não Classificado;Não Classificado;;;Agência Nacional de Águas e Saneamento Básico - ANA;;Não Classificada;;;Não;Não;;Não;;;;;;Sem Informação;;;;79664,0;Rio Branco;Região Hidrográfica do URUGUAI;CBH dos Rios Taquari e Antas;Federal;;;;;;;-28,2965;-52,17669;mínima;2021-01-18;0;0;2021,0;;Sem_Dado;;Sem_Dado;3;31;0;5;13;18;1;16;54;Dados Insuficientes;Medio;33,3;Parcial;True;True;True;True;True;True;True;False;False;7;Alta
22314;Barragem Lamarão;;Abastecimento humano;PE;ÁGUAS BELAS;Alto;Alto;PREFEITURA DE ÁGUAS BELAS;Órgãos - Público;Agência Nacional de Águas e Saneamento Básico - ANA;02501.002465/2024-65;Sim;;;Não;Não;;Não;10,0;10,0;0,124;81,0;;Terra;;A;;76114244,0;Riacho Ribeira;Região Hidrográfica do SÃO FRANCISCO;São Francisco;Estadual;;;;;Operação;2000-01-01 00:00:00;-9,0955;-37,06058;baixa;2021-01-18;0;0;2021,0;10,0;Fundacao;0,124;Original;7;22;0;5;13;18;4;20;45;Baixo;Medio;77,8;Bom;True;True;True;False;False;False;True;True;True;11;Urgente
22520;Massa d'Água #144913;;Irrigação;CE;CAUCAIA;Não Classificado;Não Classificado;;;Agência Nacional de Águas e Saneamento Básico - ANA;;Não Classificada;;;Não;Não;;Não;;;;;;Sem Informação;;;;75174532,0;SEM NOME;Região Hidrográfica ATLÂNTICO NORDESTE ORIENTAL;CBH da Região Metropolitana de Fortaleza;Estadual;;;;;;;-3,74919;-38,69411;mínima;2021-01-26;NoData;NoData;2021,0;;Sem_Dado;;Sem_Dado;3;31;0;5;13;18;1;16;54;Dados Insuficientes;Medio;33,3;Parcial;True;True;True;True;True;True;True;False;False;7;Alta
23816;Massa d'Água #240974;;Irrigação;RS;EREBANGO;Não Classificado;Não Classificado;;;Agência Nacional de Águas e Saneamento Básico - ANA;;Não Classificada;;;Não;Não;;Não;;;;;;Sem Informação;;;;827922,0;Rio Cravo;Região Hidrográfica do URUGUAI;CBH de Passo Fundo;Estadual;;;;;;;-27,80394;-52,25392;mínima;2021-02-23;NoData;NoData;2021,0;;Sem_Dado;;Sem_Dado;3;31;0;5;13;18;1;16;54;Dados Insuficientes;Medio;33,3;Parcial;True;True;True;True;True;True;True;False;False;7;Alta
22331;Massa d'Água #86130;;Irrigação;MT;BRASNORTE;Não Classificado;Não Classificado;;;Agência Nacional de Águas e Saneamento Básico - ANA;;Não Classificada;;;Não;Não;;Não;;;;;;Sem Informação;;;;44938,0;SEM NOME;Região Hidrográfica AMAZÔNICA;;Federal;;;;;;;-12,03175;-58,28794;mínima;2021-01-18;NoData;NoData;2021,0;;Sem_Dado;;Sem_Dado;3;31;0;5;13;18;1;16;54;Dados Insuficientes;Medio;33,3;Parcial;True;True;True;True;True;True;True;False;False;7;Alta
22332;Massa d'Água #86179;;Irrigação;BA;UNA;Não Classificado;Não Classificado;;;Agência Nacional de Águas e Saneamento Básico - ANA;;Não Classificada;;;Não;Não;;Não;;;;;;Sem Informação;;;;77764,0;Rio de Una;Região Hidrográfica ATLÂNTICO LESTE;CBH do Leste;Estadual;;;;;;;-15,09942;-39,26392;mínima;2021-01-18;0;0;2021,0;;Sem_Dado;;Sem_Dado;3;31;0;5;13;18;1;16;54;Dados Insuficientes;Medio;33,3;Parcial;True;True;True;True;True;True;True;False;False;7;Alta
22336;Massa d'Água #87442;;Irrigação;BA;PRADO;Não Classificado;Não Classificado;;;Agência Nacional de Águas e Saneamento Básico - ANA;;Não Classificada;;;Não;Não;;Não;;;;;;Sem Informação;;;;;SEM NOME;Região Hidrográfica ATLÂNTICO LESTE;CBH dos Rios Frades, Buranhém e Santo Antônio;Federal;;;;;;;-17,14103;-39,23319;mínima;2021-01-18;NoData;NoData;2021,0;;Sem_Dado;;Sem_Dado;3;31;0;5;13;18;1;16;54;Dados Insuficientes;Medio;33,3;Parcial;True;True;True;True;True;True;True;False;False;7;Alta
23507;Massa d'Água #186700;;Irrigação;AL;SÃO BRÁS;Não Classificado;Não Classificado;;;Agência Nacional de Águas e Saneamento Básico - ANA;;Não Classificada;;;Não;Não;;Não;;;;;;Sem Informação;;;;76111974,0;Rio Tibiri;Região Hidrográfica do SÃO FRANCISCO;São Francisco;Estadual;;;;;;;-10,134;-36,86839;mínima;2021-02-10;NoData;NoData;2021,0;;Sem_Dado;;Sem_Dado;3;31;0;5;13;18;1;16;54;Dados Insuficientes;Medio;33,3;Parcial;True;True;True;True;True;True;True;False;False;7;Alta
23828;Massa d'Água #243522;;Irrigação;PI;CAJUEIRO DA PRAIA;Não Classificado;Não Classificado;;;Agência Nacional de Águas e Saneamento Básico - ANA;;Não Classificada;;;Não;Não;;Não;;;;;;Sem Informação;;;;75116,0;Rio Ubatuba;Região Hidrográfica ATLÂNTICO NORDESTE ORIENTAL;Parnaíba;Federal;;;;;;;-3,03289;-41,25547;mínima;2021-02-23;NoData;NoData;2021,0;;Sem_Dado;;Sem_Dado;3;31;0;5;13;18;1;16;54;Dados Insuficientes;Medio;33,3;Parcial;True;True;True;True;True;True;True;False;False;7;Alta
23788;Massa d'Água #233975;;Irrigação;MS;AQUIDAUANA;Não Classificado;Não Classificado;;;Agência Nacional de Águas e Saneamento Básico - ANA;;Não Classificada;;;Não;Não;;Não;;;;;;Sem Informação;;;;895242,0;SEM NOME;Região Hidrográfica do PARAGUAI;CBH do Rio Miranda;Estadual;;;;;;;-20,10531;-56,20231;mínima;2021-02-17;NoData;NoData;2021,0;;Sem_Dado;;Sem_Dado;3;31;0;5;13;18;1;16;54;Dados Insuficientes;Medio;33,3;Parcial;True;True;True;True;True;True;True;False;False;7;Alta
20834;Fazenda Sagarana I;;Irrigação;GO;OURO VERDE DE GOIÁS;Não Classificado;Não Classificado;Mianni Moreira de Andrade;Pessoa Física;Agência Nacional de Águas e Saneamento Básico - ANA;;Não Classificada;;;Não;Não;;Não;0,0;0,0;0,0;;0,0;Sem Informação;;;;64,0;Rio Padre Souza;Região Hidrográfica do TOCANTINS-ARAGUAIA;CBH do Rio das Almas e Afluentes Goianos do Rio Maranhão;Federal;;;;;Operação;2020-06-25 00:00:00;-16,19469;-49,18114;mínima;2020-06-25;NoData;NoData;2020,0;0,0;Fundacao;0,0;Original;6;26;0;5;13;18;3;19;49;Baixo;Medio;66,7;Bom;True;True;True;False;False;True;True;False;False;6;Media
20837;Fazenda 3L - Barragem 02;;Irrigação;GO;OURO VERDE DE GOIÁS;Não Classificado;Não Classificado;Sebastião Célio Rodrigues da Cunha;Pessoa Física;Agência Nacional de Águas e Saneamento Básico - ANA;;Não Classificada;;;Não;Não;;Não;;;;;0,0;Sem Informação;;;;64,0;Rio Padre Souza;Região Hidrográfica do TOCANTINS-ARAGUAIA;CBH do Rio das Almas e Afluentes Goianos do Rio Maranhão;Federal;;;;;Operação;2020-06-25 00:00:00;-16,201;-49,18811;mínima;2020-06-25;NoData;NoData;2020,0;;Sem_Dado;;Sem_Dado;6;30;0;5;13;18;2;19;53;Dados Insuficientes;Medio;44,4;Parcial;True;True;True;True;True;True;True;False;False;7;Alta
21057;Estação Ecológica do Seridó;Fazenda Solidão;Irrigação;RN;SERRA NEGRA DO NORTE;Alto;Médio;Instituto Chico Mendes de Conservação da Biodiversidade - ICMBIO - RO;Órgãos - Público;Agência Nacional de Águas e Saneamento Básico - ANA;02501.002022/2026-36;Sim;;;Não;Não;;Não;7,0;7,0;0,367;191,0;0,0;Terra;Abastecimento humano;B;;75622384,0;SEM NOME;Região Hidrográfica ATLÂNTICO NORDESTE ORIENTAL;Piranhas-Açu;Estadual;;;;;Operação;2020-07-02 00:00:00;-6,58125;-37,25558;baixa;2020-07-02;NoData;NoData;2020,0;7,0;Fundacao;0,367;Original;8;23;0;5;13;18;4;21;46;Baixo;Medio;77,8;Bom;True;True;True;False;False;False;True;True;False;8;Alta
20822;Fazenda Vitrine - Barragem 01;;Irrigação;GO;SÃO MIGUEL DO ARAGUAIA;Não Classificado;Não Classificado;Cacildo Barbosa do Amaral;Pessoa Física;Agência Nacional de Águas e Saneamento Básico - ANA;;Não Classificada;;;Não;Não;;Não;;;;;0,0;Sem Informação;;;;666,0;Ribeirão Baião;Região Hidrográfica do TOCANTINS-ARAGUAIA;CBH Médio Araguaia;Federal;;;;;Operação;2020-06-25 00:00:00;-13,30317;-50,16425;mínima;2020-06-25;NoData;NoData;2020,0;;Sem_Dado;;Sem_Dado;6;30;0;5;13;18;2;19;53;Dados Insuficientes;Medio;44,4;Parcial;True;True;True;True;True;True;True;False;False;7;Alta
21051;Sítio Barragem do Cipó;;Irrigação;RN;SÃO JOÃO DO SABUGI;Não Classificado;Não Classificado;AMILDE DANTAS;Pessoa Física;Agência Nacional de Águas e Saneamento Básico - ANA;;Não Classificada;;;Não;Não;;Não;0,0;0,0;0,0;;0,0;Sem Informação;;;;7562252,0;Riacho do Cipó;Região Hidrográfica ATLÂNTICO NORDESTE ORIENTAL;Piranhas-Açu;Federal;;;;;Operação;2020-07-02 00:00:00;-6,66756;-37,16006;mínima;2020-07-02;NoData;NoData;2020,0;0,0;Fundacao;0,0;Original;6;26;0;5;13;18;3;19;49;Baixo;Medio;66,7;Bom;True;True;True;False;False;True;True;False;False;6;Media
23850;Massa d'Água #243724;;Irrigação;PA;DOM ELISEU;Não Classificado;Não Classificado;;;Agência Nacional de Águas e Saneamento Básico - ANA;;Não Classificada;;;Não;Não;;Não;;;;;;Sem Informação;;;;714866,0;SEM NOME;Região Hidrográfica ATLÂNTICO NORDESTE OCIDENTAL;;Federal;;;;;;;-4,60375;-47,81003;mínima;2021-02-25;NoData;NoData;2021,0;;Sem_Dado;;Sem_Dado;3;31;0;5;13;18;1;16;54;Dados Insuficientes;Medio;33,3;Parcial;True;True;True;True;True;True;True;False;False;7;Alta
23859;Massa d'Água #243763;;Irrigação;BA;TREMEDAL;Não Classificado;Não Classificado;;;Agência Nacional de Águas e Saneamento Básico - ANA;;Não Classificada;;;Não;Não;;Não;;;;;;Sem Informação;;;;77786,0;Córrego Mangueira;Região Hidrográfica ATLÂNTICO LESTE;;Federal;;;;;;;-15,24544;-41,43575;mínima;2021-02-25;NoData;NoData;2021,0;;Sem_Dado;;Sem_Dado;3;31;0;5;13;18;1;16;54;Dados Insuficientes;Medio;33,3;Parcial;True;True;True;True;True;True;True;False;False;7;Alta
23871;Massa d'Água #243819;;Irrigação;MT;RONDOLÂNDIA;Não Classificado;Não Classificado;;;Agência Nacional de Águas e Saneamento Básico - ANA;;Não Classificada;;;Não;Não;;Não;;;;;;Sem Informação;;;;4624494,0;Igarapé Cajueiro;Região Hidrográfica AMAZÔNICA;;Federal;;;;;;;-10,89142;-61,51558;mínima;2021-02-25;NoData;NoData;2021,0;;Sem_Dado;;Sem_Dado;3;31;0;5;13;18;1;16;54;Dados Insuficientes;Medio;33,3;Parcial;True;True;True;True;True;True;True;False;False;7;Alta
21579;EMBASA Candido Sales;;Abastecimento humano;BA;CÂNDIDO SALES;Não se Aplica;Baixo;Empresa Baiana de Águas e Saneamento S.A.;Sociedades de Economia Mista - Público - Privado;Agência Nacional de Águas e Saneamento Básico - ANA;02501.004845/2020-19;Não;624;;Não;Não;;Não;2,05;2,05;0,04;0,0;;Concreto convencional;;;;7778,0;Rio Pardo;Região Hidrográfica ATLÂNTICO LESTE;;Federal;;;;;Operação;2020-11-12 00:00:00;-15,5125;-41,25167;ótima;2020-11-16;0;0;2020,0;2,05;Fundacao;0,04;Original;6;21;0;5;13;18;4;19;44;Baixo;Medio;77,8;Bom;True;True;True;False;False;False;True;False;False;6;Media
22458;Massa d'Água #125508;;Irrigação;SP;SÃO PAULO;Não Classificado;Não Classificado;;;Agência Nacional de Águas e Saneamento Básico - ANA;;Não Classificada;;;Não;Não;;Não;;;;;;Sem Informação;;;;866986,0;Ribeirão Colônia;Região Hidrográfica do PARANÁ;CBH do Alto Tietê;Federal;;;;;;;-23,862;-46,64944;mínima;2021-01-22;NoData;NoData;2021,0;;Sem_Dado;;Sem_Dado;3;31;0;5;13;18;1;16;54;Dados Insuficientes;Medio;33,3;Parcial;True;True;True;True;True;True;True;False;False;7;Alta
20934;Fazenda São Joaquim da Água Preta - Barragem 01;;Irrigação;ES;CONCEIÇÃO DA BARRA;Não Classificado;Não Classificado;Ângelo Arpini Coutinho;Pessoa Física;Agência Nacional de Águas e Saneamento Básico - ANA;;Não Classificada;;;Não;Não;;Não;;;;;0,0;Sem Informação;;;;7797832,0;Córrego da Estiva e Córrego Cumbari;Região Hidrográfica ATLÂNTICO LESTE;CBH do Rio Itaúnas;Federal;;;;;Operação;2020-06-30 00:00:00;-18,23375;-39,86119;mínima;2020-06-30;NoData;NoData;2020,0;;Sem_Dado;;Sem_Dado;6;30;0;5;13;18;2;19;53;Dados Insuficientes;Medio;44,4;Parcial;True;True;True;True;True;True;True;False;False;7;Alta
20972;Fazenda Santo Antônio - Barragem 01;;Irrigação;SC;PASSOS MAIA;Não Classificado;Não Classificado;Agroflorestal Tozzo S/A;;Agência Nacional de Águas e Saneamento Básico - ANA;02501.002544/2024-76;Não Classificada;;;Não;Não;;Não;;;;;0,0;Sem Informação;;;;82786,0;Rio Chapecozinho;Região Hidrográfica do URUGUAI;CBH dos Rios Chapecó e Irani;Estadual;;;;;Operação;2020-07-01 00:00:00;-26,75167;-52,00833;mínima;2020-07-01;0;0;2020,0;;Sem_Dado;;Sem_Dado;6;30;0;5;13;18;2;19;53;Dados Insuficientes;Medio;44,4;Parcial;True;True;True;True;True;True;True;False;False;7;Alta
22177;Barragem do Sítio Volta;Massa d'Água #24550;Dessedentação Animal;PB;CATOLÉ DO ROCHA;Não se Aplica;Baixo;Iranildes Ferreira Silva;Pessoa Física;Agência Nacional de Águas e Saneamento Básico - ANA;02501.000251/2026-16;Não Classificada;11/2026/SRB-ANA-SEI;;Não;Não;;Não;4,0;4,0;0,194;365,0;;Terra;Irrigação;;;7563296,0;Riacho Croatá;Região Hidrográfica ATLÂNTICO NORDESTE ORIENTAL;Piranhas-Açu;Federal;;;;Não;Operação;1958-01-01 00:00:00;-6,20036;-37,64761;ótima;2020-12-28;NoData;NoData;2020,0;4,0;Fundacao;0,194;Original;10;25;0;5;13;18;4;23;48;Baixo;Medio;77,8;Bom;True;True;True;False;False;False;True;False;False;6;Media
23400;Massa d'Água #173708;;Irrigação;BA;ITAJU DO COLÔNIA;Não Classificado;Não Classificado;;;Agência Nacional de Águas e Saneamento Básico - ANA;;Não Classificada;;;Não;Não;;Não;;;;;;Sem Informação;;;;777484,0;Riacho do Ourinho;Região Hidrográfica ATLÂNTICO LESTE;CBH do Leste;Estadual;;;;;;;-15,26983;-39,72847;mínima;2021-02-09;NoData;NoData;2021,0;;Sem_Dado;;Sem_Dado;3;31;0;5;13;18;1;16;54;Dados Insuficientes;Medio;33,3;Parcial;True;True;True;True;True;True;True;False;False;7;Alta
21801;Sistema Integrado Nonoai-Planalto;;Abastecimento humano;RS;NONOAI;Não Classificado;Não Classificado;COMPANHIA RIOGRANDENSE DE SANEAMENTO - CORSAN;Empresas em Geral - Privado;Agência Nacional de Águas e Saneamento Básico - ANA;02501.002570/2024-02;Não Classificada;;;Não;Não;;Não;;;;;;Sem Informação;;;;82772,0;Rio do Mel;Região Hidrográfica do URUGUAI;CBH do Várzea;Estadual;;;;;Operação;03-DEC-20;-27,37294;-53,03392;mínima;2020-12-03;0;0;2020,0;;Sem_Dado;;Sem_Dado;3;31;0;5;13;18;2;16;54;Dados Insuficientes;Medio;44,4;Parcial;True;True;True;True;True;True;True;False;False;7;Alta
22319;Rio dos Índios;Massa d'Água #83006;Irrigação;RS;NONOAI;Não Classificado;Não Classificado;;;Agência Nacional de Águas e Saneamento Básico - ANA;02501.001559/2025-06;Não Classificada;;;Não;Não;;Não;;;;;;Sem Informação;;;;827916,0;Rio dos Índios;Região Hidrográfica do URUGUAI;CBH de Passo Fundo;Estadual;;;;;;;-27,33992;-52,85317;mínima;2021-01-18;NoData;NoData;2021,0;;Sem_Dado;;Sem_Dado;3;31;0;5;13;18;1;16;54;Dados Insuficientes;Medio;33,3;Parcial;True;True;True;True;True;True;True;False;False;7;Alta
22184;Massa d'Água #26165;;Irrigação;PB;SÃO JOSÉ DO SABUGI;Não Classificado;Não Classificado;;;Agência Nacional de Águas e Saneamento Básico - ANA;;Não Classificada;;;Não;Não;;Não;;;;;;Sem Informação;;;;7562488,0;Riacho da Serra;Região Hidrográfica ATLÂNTICO NORDESTE ORIENTAL;Piranhas-Açu;Federal;;;;;;;-6,82392;-36,85206;mínima;2020-12-29;NoData;NoData;2020,0;;Sem_Dado;;Sem_Dado;3;31;0;5;13;18;1;16;54;Dados Insuficientes;Medio;33,3;Parcial;True;True;True;True;True;True;True;False;False;7;Alta
22399;Massa d'Água #104343;;Irrigação;BA;BUERAREMA;Não Classificado;Não Classificado;;;Agência Nacional de Águas e Saneamento Básico - ANA;;Não Classificada;;;Não;Não;;Não;;;;;;Sem Informação;;;;777426,0;Rio Santaninha;Região Hidrográfica ATLÂNTICO LESTE;CBH do Leste;Estadual;;;;;;;-15,04283;-39,20822;mínima;2021-01-20;NoData;NoData;2021,0;;Sem_Dado;;Sem_Dado;3;31;0;5;13;18;1;16;54;Dados Insuficientes;Medio;33,3;Parcial;True;True;True;True;True;True;True;False;False;7;Alta
18175;Barragem da Água Azul;;Dessedentação Animal;PB;SÃO JOSÉ DO SABUGI;Médio;Alto;Josemar Simplício Batista;Pessoa Física;Agência Nacional de Águas e Saneamento Básico - ANA;109;Sim;s/n;;Não;Não;2022-10-19;Não;12,71;12,71;0,916;148,19;;Concreto convencional;;;;756248,0;Riacho da Serra;Região Hidrográfica ATLÂNTICO NORDESTE ORIENTAL;CBH do Rio Piancó-Piranhas-Açu;Federal;;;;;Operação;2000-01-01 00:00:00;-6,75948;-36,87459;boa;2019-09-12;NoData;NoData;2019,0;12,71;Fundacao;0,916;Original;5;20;0;5;13;18;4;18;43;Baixo;Medio;77,8;Bom;True;True;True;False;False;False;True;True;True;11;Urgente
23570;Barragem ETA Bonduelle Alimentos;Massa d'Água #190894;Irrigação;GO;CRISTALINA;Não Classificado;Não Classificado;;;Agência Nacional de Águas e Saneamento Básico - ANA;02501.001569/2025-33;Não Classificada;;;Não;Não;;Não;;;;;;Sem Informação;;;;7684776,0;Córrego Morais;Região Hidrográfica do PARANÁ;São Francisco;Federal;;;;;;;-16,21547;-47,44867;mínima;2021-02-11;NoData;NoData;2021,0;;Sem_Dado;;Sem_Dado;3;31;0;5;13;18;1;16;54;Dados Insuficientes;Medio;33,3;Parcial;True;True;True;True;True;True;True;False;False;7;Alta
22729;Massa d'Água #168550;;Irrigação;BA;ITAMARAJU;Não Classificado;Não Classificado;;;Agência Nacional de Águas e Saneamento Básico - ANA;;Não Classificada;;;Não;Não;;Não;;;;;;Sem Informação;;;;77926,0;Rio do Ouro;Região Hidrográfica ATLÂNTICO LESTE;CBH dos Rios Peruípe, Itanhém e Jucuruçu;Estadual;;;;;;;-16,90772;-39,4995;mínima;2021-02-07;NoData;NoData;2021,0;;Sem_Dado;;Sem_Dado;3;31;0;5;13;18;1;16;54;Dados Insuficientes;Medio;33,3;Parcial;True;True;True;True;True;True;True;False;False;7;Alta
22730;Massa d'Água #168846;;Irrigação;RS;GETÚLIO VARGAS;Não Classificado;Não Classificado;;;Agência Nacional de Águas e Saneamento Básico - ANA;;Não Classificada;;;Não;Não;;Não;;;;;;Sem Informação;;;;8279626,0;Rio Toldo;Região Hidrográfica do URUGUAI;CBH do Rio Apuaê-Inhandava;Estadual;;;;;;;-27,78497;-52,23533;mínima;2021-02-07;NoData;NoData;2021,0;;Sem_Dado;;Sem_Dado;3;31;0;5;13;18;1;16;54;Dados Insuficientes;Medio;33,3;Parcial;True;True;True;True;True;True;True;False;False;7;Alta
20963;Fazenda Nova Esperança II;;Proteção do meio ambiente;SP;CAPÃO BONITO;Não Classificado;Não Classificado;DEDINI S/A ADMINISTRAÇÃO E PARTICIPAÇÕES;;Agência Nacional de Águas e Saneamento Básico - ANA;02501.002556/2024-09;Não Classificada;;;Não;Não;;Não;;;;;0,0;Sem Informação;;;;86496414,0;Córrego Itanguá;Região Hidrográfica do PARANÁ;Paranapanema;Estadual;;;;;Operação;2020-06-30 00:00:00;-23,92614;-48,51222;mínima;2020-06-30;0;0;2020,0;;Sem_Dado;;Sem_Dado;6;30;0;5;13;18;2;19;53;Dados Insuficientes;Medio;44,4;Parcial;True;True;True;True;True;True;True;False;False;7;Alta
20967;Fazenda Caratuva - Barragem 01;;Irrigação;SC;PONTE SERRADA;Não Classificado;Não Classificado;CARATUVA AGROFLORESTAL LTDA;;Agência Nacional de Águas e Saneamento Básico - ANA;;Não Classificada;;;Não;Não;;Não;;;;;0,0;Sem Informação;;;;82786,0;Rio do Mato;Região Hidrográfica do URUGUAI;CBH dos Rios Chapecó e Irani;Estadual;;;;;Operação;2020-06-30 00:00:00;-26,82872;-51,98619;mínima;2020-06-30;NoData;NoData;2020,0;;Sem_Dado;;Sem_Dado;6;30;0;5;13;18;2;19;53;Dados Insuficientes;Medio;44,4;Parcial;True;True;True;True;True;True;True;False;False;7;Alta
20969;Chácara do Rancho;;Irrigação;SC;PORTO UNIÃO;Não Classificado;Não Classificado;Wilson José Bonk;Pessoa Física;Agência Nacional de Águas e Saneamento Básico - ANA;;Não Classificada;;;Não;Não;;Não;0,0;0,0;0,0;;0,0;Sem Informação;;;;862592,0;Rio Espingarda;Região Hidrográfica do PARANÁ;CBH do Rio Timbó;Federal;;;;;Operação;2020-06-30 00:00:00;-26,36619;-51,16878;mínima;2020-06-30;NoData;NoData;2020,0;0,0;Fundacao;0,0;Original;6;26;0;5;13;18;3;19;49;Baixo;Medio;66,7;Bom;True;True;True;False;False;True;True;False;False;6;Media
18250;Timbaúba;;Abastecimento humano;PB;SOSSÊGO;Não se Aplica;Baixo;Instituto Nacional de Colonização e Reforma Agrária - INCRA - PB;;Agência Nacional de Águas e Saneamento Básico - ANA;111;Não;s/n;;Não;Não;;Não;8,21;8,21;0,453;146,04;;Terra;;;;75742,0;Riacho do São Bento;Região Hidrográfica ATLÂNTICO NORDESTE ORIENTAL;;Federal;;;;;Operação;2000-01-01 00:00:00;-6,78194;-36,22472;ótima;2019-09-12;0;0;2019,0;8,21;Fundacao;0,453;Original;7;22;0;5;13;18;4;20;45;Baixo;Medio;77,8;Bom;True;True;True;False;False;False;True;False;False;6;Media
20894;Sítio Riacho de Santo Antônio;;Irrigação;PB;SANTA LUZIA;Não Classificado;Não Classificado;José Marques da Nóbrega;Pessoa Física;Agência Nacional de Águas e Saneamento Básico - ANA;;Não Classificada;;;Não;Não;;Não;0,0;0,0;0,0;;0,0;Sem Informação;;;;75624922,0;SEM NOME;Região Hidrográfica ATLÂNTICO NORDESTE ORIENTAL;Piranhas-Açu;Federal;;;;;Operação;2020-06-29 00:00:00;-6,78064;-36,93603;mínima;2020-06-29;NoData;NoData;2020,0;0,0;Fundacao;0,0;Original;6;26;0;5;13;18;3;19;49;Baixo;Medio;66,7;Bom;True;True;True;False;False;True;True;False;False;6;Media
20930;Floresta Nacional do Jamari - Barragem 03;;Proteção do meio ambiente;RO;ITAPUÃ DO OESTE;Alto;Médio;Instituto Chico Mendes de Conservação da Biodiversidade - ICMBIO - RO;Órgãos - Público;Agência Nacional de Águas e Saneamento Básico - ANA;02501.008249/2025-12;Sim;97/2025/SRB-ANA-SEI;;Não;Não;;Não;5,0;5,0;1,831;260,0;0,0;Terra;Industrial;B;;46352658,0;Igarapé Remo;Região Hidrográfica AMAZÔNICA;CBH do Rio Jaru - Baixo Machado;Estadual;;;;;Operação;2020-06-29 00:00:00;-9,20078;-63,02372;boa;2020-06-29;NoData;NoData;2020,0;5,0;Fundacao;1,831;Original;9;24;0;5;13;18;4;22;47;Baixo;Medio;77,8;Bom;True;True;True;False;False;False;True;True;False;8;Alta
20900;Fazenda Palmital;;Dessedentação Animal;MG;NANUQUE;Não Classificado;Não Classificado;Iracílio Severo dos Santos;Pessoa Física;Agência Nacional de Águas e Saneamento Básico - ANA;;Não Classificada;;;Não;Não;;Não;1,3;1,3;0,03;0,0;0,0;Terra;;;;7797892,0;Córrego Barreado;Região Hidrográfica ATLÂNTICO LESTE;;Federal;;;;;Operação;2020-06-29 00:00:00;-17,97092;-40,25508;baixa;2020-06-29;0;0;2020,0;1,3;Fundacao;0,03;Original;8;23;0;5;13;18;4;21;46;Baixo;Medio;77,8;Bom;True;True;True;False;False;False;True;False;False;6;Media
22610;Massa d'Água #159775;;Irrigação;AL;PALMEIRA DOS ÍNDIOS;Não Classificado;Não Classificado;;;Agência Nacional de Águas e Saneamento Básico - ANA;;Não Classificada;;;Não;Não;;Não;;;;;;Sem Informação;;;;75998924,0;SEM NOME;Região Hidrográfica ATLÂNTICO NORDESTE ORIENTAL;CBH do Rio Coruripe;Estadual;;;;;;;-9,42069;-36,59386;mínima;2021-01-28;NoData;NoData;2021,0;;Sem_Dado;;Sem_Dado;3;31;0;5;13;18;1;16;54;Dados Insuficientes;Medio;33,3;Parcial;True;True;True;True;True;True;True;False;False;7;Alta
23598;Massa d'Água #199306;;Irrigação;RS;EREBANGO;Não Classificado;Não Classificado;;;Agência Nacional de Águas e Saneamento Básico - ANA;;Não Classificada;;;Não;Não;;Não;;;;;;Sem Informação;;;;82792282,0;Rio Erexim;Região Hidrográfica do URUGUAI;CBH de Passo Fundo;Estadual;;;;;;;-27,81078;-52,27147;mínima;2021-02-11;NoData;NoData;2021,0;;Sem_Dado;;Sem_Dado;3;31;0;5;13;18;1;16;54;Dados Insuficientes;Medio;33,3;Parcial;True;True;True;True;True;True;True;False;False;7;Alta
23391;Massa d'Água #170373;;Irrigação;MT;SAPEZAL;Não Classificado;Não Classificado;;;Agência Nacional de Águas e Saneamento Básico - ANA;;Não Classificada;;;Não;Não;;Não;;;;;;Sem Informação;;;;4494642,0;SEM NOME;Região Hidrográfica AMAZÔNICA;;Estadual;;;;;;;-13,28014;-58,45686;mínima;2021-02-09;NoData;NoData;2021,0;;Sem_Dado;;Sem_Dado;3;31;0;5;13;18;1;16;54;Dados Insuficientes;Medio;33,3;Parcial;True;True;True;True;True;True;True;False;False;7;Alta
22373;Massa d'Água #93232;;Irrigação;PE;GARANHUNS;Não Classificado;Não Classificado;;;Agência Nacional de Águas e Saneamento Básico - ANA;;Não Classificada;;;Não;Não;;Não;;;;;;Sem Informação;;;;75968,0;Riacho Mocambo;Região Hidrográfica ATLÂNTICO NORDESTE ORIENTAL;;Federal;;;;;;;-8,90094;-36,43369;mínima;2021-01-19;NoData;NoData;2021,0;;Sem_Dado;;Sem_Dado;3;31;0;5;13;18;1;16;54;Dados Insuficientes;Medio;33,3;Parcial;True;True;True;True;True;True;True;False;False;7;Alta
23657;Massa d'Água #208270;;Irrigação;MT;BRASNORTE;Não Classificado;Não Classificado;;;Agência Nacional de Águas e Saneamento Básico - ANA;;Não Classificada;;;Não;Não;;Não;;;;;;Sem Informação;;;;4486,0;Rio Membeca;Região Hidrográfica AMAZÔNICA;;Estadual;;;;;;;-12,82497;-57,39133;mínima;2021-02-12;NoData;NoData;2021,0;;Sem_Dado;;Sem_Dado;3;31;0;5;13;18;1;16;54;Dados Insuficientes;Medio;33,3;Parcial;True;True;True;True;True;True;True;False;False;7;Alta
23672;Massa d'Água #212899;;Irrigação;BA;ILHÉUS;Não Classificado;Não Classificado;;;Agência Nacional de Águas e Saneamento Básico - ANA;;Não Classificada;;;Não;Não;;Não;;;;;;Sem Informação;;;;77754,0;Rio Aguípe;Região Hidrográfica ATLÂNTICO LESTE;CBH do Leste;Estadual;;;;;;;-15,02439;-39,02942;mínima;2021-02-12;NoData;NoData;2021,0;;Sem_Dado;;Sem_Dado;3;31;0;5;13;18;1;16;54;Dados Insuficientes;Medio;33,3;Parcial;True;True;True;True;True;True;True;False;False;7;Alta
23674;Massa d'Água #214376;;Irrigação;MS;AQUIDAUANA;Não Classificado;Não Classificado;;;Agência Nacional de Águas e Saneamento Básico - ANA;;Não Classificada;;;Não;Não;;Não;;;;;;Sem Informação;;;;8952444,0;SEM NOME;Região Hidrográfica do PARAGUAI;CBH do Rio Miranda;Estadual;;;;;;;-20,30092;-56,12675;mínima;2021-02-12;NoData;NoData;2021,0;;Sem_Dado;;Sem_Dado;3;31;0;5;13;18;1;16;54;Dados Insuficientes;Medio;33,3;Parcial;True;True;True;True;True;True;True;False;False;7;Alta
23678;Massa d'Água #216360;;Irrigação;MT;ALTO BOA VISTA;Não Classificado;Não Classificado;;;Agência Nacional de Águas e Saneamento Básico - ANA;;Não Classificada;;;Não;Não;;Não;;;;;;Sem Informação;;;;425498,0;Ribeirão das Traíras;Região Hidrográfica do TOCANTINS-ARAGUAIA;;Estadual;;;;;;;-11,77542;-51,6055;mínima;2021-02-12;NoData;NoData;2021,0;;Sem_Dado;;Sem_Dado;3;31;0;5;13;18;1;16;54;Dados Insuficientes;Medio;33,3;Parcial;True;True;True;True;True;True;True;False;False;7;Alta
22450;Massa d'Água #121867;;Irrigação;TO;ARRAIAS;Não Classificado;Não Classificado;;;Agência Nacional de Águas e Saneamento Básico - ANA;;Não Classificada;;;Não;Não;;Não;;;;;;Sem Informação;;;;6462948,0;SEM NOME;Região Hidrográfica do TOCANTINS-ARAGUAIA;;Federal;;;;;;;-12,95961;-46,68853;mínima;2021-01-22;NoData;NoData;2021,0;;Sem_Dado;;Sem_Dado;3;31;0;5;13;18;1;16;54;Dados Insuficientes;Medio;33,3;Parcial;True;True;True;True;True;True;True;False;False;7;Alta
22620;Massa d'Água #162583;;Irrigação;SP;BURI;Não Classificado;Não Classificado;;;Agência Nacional de Águas e Saneamento Básico - ANA;;Não Classificada;;;Não;Não;;Não;;;;;;Sem Informação;;;;86496414,0;Córrego Itanguá;Região Hidrográfica do PARANÁ;Paranapanema;Estadual;;;;;;;-23,90225;-48,52586;mínima;2021-01-28;NoData;NoData;2021,0;;Sem_Dado;;Sem_Dado;3;31;0;5;13;18;1;16;54;Dados Insuficientes;Medio;33,3;Parcial;True;True;True;True;True;True;True;False;False;7;Alta
20804;Fazenda Cansanção I;;Irrigação;BA;CORONEL JOÃO SÁ;Não Classificado;Não Classificado;Nivaldo de Andrade;Pessoa Física;Agência Nacional de Águas e Saneamento Básico - ANA;;Não Classificada;;;Não;Não;;Não;0,0;0,0;0,0;;0,0;Sem Informação;;;;7716144,0;Riacho Cansação;Região Hidrográfica ATLÂNTICO LESTE;;Federal;;;;;Operação;2020-06-24 00:00:00;-10,34952;-37,78645;mínima;2020-06-24;NoData;NoData;2020,0;0,0;Fundacao;0,0;Original;6;26;0;5;13;18;3;19;49;Baixo;Medio;66,7;Bom;True;True;True;False;False;True;True;False;False;6;Media
21022;Pecuária de Corte Morada do Boi - Barragem 02;;Irrigação;BA;GUARATINGA;Não Classificado;Não Classificado;JOÃO HONÓRIO BONFIM;Pessoa Física;Agência Nacional de Águas e Saneamento Básico - ANA;;Não Classificada;;;Não;Não;;Não;;;;;0,0;Sem Informação;;;;7791434,0;Córrego do Gustavo;Região Hidrográfica ATLÂNTICO LESTE;CBH dos Rios Frades, Buranhém e Santo Antônio;Estadual;;;;;Operação;2020-07-01 00:00:00;-16,33583;-39,92489;mínima;2020-07-01;NoData;NoData;2020,0;;Sem_Dado;;Sem_Dado;6;30;0;5;13;18;2;19;53;Dados Insuficientes;Medio;44,4;Parcial;True;True;True;True;True;True;True;False;False;7;Alta
21044;Sítio Santa Cruz;;Irrigação;RN;CAICÓ;Não Classificado;Não Classificado;PEDRO ALVES DOS SANTOS;Pessoa Física;Agência Nacional de Águas e Saneamento Básico - ANA;;Não Classificada;;;Não;Não;;Não;0,0;0,0;0,0;;0,0;Sem Informação;;;;75622,0;Rio Sabugi;Região Hidrográfica ATLÂNTICO NORDESTE ORIENTAL;Piranhas-Açu;Federal;;;;;Operação;2020-07-02 00:00:00;-6,56497;-37,179;mínima;2020-07-02;NoData;NoData;2020,0;0,0;Fundacao;0,0;Original;6;26;0;5;13;18;3;19;49;Baixo;Medio;66,7;Bom;True;True;True;False;False;True;True;False;False;6;Media
21048;Sítio Poço dos Angicos;;Irrigação;RN;IPUEIRA;Não Classificado;Não Classificado;MARIA LOURDES DE BRITO;Pessoa Física;Agência Nacional de Águas e Saneamento Básico - ANA;02501.002036/2025-79;Não Classificada;;;Não;Não;;Não;;;;;0,0;Sem Informação;;;;75622422,0;Riacho da Caiçara;Região Hidrográfica ATLÂNTICO NORDESTE ORIENTAL;Piranhas-Açu;Federal;;;;;Operação;2020-07-02 00:00:00;-6,75475;-37,09247;mínima;2020-07-02;NoData;NoData;2020,0;;Sem_Dado;;Sem_Dado;6;30;0;5;13;18;2;19;53;Dados Insuficientes;Medio;44,4;Parcial;True;True;True;True;True;True;True;False;False;7;Alta
21059;Fazenda Nossa Sra da Aparecida Agua Branca - Barragem 02;;Irrigação;MG;ITAMOGI;Não Classificado;Não Classificado;Angela Maria Dias de Oliveira;Pessoa Física;Agência Nacional de Águas e Saneamento Básico - ANA;;Não Classificada;;;Não;Não;;Não;;;;;0,0;Sem Informação;;;;868696,0;Ribeirão Tomba-perna;Região Hidrográfica do PARANÁ;Grande;Federal;;;;;Operação;2020-07-02 00:00:00;-21,05264;-46,9825;mínima;2020-07-02;NoData;NoData;2020,0;;Sem_Dado;;Sem_Dado;6;30;0;5;13;18;2;19;53;Dados Insuficientes;Medio;44,4;Parcial;True;True;True;True;True;True;True;False;False;7;Alta
23704;Massa d'Água #217286;;Irrigação;MT;ALTO BOA VISTA;Não Classificado;Não Classificado;;;Agência Nacional de Águas e Saneamento Básico - ANA;;Não Classificada;;;Não;Não;;Não;;;;;;Sem Informação;;;;425498,0;Ribeirão das Traíras;Região Hidrográfica do TOCANTINS-ARAGUAIA;;Estadual;;;;;;;-11,70906;-51,62028;mínima;2021-02-13;NoData;NoData;2021,0;;Sem_Dado;;Sem_Dado;3;31;0;5;13;18;1;16;54;Dados Insuficientes;Medio;33,3;Parcial;True;True;True;True;True;True;True;False;False;7;Alta
8;Barragem no Córrego Floresta;;Irrigação;BA;MUCURI;Não se Aplica;Baixo;Lúcio Cani;Pessoa Física;Agência Nacional de Águas e Saneamento Básico - ANA;02501.001495/2015-63;Não;4392009;;Não;Não;;Não;4,4;4,4;0,15;115,0;;Terra;;;;779784,0;Córrego Santa Luzia;Região Hidrográfica ATLÂNTICO LESTE;;Federal;2013-06-10;Regular;Normal;Não;Operação;1988-01-01 00:00:00;-18,10361;-40,02161;ótima;2019-02-11;0;0;2019,0;4,4;Fundacao;0,15;Original;6;21;2;2;13;18;4;21;41;Baixo;Medio;88,9;Bom;True;True;True;False;False;False;False;False;False;5;Media
30907;COPASA Verdelândia;;Abastecimento humano;MG;VERDELÂNDIA;Não se Aplica;Baixo;COMPANHIA DE SANEAMENTO DE MINAS GERAIS - COPASA;;Agência Nacional de Águas e Saneamento Básico - ANA;02501.000602/2024-27 ;Não;2031;;Não;Não;;Não;3,0;3,0;0,001;;;Sem Informação;;;;766,0;Rio Verde Grande;Região Hidrográfica do SÃO FRANCISCO;Verde Grande;Federal;;;;;Operação;22-SEP-20;-15,59564;-43,60467;ótima;2024-01-25;0;0;2024,0;3,0;Fundacao;0,001;Original;3;27;0;5;13;18;3;16;50;Baixo;Medio;66,7;Bom;True;True;True;False;False;True;True;False;False;6;Media
30270;FAZENDA RECANTO;;Irrigação;MG;INDAIABIRA;Não se Aplica;Baixo;Lucy Gouveia Dias;Pessoa Física;Agência Nacional de Águas e Saneamento Básico - ANA;02501.005129/2023-93;Não Classificada;48/2026/SRB-ANA-SEI;;Não;Não;;Não;3,35;3,35;0,361;45,0;0,14;Concreto convencional;;;;7778,0;Rio Pardo;Região Hidrográfica ATLÂNTICO LESTE;CBH do Rio Mosquito;Federal;;;;Não;Operação;2014-01-01 00:00:00;-15,64147;-42,05433;ótima;2023-11-08;0;0;2023,0;3,35;Fundacao;0,361;Original;5;20;0;5;13;18;4;18;43;Baixo;Medio;77,8;Bom;True;True;True;False;False;False;True;False;False;6;Media
23679;Açude da Sede 01;Massa d'Água #216631;Recreação;PR;PALMAS;Não se Aplica;Baixo;Associação das Mulheres Indígenas de Palmas - Paraná;;Agência Nacional de Águas e Saneamento Básico - ANA;02501.004372/2024-75;Não;77/2025/SRB-ANA-SEI;;Não;Não;;Não;5,5;5,5;0,025;56,0;;Terra;Paisagismo;;;86228,0;Rio das Lontras;Região Hidrográfica do PARANÁ;CBH do Baixo Iguaçu;Estadual;;;;;Operação;1983-01-01 00:00:00;-26,50939;-52,04044;ótima;2021-02-12;NoData;NoData;2021,0;5,5;Fundacao;0,025;Original;6;21;0;5;13;18;4;19;44;Baixo;Medio;77,8;Bom;True;True;True;False;False;False;True;False;False;6;Media
31120;Sítio Brejinho;;Irrigação;PE;BREJÃO;Não se Aplica;Baixo;Valdemar Cipriano de Oliveira;Pessoa Física;Agência Nacional de Águas e Saneamento Básico - ANA;02501.001887/2024-13;Não;;;Não;Não;;Não;3,0;3,0;0,01;0,0;;Terra;;;;759668,0;SEM NOME;Região Hidrográfica ATLÂNTICO NORDESTE ORIENTAL;;Federal;;;;;Operação;29-OCT-17;-8,96444;-36,53457;baixa;2024-03-21;3;0.01;2024,0;3,0;Fundacao;0,01;Original;5;24;0;5;13;18;4;18;47;Baixo;Medio;77,8;Bom;True;True;True;False;False;False;True;False;False;6;Media
27266;FAZENDA PÂNTANO, QUEIMADO, VARGINHA OU CATINGUEIRO;;Irrigação;MG;UNAÍ;Não se Aplica;Baixo;Napoleão Jnmes Fabiane;Pessoa Física;Agência Nacional de Águas e Saneamento Básico - ANA;02501.004719/2022-18;Não;1146/2022;;Não;Não;;Não;6,0;;0,775;280,0;;Terra;;;;76847764,0;Córrego Arrependido;Região Hidrográfica do PARANÁ;São Francisco;Federal;;;;;Projeto;2022-07-08 00:00:00;-16,28694;-47,3225;ótima;2022-08-11;0;0;2022,0;6,0;Fundacao;0,775;Original;10;25;0;5;13;18;4;23;48;Baixo;Medio;77,8;Bom;True;True;True;False;False;False;True;False;False;6;Media
2243;Pedreira;;Regularização de vazão;SP;PEDREIRA;Não se Aplica;Alto;AGENCIA DE AGUAS DO ESTADO DE SAO PAULO - SP-AGUAS;Autarquias - Público;Agência Nacional de Águas e Saneamento Básico - ANA;212;Sim;274/2018;;Não;Não;;Não;;52,0;38,34;845,0;201,0;Terra-enrocamento;Abastecimento humano;;;8666,0;Rio Jaguari;Região Hidrográfica do PARANÁ;PCJ;Federal;;;;;Construção;04-AUG-25;-22,76944;-46,90194;boa;2019-02-11;NoData;NoData;2019,0;52,0;Terreno;38,34;Original;9;28;0;5;13;18;4;22;51;Baixo;Medio;77,8;Bom;True;True;True;False;False;False;True;True;True;11;Urgente
7523;Direito;;Abastecimento humano;PB;BELÉM DO BREJO DO CRUZ;Alto;Alto;Maria Consuelo Saraiva Maia;Pessoa Física;Agência Nacional de Águas e Saneamento Básico - ANA;22;Sim;s/n;;Não;Não;2022-04-02;Não;8,86;8,86;11,34;640,54;;Terra;;;;756326128,0;SEM NOME;Região Hidrográfica ATLÂNTICO NORDESTE ORIENTAL;Piranhas-Açu;Federal;2021-08-04;Regular;Atenção;;Operação;2000-01-01 00:00:00;-6,1675;-37,43611;boa;2019-09-12;0;0;2019,0;8,86;Fundacao;11,34;Original;8;23;4;4;13;18;4;25;45;Baixo;Medio;88,9;Bom;True;True;True;False;False;False;False;True;True;10;Urgente
2671;Oiticica;;Abastecimento humano;RN;JUCURUTU;Não se Aplica;Alto;Secretaria de Meio Ambiente e dos Recursos Hídricos do Estado do Rio Grande do Norte;Órgãos - Público;Agência Nacional de Águas e Saneamento Básico - ANA;02501.002701/2018-03;Sim;604/2018;Sim;Sim;Sim;2025-07-03;Não;35,3;;556,3;989,0;5999,0;Concreto compactado a rolo (CCR);Irrigação;;;756,0;Rio Piranhas;Região Hidrográfica ATLÂNTICO NORDESTE ORIENTAL;Piranhas-Açu;Federal;2025-07-03;Regular;Normal;Não;Operação;01-APR-25;-6,15306;-37,12333;ótima;2019-02-11;0;0;2019,0;35,3;Fundacao;556,3;Original;7;26;2;2;0;0;4;9;28;Baixo;Baixo;100,0;Completo;False;False;False;False;False;False;False;True;True;5;Media
2870;BARRAGEM MARTELO;;Abastecimento humano;PB;SÃO MAMEDE;Médio;Alto;Secretaria de Estado da Infraestrutura e Recursos Hídricos;Órgãos - Público;Agência Nacional de Águas e Saneamento Básico - ANA;110;Sim;704/2023;;Não;Não;2022-10-25;Não;12,71;12,71;4,29;419,57;0,98;Terra;Dessedentação Animal;A;;756226432,0;SEM NOME;Região Hidrográfica ATLÂNTICO NORDESTE ORIENTAL;Piranhas-Açu;Federal;2025-10-30;Regular;Atenção;Não;Operação;1974-01-01 00:00:00;-6,82164;-37,17833;boa;2019-02-11;0;0;2019,0;12,71;Fundacao;4,29;Original;10;25;4;4;13;18;4;27;47;Baixo;Medio;88,9;Bom;True;True;True;False;False;False;False;True;True;10;Urgente
7630;Várzea;;Irrigação;PB;VÁRZEA;Alto;Médio;Instituto Nacional de Colonização e Reforma Agrária - INCRA - PB;;Agência Nacional de Águas e Saneamento Básico - ANA;02501.001490/2015-31;Sim;s/n;;Não;Não;2022-10-25;Não;9,08;9,08;3,423;672,14;;Terra;;;;7562242,0;Riacho de Fora;Região Hidrográfica ATLÂNTICO NORDESTE ORIENTAL;Piranhas-Açu;Federal;;;;;Operação;2000-01-01 00:00:00;-6,76306;-37,04722;boa;2019-09-12;0;0;2019,0;9,08;Fundacao;3,423;Original;8;23;0;5;13;18;4;21;46;Baixo;Medio;77,8;Bom;True;True;True;False;False;False;True;True;False;8;Alta
1341;Pipiripau;;Abastecimento humano;DF;BRASÍLIA;Médio;Médio;Companhia de Saneamento Ambiental do Distrito Federal;Empresas Públicas - Público;Agência Nacional de Águas e Saneamento Básico - ANA;0.0;Sim;203/2017;Sim;Sim;Sim;2025-09-19;Não;9,0;;0,004;46,4;;Concreto convencional;;;;869686,0;Rio Pipiripau;Região Hidrográfica do PARANÁ;Paranaíba;Federal;2025-12-30;Regular;Atenção;;Operação;1997-01-01 00:00:00;-15,65639;-47,59972;ótima;2017-10-27;0;0;2017,0;9,0;Fundacao;0,004;Original;5;20;4;4;0;0;4;9;24;Baixo;Baixo;100,0;Completo;False;False;False;False;False;False;False;True;False;2;Baixa
5;Fazenda São Pedro;;Aquicultura;MT;PORTO ESPERIDIÃO;Não se Aplica;Baixo;Edir Luciano Martins Manzano;Pessoa Física;Agência Nacional de Águas e Saneamento Básico - ANA;02501.001491/2015-85;Não;2882015;;Não;Não;;Não;9,0;9,0;0,72;178,0;0,0;Terra;;;;898672,0;Rio das Palmas e Córrego Acurizinho;Região Hidrográfica do PARAGUAI;;Federal;;;;Não;Operação;2000-01-01 00:00:00;-16,27472;-59,17603;ótima;2019-02-11;0;0;2019,0;9,0;Fundacao;0,72;Original;7;22;0;5;13;18;4;20;45;Baixo;Medio;77,8;Bom;True;True;True;False;False;False;True;False;False;6;Media
7;Barragem no Córrego da Cruz - Aldevar;;Irrigação;ES;PEDRO CANÁRIO;Não se Aplica;Baixo;Aldevar Marcondes Venturim Borgo;Pessoa Física;Agência Nacional de Águas e Saneamento Básico - ANA;65;Não;4382009;;Não;Não;;Não;3,6;3,6;0,09;60,0;;Terra;Abastecimento humano;;;7797846,0;Córrego da Cruz e Córrego da Samambaia;Região Hidrográfica ATLÂNTICO LESTE;CBH do Rio Itaúnas;Federal;2013-09-15;Regular;Normal;;Operação;1985-01-01 00:00:00;-18,15678;-39,96632;ótima;2019-02-11;NoData;NoData;2019,0;3,6;Fundacao;0,09;Original;6;21;2;2;13;18;4;21;41;Baixo;Medio;88,9;Bom;True;True;True;False;False;False;False;False;False;5;Media
60;Barragem no Ribeirão Samambaia;Represa Fazenda Pamplona;Irrigação;GO;CRISTALINA;Médio;Baixo;SLC Agrícola Ltda;Órgãos - Público;Agência Nacional de Águas e Saneamento Básico - ANA;02501.001557/2015-37;Sim;308/2011;Não;Sim;Sim;2025-09-23;Não;25,05;25,05;11,68;388,0;;Terra;;;;86,0;SEM NOME;Região Hidrográfica do PARANÁ;Paranaíba;Federal;2025-12-01;Regular;Atenção;;Operação;1999-01-01 00:00:00;-16,28386;-47,58181;ótima;2017-06-02;0;0;2017,0;25,05;Fundacao;11,68;Original;9;24;4;4;5;5;4;18;33;Baixo;Baixo;100,0;Completo;True;False;False;False;False;False;False;True;False;4;Media
129;Fazendas Ecológicas SA;;Irrigação;ES;CONCEIÇÃO DA BARRA;Não se Aplica;Baixo;Fazendas Ecológicas S.A.;Empresas em Geral - Privado;Agência Nacional de Águas e Saneamento Básico - ANA;02501.002231/2016-16;Não;6002008;;Não;Não;;Não;2,5;2,5;0,085;;;Terra;;;;7797832,0;Córrego da Estiva;Região Hidrográfica ATLÂNTICO LESTE;CBH do Rio Itaúnas;Federal;;;;;Operação;16-SEP-08;-18,32611;-39,82611;ótima;2019-02-11;0;0;2019,0;2,5;Fundacao;0,085;Original;3;27;0;5;13;18;3;16;50;Baixo;Medio;66,7;Bom;True;True;True;False;False;True;True;False;False;6;Media
131;Fazenda Dourada;;Irrigação;ES;PEDRO CANÁRIO;Não se Aplica;Baixo;Marcio Carletto;Pessoa Física;Agência Nacional de Águas e Saneamento Básico - ANA;201;Não;1042014;;Não;Não;;Não;7,5;7,5;0,44;;;Terra;;;;7797844,0;Córrego Dourado;Região Hidrográfica ATLÂNTICO LESTE;CBH do Rio Itaúnas;Federal;;;;;Construção;03-FEB-13;-18,23575;-39,93042;ótima;2019-02-11;0;0;2019,0;7,5;Fundacao;0,44;Original;3;27;0;5;13;18;3;16;50;Baixo;Medio;66,7;Bom;True;True;True;False;False;True;True;False;False;6;Media
145;Assentamento Boi Branco;Boi Branco;Abastecimento humano;PE;IATI;Alto;Alto;Instituto Nacional de Colonização e Reforma Agrária - INCRA - DF;Autarquias - Público;Agência Nacional de Águas e Saneamento Básico - ANA;234;Sim;256-S/02;Não;Não;Não;;Não;;7,4;0,53;104,0;0,0;Terra;Irrigação;;;761142,0;Riacho do Limitão;Região Hidrográfica do SÃO FRANCISCO;São Francisco;Federal;;;;;Operação;2000-01-01 00:00:00;-8,92125;-36,87844;boa;2017-01-25;;;;7,4;Terreno;0,53;Original;7;22;0;5;18;18;4;25;45;Baixo;Medio;88,9;Bom;True;True;True;False;False;False;True;True;True;11;Urgente
50;Sabugi;Açude Santo Antônio;Abastecimento humano;RN;SÃO JOÃO DO SABUGI;Médio;Alto;Departamento Nacional de Obras Contra as Secas - DNOCS - RN;Autarquias - Público;Agência Nacional de Águas e Saneamento Básico - ANA;45;Sim;4042014;Sim;Sim;Sim;2025-07-02;Não;20,5;20,5;65,33;180,0;0,0;Terra;Combate às secas;;;75622,0;Rio Sabugi;Região Hidrográfica ATLÂNTICO NORDESTE ORIENTAL;Piranhas-Açu;Federal;2025-11-13;Regular;Atenção;;Operação;1965-01-01 00:00:00;-6,64617;-37,19797;ótima;2017-12-14;0;0;2017,0;20,5;Fundacao;65,33;Original;10;25;4;4;0;0;4;14;29;Baixo;Baixo;100,0;Completo;False;False;False;False;False;False;False;True;True;5;Media
59;Bonsucesso;;Abastecimento humano;PB;SOSSÊGO;Médio;Alto;Rosilene de Araújo Gomes;Pessoa Física;Agência Nacional de Águas e Saneamento Básico - ANA;02501.001552/2015-12;Sim;41/2025/SRB-ANA-SEI;Sim;Sim;Sim;2022-10-27;Não;10,2;10,2;3,2;465,0;;Terra;Irrigação;A;;75742,0;Rio Bonsucesso;Região Hidrográfica ATLÂNTICO NORDESTE ORIENTAL;;Federal;2022-10-06;Regular;Atenção;;Operação;1986-01-01 00:00:00;-6,70783;-36,17572;ótima;2017-03-29;0;0;2017,0;10,2;Fundacao;3,2;Original;7;22;4;4;0;0;4;11;26;Baixo;Baixo;100,0;Completo;False;False;False;False;False;False;False;True;True;5;Media
77;Fazenda Vinagre;;Abastecimento humano;RN;PATU;Não se Aplica;Baixo;Antônio Jales de Almeida;Pessoa Física;Agência Nacional de Águas e Saneamento Básico - ANA;02501.001472/2015-59;Não;6812014;Não;Não;Não;2022-04-04;Não;5,15;5,15;0,64;288,0;;Terra;Irrigação;;;756328,0;Riacho da Cela;Região Hidrográfica ATLÂNTICO NORDESTE ORIENTAL;Piranhas-Açu;Federal;2020-11-27;Regular;Atenção;;Operação;1968-01-01 00:00:00;-6,15028;-37,54103;ótima;2017-04-24;0;0;2017,0;5,15;Fundacao;0,64;Original;10;25;4;4;18;18;4;32;47;Baixo;Medio;100,0;Completo;True;True;True;False;False;False;False;False;False;5;Media
84;Mangueira - PISF;;Abastecimento humano;PE;SALGUEIRO;Médio;Alto;Ministério da Integração Nacional;Órgãos - Público;Agência Nacional de Águas e Saneamento Básico - ANA;02501.000539/2017-08;Sim;1133;Sim;Sim;Sim;2019-04-27;Não;27,33;27,33;19,67;1184,0;;Enrocamento;Combate às secas;;;76138436,0;Riacho da Barra;Região Hidrográfica do SÃO FRANCISCO;São Francisco;Federal;2025-05-06;Regular;Normal;;Operação;09-DEC-19;-8,15256;-39,21972;ótima;2018-03-21;0;0;2018,0;27,33;Fundacao;19,67;Original;8;27;2;2;0;0;4;10;29;Baixo;Baixo;100,0;Completo;False;False;False;False;False;False;False;True;True;5;Media
113;Negreiros - PISF;;Abastecimento humano;PE;SALGUEIRO;Baixo;Alto;Ministério da Integração Nacional;Órgãos - Público;Agência Nacional de Águas e Saneamento Básico - ANA;9905;Sim;1133;Sim;Sim;Sim;2022-12-15;Não;36,6;36,3;23,61;246,0;;Concreto compactado a rolo (CCR);Combate às secas;A;;761384522,0;Riacho dos Negreiros;Região Hidrográfica do SÃO FRANCISCO;São Francisco;Federal;2025-08-20;Regular;Atenção;Não;Operação;2020-01-01 00:00:00;-8,09706;-39,18156;ótima;2018-03-21;0;0;2018,0;36,6;Fundacao;23,61;Original;9;24;4;4;0;0;4;13;28;Baixo;Baixo;100,0;Completo;False;False;False;False;False;False;False;True;True;5;Media
75;Ipanema I;;Regularização de vazão;PE;ÁGUAS BELAS;Médio;Alto;Secretaria de Recursos Hídricos e de Saneamento - SRHS;Órgãos - Público;Agência Nacional de Águas e Saneamento Básico - ANA;02501.001489/2015-14;Sim;7712016;Sim;Sim;Sim;2025-06-03;Não;16,43;16,43;1,12;724,0;;Terra;;;;76114,0;Rio Ipanema;Região Hidrográfica do SÃO FRANCISCO;São Francisco;Federal;2025-11-24;Regular;Alerta;;Operação;1970-01-01 00:00:00;-9,09075;-37,16031;ótima;2017-03-28;0;0;2017,0;16,43;Fundacao;1,12;Original;11;26;8;8;0;0;4;19;34;Alto;Alto;100,0;Completo;False;False;False;False;False;False;False;True;True;7;Alta
83;São Nicolau;Fazenda São Nicolau/Fazenda Santa Fé/Fazenda Dom Bosco;Irrigação;GO;CRISTALINA;Não se Aplica;Baixo;Paulo Roberto Bonato;Pessoa Física;Agência Nacional de Águas e Saneamento Básico - ANA;02501.001516/2015-41;Não;852014;;Não;Não;2018-01-19;Não;10,0;10,0;1,73;367,0;;Terra;;;;7684776,0;Córrego Morais;Região Hidrográfica do PARANÁ;São Francisco;Federal;2017-12-20;Regular;Atenção;;Operação;11-FEB-19;-16,22561;-47,43189;ótima;2019-02-11;0;0;2019,0;10,0;Fundacao;1,73;Original;6;25;4;4;13;18;4;23;47;Baixo;Medio;88,9;Bom;True;True;True;False;False;False;False;False;False;5;Media
106;Bagres - PISF  ;;Abastecimento humano;PE;CUSTÓDIA;Médio;Alto;Ministério da Integração Nacional;Órgãos - Público;Agência Nacional de Águas e Saneamento Básico - ANA;02501.000521/2017-06;Sim;1133;Sim;Sim;Sim;2025-04-24;Não;13,61;13,61;2,25;862,0;;Terra;Combate às secas;;;76124492,0;SEM NOME;Região Hidrográfica do SÃO FRANCISCO;São Francisco;Federal;2025-06-12;Regular;Normal;;Operação;09-DEC-19;-8,33894;-37,79756;ótima;2018-03-21;0;0;2018,0;13,61;Fundacao;2,25;Original;7;26;2;2;0;0;4;9;28;Baixo;Baixo;100,0;Completo;False;False;False;False;False;False;False;True;True;5;Media
108;Moxotó - PISF;;Abastecimento humano;PE;SERTÂNIA;Médio;Alto;Ministério da Integração Nacional;Órgãos - Público;Agência Nacional de Águas e Saneamento Básico - ANA;02501.000523/2017-97;Sim;1133;Sim;Sim;Sim;2025-04-24;Não;13,91;13,91;1,42;505,0;;Terra;Combate às secas;;;76118,0;Rio Moxotó;Região Hidrográfica do SÃO FRANCISCO;São Francisco;Federal;2025-10-07;Regular;Atenção;;Operação;09-DEC-19;-8,12417;-37,43581;ótima;2018-03-21;0;0;2018,0;13,91;Fundacao;1,42;Original;6;25;4;4;0;0;4;10;29;Baixo;Baixo;100,0;Completo;False;False;False;False;False;False;False;True;True;5;Media
33349;BARRAGEM 01;;Proteção do meio ambiente;DF;BRASÍLIA;Não Classificado;Não Classificado;Valdivina Gonçalves dos Santos ;Pessoa Física;Agência Nacional de Águas e Saneamento Básico - ANA;;Não Classificada;281;;Não;Não;;Não;1,5;1,5;0,006;;;Sem Informação;Defesa contra inundações;;;6488,0;Rio do Sal;Região Hidrográfica do TOCANTINS-ARAGUAIA;CBH dos Afluentes do Rio Maranhão;Federal;;;;;;;-15,54747;-48,19892;média;2024-12-31;;;;1,5;Fundacao;0,006;Original;3;27;0;5;13;18;2;16;50;Dados Insuficientes;Medio;66,7;Bom;True;True;True;False;False;True;True;False;False;6;Media
36606;Barragem 03 - Rio Pardo;;Irrigação;MG;BERIZAL;Não Classificado;Não Classificado;Gracinda Coffee & Cia Ltda;Empresas em Geral - Privado;Agência Nacional de Águas e Saneamento Básico - ANA;;Não Classificada;228/2026;;Não;Não;;Não;3,0;3,0;0,173;75,0;;Alvenaria;;;;7778,0;Rio Pardo;Região Hidrográfica ATLÂNTICO LESTE;CBH do Rio Mosquito;Federal;;;;Não;;;-15,62436;-41,89742;média;2026-04-01;;;;3,0;Fundacao;0,173;Original;4;23;0;5;13;18;3;17;46;Baixo;Medio;77,8;Bom;True;True;True;False;False;False;True;False;False;6;Media
23830;Massa d'Água #243531;;Irrigação;ES;PEDRO CANÁRIO;Não Classificado;Não Classificado;;;Agência Nacional de Águas e Saneamento Básico - ANA;;Não Classificada;;;Não;Não;;Não;;;;;;Sem Informação;;;;7797872,0;Córrego do Engano;Região Hidrográfica ATLÂNTICO LESTE;CBH do Rio Itaúnas;Federal;;;;;;;-18,09725;-40,079;mínima;2021-02-23;NoData;NoData;2021,0;;Sem_Dado;;Sem_Dado;3;31;0;5;13;18;1;16;54;Dados Insuficientes;Medio;33,3;Parcial;True;True;True;True;True;True;True;False;False;7;Alta
23836;Massa d'Água #243595;;Irrigação;MA;CIDELÂNDIA;Não Classificado;Não Classificado;;;Agência Nacional de Águas e Saneamento Básico - ANA;;Não Classificada;;;Não;Não;;Não;;;;;;Sem Informação;;;;612996,0;Córrego dos Pebas;Região Hidrográfica do TOCANTINS-ARAGUAIA;;Federal;;;;;;;-4,96681;-48,00347;mínima;2021-02-23;NoData;NoData;2021,0;;Sem_Dado;;Sem_Dado;3;31;0;5;13;18;1;16;54;Dados Insuficientes;Medio;33,3;Parcial;True;True;True;True;True;True;True;False;False;7;Alta
22384;Massa d'Água #98768;;Irrigação;RS;BENJAMIN CONSTANT DO SUL;Não Classificado;Não Classificado;;;Agência Nacional de Águas e Saneamento Básico - ANA;;Não Classificada;;;Não;Não;;Não;;;;;;Sem Informação;;;;827922,0;Rio Erexim;Região Hidrográfica do URUGUAI;CBH de Passo Fundo;Estadual;;;;;;;-27,47639;-52,63222;mínima;2021-01-20;NoData;NoData;2021,0;;Sem_Dado;;Sem_Dado;3;31;0;5;13;18;1;16;54;Dados Insuficientes;Medio;33,3;Parcial;True;True;True;True;True;True;True;False;False;7;Alta
22385;Massa d'Água #98856;;Irrigação;BA;MUCURI;Não Classificado;Não Classificado;;;Agência Nacional de Águas e Saneamento Básico - ANA;;Não Classificada;;;Não;Não;;Não;;;;;;Sem Informação;;;;7797844,0;Córrego Dourado;Região Hidrográfica ATLÂNTICO LESTE;;Federal;;;;;;;-18,15678;-39,90406;mínima;2021-01-20;NoData;NoData;2021,0;;Sem_Dado;;Sem_Dado;3;31;0;5;13;18;1;16;54;Dados Insuficientes;Medio;33,3;Parcial;True;True;True;True;True;True;True;False;False;7;Alta
22479;Massa d'Água #133911;;Irrigação;BA;PRADO;Não Classificado;Não Classificado;;;Agência Nacional de Águas e Saneamento Básico - ANA;;Não Classificada;;;Não;Não;;Não;;;;;;Sem Informação;;;;;SEM NOME;Região Hidrográfica ATLÂNTICO LESTE;CBH dos Rios Frades, Buranhém e Santo Antônio;Federal;;;;;;;-17,21067;-39,21775;mínima;2021-01-22;NoData;NoData;2021,0;;Sem_Dado;;Sem_Dado;3;31;0;5;13;18;1;16;54;Dados Insuficientes;Medio;33,3;Parcial;True;True;True;True;True;True;True;False;False;7;Alta
22480;Massa d'Água #134176;;Irrigação;MS;DOURADINA;Não Classificado;Não Classificado;;;Agência Nacional de Águas e Saneamento Básico - ANA;;Não Classificada;;;Não;Não;;Não;;;;;;Sem Informação;;;;8638,0;Rio Brilhante;Região Hidrográfica do PARANÁ;CBH do Rio Ivinhema;Federal;;;;;;;-21,93106;-54,60556;mínima;2021-01-22;NoData;NoData;2021,0;;Sem_Dado;;Sem_Dado;3;31;0;5;13;18;1;16;54;Dados Insuficientes;Medio;33,3;Parcial;True;True;True;True;True;True;True;False;False;7;Alta
22489;Massa d'Água #137248;;Irrigação;BA;ILHÉUS;Não Classificado;Não Classificado;;;Agência Nacional de Águas e Saneamento Básico - ANA;;Não Classificada;;;Não;Não;;Não;;;;;;Sem Informação;;;;77754,0;Rio Aguípe;Região Hidrográfica ATLÂNTICO LESTE;CBH do Leste;Estadual;;;;;;;-15,00864;-39,16383;mínima;2021-01-25;NoData;NoData;2021,0;;Sem_Dado;;Sem_Dado;3;31;0;5;13;18;1;16;54;Dados Insuficientes;Medio;33,3;Parcial;True;True;True;True;True;True;True;False;False;7;Alta
22328;Fazenda Andaluza;Massa d'Água #84839;Dessedentação Animal;AL;PALMEIRA DOS ÍNDIOS;Alto;Médio;Sirlene Maria Ferreira do Nascimento;Pessoa Física;Agência Nacional de Águas e Saneamento Básico - ANA;02501.002389/2026-50;Sim;40/2026/SRB-ANA-SEI;;Não;Não;;Não;4,0;4,0;0,162;228,0;;Terra;;B;;75998824,0;SEM NOME;Região Hidrográfica ATLÂNTICO NORDESTE ORIENTAL;CBH do Rio Coruripe;Estadual;;;;Não;Operação;23-APR-21;-9,43864;-36,59858;boa;2021-01-18;NoData;NoData;2021,0;4,0;Fundacao;0,162;Original;6;25;0;5;13;18;4;19;48;Baixo;Medio;77,8;Bom;True;True;True;False;False;False;True;True;False;8;Alta
22366;Massa d'Água #90585;;Irrigação;BA;ILHÉUS;Não Classificado;Não Classificado;;;Agência Nacional de Águas e Saneamento Básico - ANA;;Não Classificada;;;Não;Não;;Não;;;;;;Sem Informação;;;;77752,0;Rio Curupitanga;Região Hidrográfica ATLÂNTICO LESTE;CBH do Leste;Estadual;;;;;;;-14,92808;-39,04675;mínima;2021-01-19;NoData;NoData;2021,0;;Sem_Dado;;Sem_Dado;3;31;0;5;13;18;1;16;54;Dados Insuficientes;Medio;33,3;Parcial;True;True;True;True;True;True;True;False;False;7;Alta
22371;Massa d'Água #91738;;Irrigação;MT;ALTO BOA VISTA;Não Classificado;Não Classificado;;;Agência Nacional de Águas e Saneamento Básico - ANA;;Não Classificada;;;Não;Não;;Não;;;;;;Sem Informação;;;;4254992,0;SEM NOME;Região Hidrográfica AMAZÔNICA;;Estadual;;;;;;;-11,75064;-51,82325;mínima;2021-01-19;NoData;NoData;2021,0;;Sem_Dado;;Sem_Dado;3;31;0;5;13;18;1;16;54;Dados Insuficientes;Medio;33,3;Parcial;True;True;True;True;True;True;True;False;False;7;Alta
22375;Massa d'Água #94861;;Irrigação;MG;SANTA BÁRBARA;Não Classificado;Não Classificado;;;Agência Nacional de Águas e Saneamento Básico - ANA;;Não Classificada;;;Não;Não;;Não;;;;;;Sem Informação;;;;7889696,0;SEM NOME;Região Hidrográfica ATLÂNTICO SUDESTE;Doce;Federal;;;;;;;-20,05008;-43,67622;mínima;2021-01-19;NoData;NoData;2021,0;;Sem_Dado;;Sem_Dado;3;31;0;5;13;18;1;16;54;Dados Insuficientes;Medio;33,3;Parcial;True;True;True;True;True;True;True;False;False;7;Alta
22443;Massa d'Água #120436;;Irrigação;SP;CACONDE;Não Classificado;Não Classificado;;;Agência Nacional de Águas e Saneamento Básico - ANA;;Não Classificada;;;Não;Não;;Não;;;;;;Sem Informação;;;;86842,0;Rio Pardo;Região Hidrográfica do PARANÁ;Grande;Federal;;;;;;;-21,57103;-46,62811;mínima;2021-01-21;NoData;NoData;2021,0;;Sem_Dado;;Sem_Dado;3;31;0;5;13;18;1;16;54;Dados Insuficientes;Medio;33,3;Parcial;True;True;True;True;True;True;True;False;False;7;Alta
22353;Massa d'Água #89448;;Paisagismo;PR;MANGUEIRINHA;Não se Aplica;Baixo;Fundação Nacional dos Povos Indígenas - FUNAI;Órgãos - Público;Agência Nacional de Águas e Saneamento Básico - ANA;02501.004316/2024-31;Não;107/2025/SRB-ANA-SEI;;Não;Não;;Não;1,5;1,5;0,002;21,0;0,41;Terra;;;;862396,0;Rio Grande dos Índios;Região Hidrográfica do PARANÁ;CBH do Baixo Iguaçu;Estadual;;;;;Operação;17-AUG-73;-25,94733;-52,37367;ótima;2021-01-19;0;0;2021,0;1,5;Fundacao;0,002;Original;5;24;0;5;13;18;4;18;47;Baixo;Medio;77,8;Bom;True;True;True;False;False;False;True;False;False;6;Media
22494;Massa d'Água #138360;;Irrigação;RS;EREBANGO;Não Classificado;Não Classificado;;;Agência Nacional de Águas e Saneamento Básico - ANA;;Não Classificada;;;Não;Não;;Não;;;;;;Sem Informação;;;;827922,0;Rio Cravo;Região Hidrográfica do URUGUAI;CBH de Passo Fundo;Estadual;;;;;;;-27,80433;-52,25542;mínima;2021-01-25;NoData;NoData;2021,0;;Sem_Dado;;Sem_Dado;3;31;0;5;13;18;1;16;54;Dados Insuficientes;Medio;33,3;Parcial;True;True;True;True;True;True;True;False;False;7;Alta
22495;Massa d'Água #138394;;Irrigação;BA;PRADO;Não Classificado;Não Classificado;;;Agência Nacional de Águas e Saneamento Básico - ANA;;Não Classificada;;;Não;Não;;Não;;;;;;Sem Informação;;;;779192,0;Rio Corumbaú;Região Hidrográfica ATLÂNTICO LESTE;CBH dos Rios Frades, Buranhém e Santo Antônio;Estadual;;;;;;;-16,92236;-39,38733;mínima;2021-01-25;NoData;NoData;2021,0;;Sem_Dado;;Sem_Dado;3;31;0;5;13;18;1;16;54;Dados Insuficientes;Medio;33,3;Parcial;True;True;True;True;True;True;True;False;False;7;Alta
22500;Massa d'Água #139738;;Irrigação;MT;ALTO BOA VISTA;Não Classificado;Não Classificado;;;Agência Nacional de Águas e Saneamento Básico - ANA;;Não Classificada;;;Não;Não;;Não;;;;;;Sem Informação;;;;4254,0;Rio Comandante Fontoura;Região Hidrográfica AMAZÔNICA;;Estadual;;;;;;;-11,74194;-51,80542;mínima;2021-01-25;NoData;NoData;2021,0;;Sem_Dado;;Sem_Dado;3;31;0;5;13;18;1;16;54;Dados Insuficientes;Medio;33,3;Parcial;True;True;True;True;True;True;True;False;False;7;Alta
20991;Barragem São Expedito;Barragem da Fazenda Santo Expedito;Irrigação;CE;UBAJARA;Não Classificado;Não Classificado;THEODORO JACOB SWART;Pessoa Física;Agência Nacional de Águas e Saneamento Básico - ANA;02501.001663/2025-92;Não Classificada;;;Não;Não;;Não;;;;;0,0;Sem Informação;;;;7414262,0;Rio Jaburu;Região Hidrográfica do PARNAÍBA;Parnaíba;Federal;;;;;;;-3,88225;-41,01047;mínima;2020-07-01;NoData;NoData;2020,0;;Sem_Dado;;Sem_Dado;3;31;0;5;13;18;1;16;54;Dados Insuficientes;Medio;44,4;Parcial;True;True;True;True;True;True;True;False;False;7;Alta
20999;Estância Maristela - Barragem 02;;Irrigação;MT;PORTO ESPERIDIÃO;Não Classificado;Não Classificado;COMETA INVESTIMENTOS E AGROPECUÁRIA S/A;;Agência Nacional de Águas e Saneamento Básico - ANA;02501.002554/2024-10;Não Classificada;;;Não;Não;;Não;;;;;0,0;Sem Informação;;;;89868,0;Vazante do Corixinho;Região Hidrográfica do PARAGUAI;;Federal;;;;;Operação;2020-07-01 00:00:00;-16,13133;-58,96325;mínima;2020-07-01;0;0;2020,0;;Sem_Dado;;Sem_Dado;6;30;0;5;13;18;2;19;53;Dados Insuficientes;Medio;44,4;Parcial;True;True;True;True;True;True;True;False;False;7;Alta
21000;Estância Maristela - Barragem 03;;Irrigação;MT;PORTO ESPERIDIÃO;Não Classificado;Não Classificado;COMETA INVESTIMENTOS E AGROPECUÁRIA S/A;;Agência Nacional de Águas e Saneamento Básico - ANA;02501.002555/2024-56;Não Classificada;;;Não;Não;;Não;;;;;0,0;Sem Informação;;;;89868,0;Vazante do Corixinho;Região Hidrográfica do PARAGUAI;;Federal;;;;;Operação;2020-07-01 00:00:00;-16,12292;-58,9695;mínima;2020-07-01;0;0;2020,0;;Sem_Dado;;Sem_Dado;6;30;0;5;13;18;2;19;53;Dados Insuficientes;Medio;44,4;Parcial;True;True;True;True;True;True;True;False;False;7;Alta
21002;Sítio Santa Helena;;Irrigação;MT;RONDOLÂNDIA;Não Classificado;Não Classificado;CLAUDENICE CARDOSO;Pessoa Física;Agência Nacional de Águas e Saneamento Básico - ANA;;Não Classificada;;;Não;Não;;Não;0,0;0,0;0,0;;0,0;Sem Informação;;;;4624494,0;Igarapé Cajueiro;Região Hidrográfica AMAZÔNICA;;Federal;;;;;Operação;2020-07-01 00:00:00;-10,89425;-61,51478;mínima;2020-07-01;NoData;NoData;2020,0;0,0;Fundacao;0,0;Original;6;26;0;5;13;18;3;19;49;Baixo;Medio;66,7;Bom;True;True;True;False;False;True;True;False;False;6;Media
21003;Gleba Barranqueira XIII;;Irrigação;MT;CÁCERES;Não Classificado;Não Classificado;Instituto Nacional de Colonização e Reforma Agrária - INCRA - MT;;Agência Nacional de Águas e Saneamento Básico - ANA;;Não Classificada;;;Não;Não;;Não;0,0;0,0;0,0;;0,0;Sem Informação;;;;898644,0;Córrego Acorizinho;Região Hidrográfica do PARAGUAI;;Federal;;;;;Operação;2020-07-01 00:00:00;-16,30475;-58,62389;mínima;2020-07-01;NoData;NoData;2020,0;0,0;Fundacao;0,0;Original;6;26;0;5;13;18;3;19;49;Baixo;Medio;66,7;Bom;True;True;True;False;False;True;True;False;False;6;Media
22189;Massa d'Água #26447;;Irrigação;PB;BELÉM DO BREJO DO CRUZ;Não Classificado;Não Classificado;;;Agência Nacional de Águas e Saneamento Básico - ANA;;Não Classificada;;;Não;Não;;Não;;;;;;Sem Informação;;;;75619794,0;Córrego da Cachoeirinha;Região Hidrográfica ATLÂNTICO NORDESTE ORIENTAL;Piranhas-Açu;Federal;;;;;;;-6,16331;-37,17869;mínima;2020-12-29;NoData;NoData;2020,0;;Sem_Dado;;Sem_Dado;3;31;0;5;13;18;1;16;54;Dados Insuficientes;Medio;33,3;Parcial;True;True;True;True;True;True;True;False;False;7;Alta
22274;Massa d'Água #73451;;Irrigação;ES;CONCEIÇÃO DA BARRA;Não Classificado;Não Classificado;;;Agência Nacional de Águas e Saneamento Básico - ANA;;Não Classificada;;;Não;Não;;Não;;;;;;Sem Informação;;;;77978322,0;Córrego Água Preta;Região Hidrográfica ATLÂNTICO LESTE;CBH do Rio Itaúnas;Federal;;;;;;;-18,19519;-39,89531;mínima;2021-01-11;NoData;NoData;2021,0;;Sem_Dado;;Sem_Dado;3;31;0;5;13;18;1;16;54;Dados Insuficientes;Medio;33,3;Parcial;True;True;True;True;True;True;True;False;False;7;Alta
22329;Massa d'Água #84955;;Irrigação;BA;ILHÉUS;Não Classificado;Não Classificado;;;Agência Nacional de Águas e Saneamento Básico - ANA;;Não Classificada;;;Não;Não;;Não;;;;;;Sem Informação;;;;77754,0;Rio Aguípe;Região Hidrográfica ATLÂNTICO LESTE;CBH do Leste;Estadual;;;;;;;-14,97314;-39,08692;mínima;2021-01-18;NoData;NoData;2021,0;;Sem_Dado;;Sem_Dado;3;31;0;5;13;18;1;16;54;Dados Insuficientes;Medio;33,3;Parcial;True;True;True;True;True;True;True;False;False;7;Alta
21013;Gleba Tarumã;;Irrigação;MT;VILA BELA DA SANTÍSSIMA TRINDADE;Não Classificado;Não Classificado;Instituto Nacional de Colonização e Reforma Agrária - INCRA - MT;;Agência Nacional de Águas e Saneamento Básico - ANA;;Não Classificada;;;Não;Não;;Não;0,0;0,0;0,0;;0,0;Sem Informação;;;;898928,0;Córrego Água Branca;Região Hidrográfica do PARAGUAI;;Estadual;;;;;Operação;2020-07-01 00:00:00;-16,19192;-59,54008;mínima;2020-07-01;NoData;NoData;2020,0;0,0;Fundacao;0,0;Original;6;26;0;5;13;18;3;19;49;Baixo;Medio;66,7;Bom;True;True;True;False;False;True;True;False;False;6;Media
23508;Fazenda Dois Corações ;Massa d'Água #186937;Dessedentação Animal;RN;OURO BRANCO;Alto;Médio;Departamento de Estradas de Rodagem do Rio Grande do Norte;Autarquias - Público;Agência Nacional de Águas e Saneamento Básico - ANA;02501.010087/2025-74;Sim;112/2025/SRB-ANA-SEI;;Não;Não;;Não;3,0;3,0;0,119;435,0;;Terra;;B;;7562482,0;Riacho Santa Maria;Região Hidrográfica ATLÂNTICO NORDESTE ORIENTAL;Piranhas-Açu;Federal;;;;Não;Operação;1986-01-01 00:00:00;-6,68597;-36,90486;boa;2021-02-10;NoData;NoData;2021,0;3,0;Fundacao;0,119;Original;7;22;0;5;13;18;4;20;45;Baixo;Medio;77,8;Bom;True;True;True;False;False;False;True;True;False;8;Alta
23822;Massa d'Água #242547;;Irrigação;DF;BRASÍLIA;Não Classificado;Não Classificado;;;Agência Nacional de Águas e Saneamento Básico - ANA;;Não Classificada;;;Não;Não;;Não;;;;;;Sem Informação;;;;86,0;SEM NOME;Região Hidrográfica do PARANÁ;Paranaíba;Federal;;;;;;;-15,99556;-47,58569;mínima;2021-02-23;NoData;NoData;2021,0;;Sem_Dado;;Sem_Dado;3;31;0;5;13;18;1;16;54;Dados Insuficientes;Medio;33,3;Parcial;True;True;True;True;True;True;True;False;False;7;Alta
23831;Massa d'Água #243532;;Irrigação;ES;PEDRO CANÁRIO;Não Classificado;Não Classificado;;;Agência Nacional de Águas e Saneamento Básico - ANA;;Não Classificada;;;Não;Não;;Não;;;;;;Sem Informação;;;;7797872,0;Córrego do Engano;Região Hidrográfica ATLÂNTICO LESTE;CBH do Rio Itaúnas;Federal;;;;;;;-18,10431;-40,06586;mínima;2021-02-23;NoData;NoData;2021,0;;Sem_Dado;;Sem_Dado;3;31;0;5;13;18;1;16;54;Dados Insuficientes;Medio;33,3;Parcial;True;True;True;True;True;True;True;False;False;7;Alta
23787;Massa d'Água #233833;;Irrigação;MS;CAARAPÓ;Não Classificado;Não Classificado;;;Agência Nacional de Águas e Saneamento Básico - ANA;;Não Classificada;;;Não;Não;;Não;;;;;;Sem Informação;;;;86344,0;Rio Piratinim;Região Hidrográfica do PARANÁ;;Federal;;;;;;;-22,70881;-54,98497;mínima;2021-02-17;NoData;NoData;2021,0;;Sem_Dado;;Sem_Dado;3;31;0;5;13;18;1;16;54;Dados Insuficientes;Medio;33,3;Parcial;True;True;True;True;True;True;True;False;False;7;Alta
23793;Massa d'Água #235051;;Irrigação;BA;PRADO;Não Classificado;Não Classificado;;;Agência Nacional de Águas e Saneamento Básico - ANA;;Não Classificada;;;Não;Não;;Não;;;;;;Sem Informação;;;;7791942,0;Córrego Palmares;Região Hidrográfica ATLÂNTICO LESTE;CBH dos Rios Frades, Buranhém e Santo Antônio;Estadual;;;;;;;-16,93358;-39,38569;mínima;2021-02-17;NoData;NoData;2021,0;;Sem_Dado;;Sem_Dado;3;31;0;5;13;18;1;16;54;Dados Insuficientes;Medio;33,3;Parcial;True;True;True;True;True;True;True;False;False;7;Alta
20938;Fazenda Progresso;;Irrigação;ES;PEDRO CANÁRIO;Não Classificado;Não Classificado;Marcelo Abreu de Souza;Pessoa Física;Agência Nacional de Águas e Saneamento Básico - ANA;;Não Classificada;;;Não;Não;;Não;0,0;0,0;0,0;;0,0;Sem Informação;;;;7797872,0;Córrego do Engano;Região Hidrográfica ATLÂNTICO LESTE;CBH do Rio Itaúnas;Federal;;;;;Operação;2020-06-30 00:00:00;-18,15433;-40,04661;mínima;2020-06-30;NoData;NoData;2020,0;0,0;Fundacao;0,0;Original;6;26;0;5;13;18;3;19;49;Baixo;Medio;66,7;Bom;True;True;True;False;False;True;True;False;False;6;Media
22502;Massa d'Água #140018;;Irrigação;MT;ALTO BOA VISTA;Não Classificado;Não Classificado;;;Agência Nacional de Águas e Saneamento Básico - ANA;;Não Classificada;;;Não;Não;;Não;;;;;;Sem Informação;;;;4254992,0;SEM NOME;Região Hidrográfica AMAZÔNICA;;Estadual;;;;;;;-11,7655;-51,83181;mínima;2021-01-25;0;0;2021,0;;Sem_Dado;;Sem_Dado;3;31;0;5;13;18;1;16;54;Dados Insuficientes;Medio;33,3;Parcial;True;True;True;True;True;True;True;False;False;7;Alta
22503;Massa d'Água #140377;;Irrigação;MT;PONTES E LACERDA;Não Classificado;Não Classificado;;;Agência Nacional de Águas e Saneamento Básico - ANA;;Não Classificada;;;Não;Não;;Não;;;;;;Sem Informação;;;;46998,0;Rio Barbado;Região Hidrográfica AMAZÔNICA;;Estadual;;;;;;;-16,14553;-59,50458;mínima;2021-01-25;NoData;NoData;2021,0;;Sem_Dado;;Sem_Dado;3;31;0;5;13;18;1;16;54;Dados Insuficientes;Medio;33,3;Parcial;True;True;True;True;True;True;True;False;False;7;Alta
20859;Fazenda Pouso Frio - Barragem 01;;Irrigação;MS;CHAPADÃO DO SUL;Não Classificado;Não Classificado;José Ronaldo Xavier Machado;Pessoa Física;Agência Nacional de Águas e Saneamento Básico - ANA;;Não Classificada;;;Não;Não;;Não;;;;;0,0;Sem Informação;;;;869126,0;Rio Aporé ou do Peixe;Região Hidrográfica do PARANÁ;Paranaíba;Federal;;;;;Operação;2020-06-26 00:00:00;-18,664;-52,8825;mínima;2020-06-26;NoData;NoData;2020,0;;Sem_Dado;;Sem_Dado;6;30;0;5;13;18;2;19;53;Dados Insuficientes;Medio;44,4;Parcial;True;True;True;True;True;True;True;False;False;7;Alta
20866;Fazenda São Bartolomeu - Barragem 02;;Irrigação;PB;SANTA LUZIA;Não Classificado;Não Classificado;Expedito Nóbrega de Medeiros;Pessoa Física;Agência Nacional de Águas e Saneamento Básico - ANA;;Não Classificada;;;Não;Não;;Não;;;;;0,0;Sem Informação;;;;75624922,0;SEM NOME;Região Hidrográfica ATLÂNTICO NORDESTE ORIENTAL;Piranhas-Açu;Federal;;;;;Operação;2020-06-26 00:00:00;-6,7805;-36,92064;mínima;2020-06-26;NoData;NoData;2020,0;;Sem_Dado;;Sem_Dado;6;30;0;5;13;18;2;19;53;Dados Insuficientes;Medio;44,4;Parcial;True;True;True;True;True;True;True;False;False;7;Alta
20981;Estância e Cabanha Peñarol - Barragem 01;;Irrigação;RS;ACEGUÁ;Não Classificado;Não Classificado;Carolina Elene Suñé Bonfada;Pessoa Física;Agência Nacional de Águas e Saneamento Básico - ANA;;Não Classificada;;;Não;Não;;Não;;;;;0,0;Sem Informação;;;;82269124,0;Arroio São Miguel;Região Hidrográfica ATLÂNTICO SUL;CBH da Lagoa Mirim e Canal São Gonçalo;Federal;;;;;Operação;2020-07-01 00:00:00;-31,79228;-54,22064;mínima;2020-07-01;NoData;NoData;2020,0;;Sem_Dado;;Sem_Dado;6;30;0;5;13;18;2;19;53;Dados Insuficientes;Medio;44,4;Parcial;True;True;True;True;True;True;True;False;False;7;Alta
22258;Massa d'Água #69644;;Irrigação;MS;PARANHOS;Não Classificado;Não Classificado;;;Agência Nacional de Águas e Saneamento Básico - ANA;;Não Classificada;;;Não;Não;;Não;;;;;;Sem Informação;;;;8633293512,0;Córrego Ipoí;Região Hidrográfica do PARANÁ;;Federal;;;;;;;-23,74169;-55,43058;mínima;2021-01-06;NoData;NoData;2021,0;;Sem_Dado;;Sem_Dado;3;31;0;5;13;18;1;16;54;Dados Insuficientes;Medio;33,3;Parcial;True;True;True;True;True;True;True;False;False;7;Alta
22522;Massa d'Água #145266;;Irrigação;MS;SETE QUEDAS;Não Classificado;Não Classificado;;;Agência Nacional de Águas e Saneamento Básico - ANA;;Não Classificada;;;Não;Não;;Não;;;;;;Sem Informação;;;;86332,0;Rio Iguatemi;Região Hidrográfica do PARANÁ;;Estadual;;;;;;;-23,80236;-54,77814;mínima;2021-01-26;NoData;NoData;2021,0;;Sem_Dado;;Sem_Dado;3;31;0;5;13;18;1;16;54;Dados Insuficientes;Medio;33,3;Parcial;True;True;True;True;True;True;True;False;False;7;Alta
22530;Massa d'Água #146837;;Irrigação;MS;LAGUNA CARAPÃ;Não Classificado;Não Classificado;;;Agência Nacional de Águas e Saneamento Básico - ANA;;Não Classificada;;;Não;Não;;Não;;;;;;Sem Informação;;;;86344,0;Rio Piratinim;Região Hidrográfica do PARANÁ;;Federal;;;;;;;-22,85561;-54,84461;mínima;2021-01-26;NoData;NoData;2021,0;;Sem_Dado;;Sem_Dado;3;31;0;5;13;18;1;16;54;Dados Insuficientes;Medio;33,3;Parcial;True;True;True;True;True;True;True;False;False;7;Alta
20886;Sítio Desafogado;;Irrigação;PB;SÃO JOSÉ DO SABUGI;Não Classificado;Não Classificado;José Neves de Assis;Pessoa Física;Agência Nacional de Águas e Saneamento Básico - ANA;;Não Classificada;;;Não;Não;;Não;0,0;0,0;0,0;;0,0;Sem Informação;;;;756248,0;Riacho da Serra;Região Hidrográfica ATLÂNTICO NORDESTE ORIENTAL;Piranhas-Açu;Federal;;;;;Operação;2020-06-27 00:00:00;-6,82375;-36,85831;mínima;2020-06-27;NoData;NoData;2020,0;0,0;Fundacao;0,0;Original;6;26;0;5;13;18;3;19;49;Baixo;Medio;66,7;Bom;True;True;True;False;False;True;True;False;False;6;Media
20893;Sítio Poço do Salão;;Irrigação;PB;VÁRZEA;Não Classificado;Não Classificado;Francisco Leão de Medeiros;Pessoa Física;Agência Nacional de Águas e Saneamento Básico - ANA;;Não Classificada;;;Não;Não;;Não;0,0;0,0;0,0;;0,0;Sem Informação;;;;75622422,0;Riacho da Caiçara;Região Hidrográfica ATLÂNTICO NORDESTE ORIENTAL;Piranhas-Açu;Federal;;;;;Operação;2020-06-29 00:00:00;-6,80178;-37,10158;mínima;2020-06-29;NoData;NoData;2020,0;0,0;Fundacao;0,0;Original;6;26;0;5;13;18;3;19;49;Baixo;Medio;66,7;Bom;True;True;True;False;False;True;True;False;False;6;Media
20912;Fazenda Corcovado;;Irrigação;MG;SÃO SEBASTIÃO DO PARAÍSO;Não Classificado;Não Classificado;Adriana Venancio de Paiva Rossi;Pessoa Física;Agência Nacional de Águas e Saneamento Básico - ANA;;Não Classificada;;;Não;Não;;Não;0,0;0,0;0,0;;0,0;Sem Informação;;;;8686962,0;Córrego da Cachoeira e Córrego Rocinha;Região Hidrográfica do PARANÁ;Grande;Federal;;;;;Operação;2020-06-29 00:00:00;-20,99075;-47,06111;mínima;2020-06-29;NoData;NoData;2020,0;0,0;Fundacao;0,0;Original;6;26;0;5;13;18;3;19;49;Baixo;Medio;66,7;Bom;True;True;True;False;False;True;True;False;False;6;Media
20919;Fazenda Serra;;Dessedentação Animal;MG;CAPITÓLIO;Não se Aplica;Baixo;Carlos Antônio Hostalácio;Pessoa Física;Agência Nacional de Águas e Saneamento Básico - ANA;;Não;;;Não;Não;;Não;2,0;2,0;0,01;0,0;0,0;Terra;Abastecimento humano;;;8687996,0;Córrego da Serra;Região Hidrográfica do PARANÁ;Grande;Estadual;;;;;Operação;2020-06-29 00:00:00;-20,52703;-46,25133;baixa;2020-06-29;0;0;2020,0;2,0;Fundacao;0,01;Original;8;23;0;5;13;18;4;21;46;Baixo;Medio;77,8;Bom;True;True;True;False;False;False;True;False;False;6;Media
20922;Fazenda Santo Inácio;Gleba Iquê;Irrigação;RO;VILHENA;Não se Aplica;Baixo;Orlando Vitorio Bagattoli;Pessoa Física;Agência Nacional de Águas e Saneamento Básico - ANA;02501.001607/2025-58;Não Classificada;49/2025/SRB-ANA-SEI;;Não;Não;;Não;7,0;7,0;0,222;;0,0;Sem Informação;;;;44966,0;Rio Iquê;Região Hidrográfica AMAZÔNICA;;Federal;;;;Não;Operação;2020-06-29 00:00:00;-12,53197;-59,98575;ótima;2020-06-29;NoData;NoData;2020,0;7,0;Fundacao;0,222;Original;6;26;0;5;13;18;3;19;49;Baixo;Medio;66,7;Bom;True;True;True;False;False;True;True;False;False;6;Media
20924;Gleba Iquê;;Irrigação;RO;VILHENA;Não Classificado;Não Classificado;Instituto Nacional de Colonização e Reforma Agrária - INCRA - RO;;Agência Nacional de Águas e Saneamento Básico - ANA;;Não Classificada;;;Não;Não;;Não;;;;;0,0;Sem Informação;;;;44966,0;Rio Iquê;Região Hidrográfica AMAZÔNICA;;Federal;;;;;Operação;2020-06-29 00:00:00;-12,62692;-60,06714;mínima;2020-06-29;0;0;2020,0;;Sem_Dado;;Sem_Dado;6;30;0;5;13;18;2;19;53;Dados Insuficientes;Medio;44,4;Parcial;True;True;True;True;True;True;True;False;False;7;Alta
20927;Lote 178 Gleba Corumbiara;;Irrigação;RO;VILHENA;Não Classificado;Não Classificado;Arlindo Ribeiro Soares;Pessoa Física;Agência Nacional de Águas e Saneamento Básico - ANA;;Não Classificada;;;Não;Não;;Não;;;;;0,0;Sem Informação;;;;44966,0;Rio Iquê;Região Hidrográfica AMAZÔNICA;;Federal;;;;;Operação;2020-06-29 00:00:00;-12,63536;-60,063;mínima;2020-06-29;NoData;NoData;2020,0;;Sem_Dado;;Sem_Dado;6;30;0;5;13;18;2;19;53;Dados Insuficientes;Medio;44,4;Parcial;True;True;True;True;True;True;True;False;False;7;Alta
20282;Pedra d'Água;;Abastecimento humano;PE;PESQUEIRA;Alto;Alto;Companhia Pernambucana de Saneamento - COMPESA;Sociedades de Economia Mista - Público - Privado;Agência Nacional de Águas e Saneamento Básico - ANA;486;Sim;;Sim;Sim;Não;2025-09-24;Não;8,0;8,0;0,4;81,0;;Alvenaria;;;;76114,0;Rio Ipanema;Região Hidrográfica do SÃO FRANCISCO;São Francisco;Estadual;2025-11-11;Regular;Atenção;;Operação;2000-01-01 00:00:00;-8,33994;-36,69644;baixa;2020-04-17;0;0;2020,0;8,0;Fundacao;0,4;Original;6;21;4;4;5;5;4;15;30;Baixo;Baixo;100,0;Completo;False;False;True;False;False;False;False;True;True;6;Media
23571;Massa d'Água #190976;;Irrigação;MS;AQUIDAUANA;Não Classificado;Não Classificado;;;Agência Nacional de Águas e Saneamento Básico - ANA;;Não Classificada;;;Não;Não;;Não;;;;;;Sem Informação;;;;8952446,0;SEM NOME;Região Hidrográfica do PARAGUAI;CBH do Rio Miranda;Estadual;;;;;;;-20,30111;-56,06825;mínima;2021-02-11;NoData;NoData;2021,0;;Sem_Dado;;Sem_Dado;3;31;0;5;13;18;1;16;54;Dados Insuficientes;Medio;33,3;Parcial;True;True;True;True;True;True;True;False;False;7;Alta
23847;Massa d'Água #243709;;Irrigação;TO;NOVO ALEGRE;Não Classificado;Não Classificado;;;Agência Nacional de Águas e Saneamento Básico - ANA;;Não Classificada;;;Não;Não;;Não;;;;;;Sem Informação;;;;6462946,0;Ribeirão Cachoeira;Região Hidrográfica do TOCANTINS-ARAGUAIA;;Federal;;;;;;;-12,95419;-46,58325;mínima;2021-02-25;NoData;NoData;2021,0;;Sem_Dado;;Sem_Dado;3;31;0;5;13;18;1;16;54;Dados Insuficientes;Medio;33,3;Parcial;True;True;True;True;True;True;True;False;False;7;Alta
22625;Massa d'Água #163895;;Irrigação;RS;PLANALTO;Não Classificado;Não Classificado;;;Agência Nacional de Águas e Saneamento Básico - ANA;;Não Classificada;;;Não;Não;;Não;;;;;;Sem Informação;;;;82772,0;Rio do Mel;Região Hidrográfica do URUGUAI;CBH do Várzea;Federal;;;;;;;-27,34903;-53,02883;mínima;2021-01-28;NoData;NoData;2021,0;;Sem_Dado;;Sem_Dado;3;31;0;5;13;18;1;16;54;Dados Insuficientes;Medio;33,3;Parcial;True;True;True;True;True;True;True;False;False;7;Alta
22550;Massa d'Água #150094;;Irrigação;ES;ARACRUZ;Não Classificado;Não Classificado;;;Agência Nacional de Águas e Saneamento Básico - ANA;;Não Classificada;;;Não;Não;;Não;;;;;;Sem Informação;;;;791136,0;Córrego Destacamento;Região Hidrográfica ATLÂNTICO SUDESTE;CBH das Bacias Hidrográficas Costeiras do Litoral Centro-Norte;Estadual;;;;;;;-19,90031;-40,19178;mínima;2021-01-27;NoData;NoData;2021,0;;Sem_Dado;;Sem_Dado;3;31;0;5;13;18;1;16;54;Dados Insuficientes;Medio;33,3;Parcial;True;True;True;True;True;True;True;False;False;7;Alta
22551;Massa d'Água #150115;;Irrigação;MT;ALTO BOA VISTA;Não Classificado;Não Classificado;;;Agência Nacional de Águas e Saneamento Básico - ANA;;Não Classificada;;;Não;Não;;Não;;;;;;Sem Informação;;;;6822,0;SEM NOME;Região Hidrográfica do TOCANTINS-ARAGUAIA;;Estadual;;;;;;;-11,86369;-51,67261;mínima;2021-01-27;NoData;NoData;2021,0;;Sem_Dado;;Sem_Dado;3;31;0;5;13;18;1;16;54;Dados Insuficientes;Medio;33,3;Parcial;True;True;True;True;True;True;True;False;False;7;Alta
22523;Massa d'Água #145273;;Irrigação;MS;IGUATEMI;Não Classificado;Não Classificado;;;Agência Nacional de Águas e Saneamento Básico - ANA;;Não Classificada;;;Não;Não;;Não;;;;;;Sem Informação;;;;86332232,0;Córrego Ipané;Região Hidrográfica do PARANÁ;;Federal;;;;;;;-23,48461;-54,72122;mínima;2021-01-26;NoData;NoData;2021,0;;Sem_Dado;;Sem_Dado;3;31;0;5;13;18;1;16;54;Dados Insuficientes;Medio;33,3;Parcial;True;True;True;True;True;True;True;False;False;7;Alta
22172;Açude São João;;Irrigação;CE;CAUCAIA;Não Classificado;Não Classificado;;;Agência Nacional de Águas e Saneamento Básico - ANA;;Não Classificada;;;Não;Não;;Não;;;;;;Sem Informação;;;;75174536,0;SEM NOME;Região Hidrográfica ATLÂNTICO NORDESTE ORIENTAL;CBH da Região Metropolitana de Fortaleza;Federal;;;;;;;-3,78311;-38,71406;mínima;2020-12-28;NoData;NoData;2020,0;;Sem_Dado;;Sem_Dado;3;31;0;5;13;18;1;16;54;Dados Insuficientes;Medio;33,3;Parcial;True;True;True;True;True;True;True;False;False;7;Alta
23600;Massa d'Água #201014;;Irrigação;MT;ALTO BOA VISTA;Não Classificado;Não Classificado;;;Agência Nacional de Águas e Saneamento Básico - ANA;;Não Classificada;;;Não;Não;;Não;;;;;;Sem Informação;;;;6822,0;SEM NOME;Região Hidrográfica do TOCANTINS-ARAGUAIA;;Estadual;;;;;;;-11,92508;-51,69447;mínima;2021-02-11;NoData;NoData;2021,0;;Sem_Dado;;Sem_Dado;3;31;0;5;13;18;1;16;54;Dados Insuficientes;Medio;33,3;Parcial;True;True;True;True;True;True;True;False;False;7;Alta
20920;Sítio Três Lagos;;Irrigação;MG;MONTE SIÃO;Não Classificado;Não Classificado;Mariana Lopes da costa;Pessoa Física;Agência Nacional de Águas e Saneamento Básico - ANA;;Não Classificada;;;Não;Não;;Não;0,0;0,0;0,0;;0,0;Sem Informação;;;;86848392,0;Córrego do Sertãozinho e Ribeirão dos Cardosos;Região Hidrográfica do PARANÁ;Grande;Federal;;;;;Operação;2020-06-29 00:00:00;-22,45919;-46,51628;mínima;2020-06-29;NoData;NoData;2020,0;0,0;Fundacao;0,0;Original;6;26;0;5;13;18;3;19;49;Baixo;Medio;66,7;Bom;True;True;True;False;False;True;True;False;False;6;Media
20921;Barragem Canchim Água Verde;Fazenda Água Verde;Dessedentação Animal;PR;IPIRANGA;Não se Aplica;Baixo;Nilson de Paula Xavier Marchioro;Pessoa Física;Agência Nacional de Águas e Saneamento Básico - ANA;02501.004312/2024-52;Não;;;Não;Não;;Não;1,5;1,5;0,006;51,0;0,0;Terra;Paisagismo;;;86428,0;Rio Imbituva;Região Hidrográfica do PARANÁ;Paranapanema;Federal;;;;;Operação;1976-01-01 00:00:00;-25,16178;-50,45081;baixa;2020-06-29;0;0.006;2020,0;1,5;Fundacao;0,006;Original;6;21;0;5;13;18;4;19;44;Baixo;Medio;77,8;Bom;True;True;True;False;False;False;True;False;False;6;Media
23806;Massa d'Água #236624;;Irrigação;MS;MIRANDA;Não Classificado;Não Classificado;;;Agência Nacional de Águas e Saneamento Básico - ANA;;Não Classificada;;;Não;Não;;Não;;;;;;Sem Informação;;;;8952324,0;Ribeirão Vinte e Dois;Região Hidrográfica do PARAGUAI;CBH do Rio Miranda;Estadual;;;;;;;-20,12864;-56,29358;mínima;2021-02-23;NoData;NoData;2021,0;;Sem_Dado;;Sem_Dado;3;31;0;5;13;18;1;16;54;Dados Insuficientes;Medio;33,3;Parcial;True;True;True;True;True;True;True;False;False;7;Alta
23813;Massa d'Água #240264;;Irrigação;MT;COMODORO;Não Classificado;Não Classificado;;;Agência Nacional de Águas e Saneamento Básico - ANA;;Não Classificada;;;Não;Não;;Não;;;;;;Sem Informação;;;;4699392,0;Córrego Piolho;Região Hidrográfica AMAZÔNICA;;Estadual;;;;;;;-13,93386;-59,74572;mínima;2021-02-23;NoData;NoData;2021,0;;Sem_Dado;;Sem_Dado;3;31;0;5;13;18;1;16;54;Dados Insuficientes;Medio;33,3;Parcial;True;True;True;True;True;True;True;False;False;7;Alta
22335;Massa d'Água #87134;;Irrigação;MT;BRASNORTE;Não Classificado;Não Classificado;;;Agência Nacional de Águas e Saneamento Básico - ANA;;Não Classificada;;;Não;Não;;Não;;;;;;Sem Informação;;;;4484,0;Rio Treze-de-maio;Região Hidrográfica AMAZÔNICA;;Estadual;;;;;;;-12,4425;-57,60761;mínima;2021-01-18;NoData;NoData;2021,0;;Sem_Dado;;Sem_Dado;3;31;0;5;13;18;1;16;54;Dados Insuficientes;Medio;33,3;Parcial;True;True;True;True;True;True;True;False;False;7;Alta
23402;Massa d'Água #174699;;Irrigação;RS;EREBANGO;Não Classificado;Não Classificado;;;Agência Nacional de Águas e Saneamento Básico - ANA;;Não Classificada;;;Não;Não;;Não;;;;;;Sem Informação;;;;827922,0;Rio Cravo;Região Hidrográfica do URUGUAI;CBH de Passo Fundo;Estadual;;;;;;;-27,78264;-52,28575;mínima;2021-02-09;NoData;NoData;2021,0;;Sem_Dado;;Sem_Dado;3;31;0;5;13;18;1;16;54;Dados Insuficientes;Medio;33,3;Parcial;True;True;True;True;True;True;True;False;False;7;Alta
23408;Massa d'Água #179457;;Irrigação;BA;ABARÉ;Não Classificado;Não Classificado;;;Agência Nacional de Águas e Saneamento Básico - ANA;;Não Classificada;;;Não;Não;;Não;;;;;;Sem Informação;;;;7613524,0;Riacho do Angico;Região Hidrográfica do SÃO FRANCISCO;São Francisco;Federal;;;;;;;-8,70853;-39,31317;mínima;2021-02-09;NoData;NoData;2021,0;;Sem_Dado;;Sem_Dado;3;31;0;5;13;18;1;16;54;Dados Insuficientes;Medio;33,3;Parcial;True;True;True;True;True;True;True;False;False;7;Alta
23409;Massa d'Água #179851;;Irrigação;RS;SÃO VALÉRIO DO SUL;Não Classificado;Não Classificado;;;Agência Nacional de Águas e Saneamento Básico - ANA;;Não Classificada;;;Não;Não;;Não;;;;;;Sem Informação;;;;8275244,0;Lajeado Trigo;Região Hidrográfica do URUGUAI;CBH dos Rios Turvo-Santa Rosa-Santo Cristo;Estadual;;;;;;;-27,83106;-53,88294;mínima;2021-02-09;NoData;NoData;2021,0;;Sem_Dado;;Sem_Dado;3;31;0;5;13;18;1;16;54;Dados Insuficientes;Medio;33,3;Parcial;True;True;True;True;True;True;True;False;False;7;Alta
22539;Massa d'Água #149061;;Irrigação;MT;BRASNORTE;Não Classificado;Não Classificado;;;Agência Nacional de Águas e Saneamento Básico - ANA;;Não Classificada;;;Não;Não;;Não;;;;;;Sem Informação;;;;448188,0;SEM NOME;Região Hidrográfica AMAZÔNICA;;Federal;;;;;;;-12,17336;-58,26469;mínima;2021-01-26;NoData;NoData;2021,0;;Sem_Dado;;Sem_Dado;3;31;0;5;13;18;1;16;54;Dados Insuficientes;Medio;33,3;Parcial;True;True;True;True;True;True;True;False;False;7;Alta
20281;Afetos;;Abastecimento humano;PE;PESQUEIRA;Alto;Alto;Companhia Pernambucana de Saneamento - COMPESA;Sociedades de Economia Mista - Público - Privado;Agência Nacional de Águas e Saneamento Básico - ANA;02501.004768/2021-70;Sim;;Sim;Sim;Não;2025-09-16;Não;16,0;16,0;1,1;137,5;0,0;Terra;;;;76114,0;Rio Ipanema;Região Hidrográfica do SÃO FRANCISCO;São Francisco;Estadual;2025-11-10;Regular;Atenção;Não;Operação;2000-01-01 00:00:00;-8,32372;-36,71158;baixa;2020-04-16;0;0;2020,0;16,0;Fundacao;1,1;Original;8;23;4;4;5;5;4;17;32;Baixo;Baixo;100,0;Completo;False;False;True;False;False;False;False;True;True;6;Media
23646;Massa d'Água #205134;;Irrigação;MT;BRASNORTE;Não Classificado;Não Classificado;;;Agência Nacional de Águas e Saneamento Básico - ANA;;Não Classificada;;;Não;Não;;Não;;;;;;Sem Informação;;;;4481882,0;SEM NOME;Região Hidrográfica AMAZÔNICA;;Federal;;;;;;;-12,19194;-58,16625;mínima;2021-02-12;NoData;NoData;2021,0;;Sem_Dado;;Sem_Dado;3;31;0;5;13;18;1;16;54;Dados Insuficientes;Medio;33,3;Parcial;True;True;True;True;True;True;True;False;False;7;Alta
23648;Massa d'Água #205737;;Irrigação;SC;VITOR MEIRELES;Não Classificado;Não Classificado;;;Agência Nacional de Águas e Saneamento Básico - ANA;;Não Classificada;;;Não;Não;;Não;;;;;;Sem Informação;;;;7954654,0;Rio Denek;Região Hidrográfica ATLÂNTICO SUL;CBH do Rio Itajaí;Estadual;;;;;;;-26,79631;-49,82603;mínima;2021-02-12;NoData;NoData;2021,0;;Sem_Dado;;Sem_Dado;3;31;0;5;13;18;1;16;54;Dados Insuficientes;Medio;33,3;Parcial;True;True;True;True;True;True;True;False;False;7;Alta
23656;Massa d'Água #207900;;Irrigação;MS;DOURADINA;Não Classificado;Não Classificado;;;Agência Nacional de Águas e Saneamento Básico - ANA;;Não Classificada;;;Não;Não;;Não;;;;;;Sem Informação;;;;8638772,0;Córrego Panambi;Região Hidrográfica do PARANÁ;CBH do Rio Ivinhema;Federal;;;;;;;-22,00189;-54,63206;mínima;2021-02-12;NoData;NoData;2021,0;;Sem_Dado;;Sem_Dado;3;31;0;5;13;18;1;16;54;Dados Insuficientes;Medio;33,3;Parcial;True;True;True;True;True;True;True;False;False;7;Alta
22190;Massa d'Água #26449;;Irrigação;RN;JARDIM DE PIRANHAS;Não Classificado;Não Classificado;;;Agência Nacional de Águas e Saneamento Básico - ANA;;Não Classificada;;;Não;Não;;Não;;;;;;Sem Informação;;;;75619794,0;Córrego da Cachoeirinha;Região Hidrográfica ATLÂNTICO NORDESTE ORIENTAL;Piranhas-Açu;Federal;;;;;;;-6,17517;-37,16417;mínima;2020-12-29;NoData;NoData;2020,0;;Sem_Dado;;Sem_Dado;3;31;0;5;13;18;1;16;54;Dados Insuficientes;Medio;33,3;Parcial;True;True;True;True;True;True;True;False;False;7;Alta
22437;Massa d'Água #118953;;Irrigação;MS;AQUIDAUANA;Não Classificado;Não Classificado;;;Agência Nacional de Águas e Saneamento Básico - ANA;;Não Classificada;;;Não;Não;;Não;;;;;;Sem Informação;;;;8952422,0;SEM NOME;Região Hidrográfica do PARAGUAI;CBH do Rio Miranda;Estadual;;;;;;;-20,21194;-56,08667;mínima;2021-01-21;NoData;NoData;2021,0;;Sem_Dado;;Sem_Dado;3;31;0;5;13;18;1;16;54;Dados Insuficientes;Medio;33,3;Parcial;True;True;True;True;True;True;True;False;False;7;Alta
22400;Massa d'Água #104548;;Irrigação;MS;LAGUNA CARAPÃ;Não Classificado;Não Classificado;;;Agência Nacional de Águas e Saneamento Básico - ANA;;Não Classificada;;;Não;Não;;Não;;;;;;Sem Informação;;;;86344,0;Rio Piratinim;Região Hidrográfica do PARANÁ;;Federal;;;;;;;-22,86183;-54,92958;mínima;2021-01-20;NoData;NoData;2021,0;;Sem_Dado;;Sem_Dado;3;31;0;5;13;18;1;16;54;Dados Insuficientes;Medio;33,3;Parcial;True;True;True;True;True;True;True;False;False;7;Alta
23857;Massa d'Água #243760;;Irrigação;BA;RIBEIRA DO AMPARO;Não Classificado;Não Classificado;;;Agência Nacional de Águas e Saneamento Básico - ANA;;Não Classificada;;;Não;Não;;Não;;;;;;Sem Informação;;;;7718,0;Rio Baixa do Tubarão;Região Hidrográfica ATLÂNTICO LESTE;;Federal;;;;;;;-10,83428;-38,27578;mínima;2021-02-25;NoData;NoData;2021,0;;Sem_Dado;;Sem_Dado;3;31;0;5;13;18;1;16;54;Dados Insuficientes;Medio;33,3;Parcial;True;True;True;True;True;True;True;False;False;7;Alta
23858;Massa d'Água #243761;;Irrigação;BA;TREMEDAL;Não Classificado;Não Classificado;;;Agência Nacional de Águas e Saneamento Básico - ANA;;Não Classificada;;;Não;Não;;Não;;;;;;Sem Informação;;;;77644,0;Ribeirão da Ressaca;Região Hidrográfica ATLÂNTICO LESTE;CBH do Rio de Contas;Federal;;;;;;;-15,11567;-41,46239;mínima;2021-02-25;NoData;NoData;2021,0;;Sem_Dado;;Sem_Dado;3;31;0;5;13;18;1;16;54;Dados Insuficientes;Medio;33,3;Parcial;True;True;True;True;True;True;True;False;False;7;Alta
23855;Massa d'Água #243742;;Irrigação;SE;CARIRA;Não Classificado;Não Classificado;;;Agência Nacional de Águas e Saneamento Básico - ANA;;Não Classificada;;;Não;Não;;Não;;;;;;Sem Informação;;;;771496,0;Riacho Melancia;Região Hidrográfica ATLÂNTICO LESTE;CBH do Rio Sergipe;Federal;;;;;;;-10,20456;-37,70525;mínima;2021-02-25;NoData;NoData;2021,0;;Sem_Dado;;Sem_Dado;3;31;0;5;13;18;1;16;54;Dados Insuficientes;Medio;33,3;Parcial;True;True;True;True;True;True;True;False;False;7;Alta
23860;Massa d'Água #243771;;Irrigação;BA;CÂNDIDO SALES;Não Classificado;Não Classificado;;;Agência Nacional de Águas e Saneamento Básico - ANA;;Não Classificada;;;Não;Não;;Não;;;;;;Sem Informação;;;;77786,0;Córrego Mangueira;Região Hidrográfica ATLÂNTICO LESTE;;Federal;;;;;;;-15,24756;-41,37881;mínima;2021-02-25;0;0;2021,0;;Sem_Dado;;Sem_Dado;3;31;0;5;13;18;1;16;54;Dados Insuficientes;Medio;33,3;Parcial;True;True;True;True;True;True;True;False;False;7;Alta
23866;Massa d'Água #243789;;Irrigação;BA;ENCRUZILHADA;Não Classificado;Não Classificado;;;Agência Nacional de Águas e Saneamento Básico - ANA;;Não Classificada;;;Não;Não;;Não;;;;;;Sem Informação;;;;77787166,0;Rio Mundo Novo;Região Hidrográfica ATLÂNTICO LESTE;;Federal;;;;;;;-15,69567;-41,296;mínima;2021-02-25;NoData;NoData;2021,0;;Sem_Dado;;Sem_Dado;3;31;0;5;13;18;1;16;54;Dados Insuficientes;Medio;33,3;Parcial;True;True;True;True;True;True;True;False;False;7;Alta
22445;Massa d'Água #120768;;Irrigação;BA;PORTO SEGURO;Não Classificado;Não Classificado;;;Agência Nacional de Águas e Saneamento Básico - ANA;;Não Classificada;;;Não;Não;;Não;;;;;;Sem Informação;;;;779152,0;Rio da Barra;Região Hidrográfica ATLÂNTICO LESTE;CBH dos Rios Frades, Buranhém e Santo Antônio;Estadual;;;;;;;-16,52158;-39,23047;mínima;2021-01-21;NoData;NoData;2021,0;;Sem_Dado;;Sem_Dado;3;31;0;5;13;18;1;16;54;Dados Insuficientes;Medio;33,3;Parcial;True;True;True;True;True;True;True;False;False;7;Alta
22460;Massa d'Água #126007;;Irrigação;SC;IPUAÇU;Não Classificado;Não Classificado;;;Agência Nacional de Águas e Saneamento Básico - ANA;;Não Classificada;;;Não;Não;;Não;;;;;;Sem Informação;;;;82786,0;Rio Chapecozinho;Região Hidrográfica do URUGUAI;CBH dos Rios Chapecó e Irani;Estadual;;;;;;;-26,71422;-52,45819;mínima;2021-01-22;NoData;NoData;2021,0;;Sem_Dado;;Sem_Dado;3;31;0;5;13;18;1;16;54;Dados Insuficientes;Medio;33,3;Parcial;True;True;True;True;True;True;True;False;False;7;Alta
22573;Massa d'Água #154746;;Irrigação;SC;ABELARDO LUZ;Não Classificado;Não Classificado;;;Agência Nacional de Águas e Saneamento Básico - ANA;;Não Classificada;;;Não;Não;;Não;;;;;;Sem Informação;;;;8278952,0;Rio Passo das Antas;Região Hidrográfica do URUGUAI;CBH dos Rios Chapecó e Irani;Estadual;;;;;;;-26,59858;-52,34806;mínima;2021-01-27;NoData;NoData;2021,0;;Sem_Dado;;Sem_Dado;3;31;0;5;13;18;1;16;54;Dados Insuficientes;Medio;33,3;Parcial;True;True;True;True;True;True;True;False;False;7;Alta
22600;Massa d'Água #155849;;Irrigação;MS;IGUATEMI;Não Classificado;Não Classificado;;;Agência Nacional de Águas e Saneamento Básico - ANA;;Não Classificada;;;Não;Não;;Não;;;;;;Sem Informação;;;;86332232,0;Córrego Costa Rica;Região Hidrográfica do PARANÁ;;Federal;;;;;;;-23,41367;-54,72297;mínima;2021-01-28;NoData;NoData;2021,0;;Sem_Dado;;Sem_Dado;3;31;0;5;13;18;1;16;54;Dados Insuficientes;Medio;33,3;Parcial;True;True;True;True;True;True;True;False;False;7;Alta
22602;Massa d'Água #156370;;Irrigação;BA;UNA;Não Classificado;Não Classificado;;;Agência Nacional de Águas e Saneamento Básico - ANA;;Não Classificada;;;Não;Não;;Não;;;;;;Sem Informação;;;;777542,0;Rio Mamão;Região Hidrográfica ATLÂNTICO LESTE;CBH do Leste;Estadual;;;;;;;-15,10414;-39,07;mínima;2021-01-28;NoData;NoData;2021,0;;Sem_Dado;;Sem_Dado;3;31;0;5;13;18;1;16;54;Dados Insuficientes;Medio;33,3;Parcial;True;True;True;True;True;True;True;False;False;7;Alta
22603;Massa d'Água #156735;;Irrigação;AL;PALMEIRA DOS ÍNDIOS;Não Classificado;Não Classificado;;;Agência Nacional de Águas e Saneamento Básico - ANA;;Não Classificada;;;Não;Não;;Não;;;;;;Sem Informação;;;;7599892,0;Rio Guedes;Região Hidrográfica ATLÂNTICO NORDESTE ORIENTAL;CBH do Rio Coruripe;Estadual;;;;;;;-9,37322;-36,59919;mínima;2021-01-28;NoData;NoData;2021,0;;Sem_Dado;;Sem_Dado;3;31;0;5;13;18;1;16;54;Dados Insuficientes;Medio;33,3;Parcial;True;True;True;True;True;True;True;False;False;7;Alta
22604;Massa d'Água #157159;;Irrigação;MS;IGUATEMI;Não Classificado;Não Classificado;;;Agência Nacional de Águas e Saneamento Básico - ANA;;Não Classificada;;;Não;Não;;Não;;;;;;Sem Informação;;;;86332232,0;Córrego Ipané;Região Hidrográfica do PARANÁ;;Federal;;;;;;;-23,43958;-54,7175;mínima;2021-01-28;NoData;NoData;2021,0;;Sem_Dado;;Sem_Dado;3;31;0;5;13;18;1;16;54;Dados Insuficientes;Medio;33,3;Parcial;True;True;True;True;True;True;True;False;False;7;Alta
23703;Massa d'Água #216764;;Irrigação;MS;PARANHOS;Não Classificado;Não Classificado;;;Agência Nacional de Águas e Saneamento Básico - ANA;;Não Classificada;;;Não;Não;;Não;;;;;;Sem Informação;;;;86332936,0;Córrego Pacuri;Região Hidrográfica do PARANÁ;;Estadual;;;;;;;-23,61769;-55,53264;mínima;2021-02-13;NoData;NoData;2021,0;;Sem_Dado;;Sem_Dado;3;31;0;5;13;18;1;16;54;Dados Insuficientes;Medio;33,3;Parcial;True;True;True;True;True;True;True;False;False;7;Alta
20791;Fazenda Pontual - Barragem 01;;Irrigação;BA;TREMEDAL;Não Classificado;Não Classificado;Webster Brito Araújo;Pessoa Física;Agência Nacional de Águas e Saneamento Básico - ANA;;Não Classificada;;;Não;Não;;Não;;;;;0,0;Sem Informação;;;;77786,0;Córrego Mangueira;Região Hidrográfica ATLÂNTICO LESTE;;Federal;;;;;Operação;2020-06-23 00:00:00;-15,2575;-41,40542;mínima;2020-06-23;NoData;NoData;2020,0;;Sem_Dado;;Sem_Dado;6;30;0;5;13;18;2;19;53;Dados Insuficientes;Medio;44,4;Parcial;True;True;True;True;True;True;True;False;False;7;Alta
20792;Fazenda Cristiano - Barragem 03;;Irrigação;BA;TREMEDAL;Não Classificado;Não Classificado;Wilson Ferraz da Silva;Pessoa Física;Agência Nacional de Águas e Saneamento Básico - ANA;;Não Classificada;;;Não;Não;;Não;;;;;0,0;Sem Informação;;;;77786,0;Córrego Mangueira;Região Hidrográfica ATLÂNTICO LESTE;;Federal;;;;;Operação;2020-06-23 00:00:00;-15,25747;-41,39994;mínima;2020-06-23;NoData;NoData;2020,0;;Sem_Dado;;Sem_Dado;6;30;0;5;13;18;2;19;53;Dados Insuficientes;Medio;44,4;Parcial;True;True;True;True;True;True;True;False;False;7;Alta
23881;Massa d'Água #243882;;Irrigação;RN;IPUEIRA;Não Classificado;Não Classificado;;;Agência Nacional de Águas e Saneamento Básico - ANA;;Não Classificada;;;Não;Não;;Não;;;;;;Sem Informação;;;;75622422,0;Riacho da Caiçara;Região Hidrográfica ATLÂNTICO NORDESTE ORIENTAL;Piranhas-Açu;Federal;;;;;;;-6,74936;-37,08308;mínima;2021-02-25;NoData;NoData;2021,0;;Sem_Dado;;Sem_Dado;3;31;0;5;13;18;1;16;54;Dados Insuficientes;Medio;33,3;Parcial;True;True;True;True;True;True;True;False;False;7;Alta
23785;Massa d'Água #233420;;Irrigação;BA;CÂNDIDO SALES;Não Classificado;Não Classificado;;;Agência Nacional de Águas e Saneamento Básico - ANA;;Não Classificada;;;Não;Não;;Não;;;;;;Sem Informação;;;;77786,0;Ribeirão do Salitre;Região Hidrográfica ATLÂNTICO LESTE;;Federal;;;;;;;-15,46078;-41,05894;mínima;2021-02-17;NoData;NoData;2021,0;;Sem_Dado;;Sem_Dado;3;31;0;5;13;18;1;16;54;Dados Insuficientes;Medio;33,3;Parcial;True;True;True;True;True;True;True;False;False;7;Alta
20813;Vila Capixaba - Barragem 02;;Irrigação;BA;MUCURI;Não Classificado;Não Classificado;Benito Miranda;Pessoa Física;Agência Nacional de Águas e Saneamento Básico - ANA;;Não Classificada;;;Não;Não;;Não;;;;;0,0;Sem Informação;;;;7797878,0;Córrego do Seis;Região Hidrográfica ATLÂNTICO LESTE;;Federal;;;;;Operação;2020-06-24 00:00:00;-17,96731;-40,18483;mínima;2020-06-24;NoData;NoData;2020,0;;Sem_Dado;;Sem_Dado;6;30;0;5;13;18;2;19;53;Dados Insuficientes;Medio;44,4;Parcial;True;True;True;True;True;True;True;False;False;7;Alta
20816;Fazenda Santa Terezinha;;Irrigação;BA;ENCRUZILHADA;Não Classificado;Não Classificado;Ailton Siqueira Ferro;Pessoa Física;Agência Nacional de Águas e Saneamento Básico - ANA;;Não Classificada;;;Não;Não;;Não;0,0;0,0;0,0;;0,0;Sem Informação;;;;7778716,0;Córrego do Mamoeiro;Região Hidrográfica ATLÂNTICO LESTE;;Federal;;;;;Operação;2020-06-24 00:00:00;-15,64611;-41,18531;mínima;2020-06-24;NoData;NoData;2020,0;0,0;Fundacao;0,0;Original;6;26;0;5;13;18;3;19;49;Baixo;Medio;66,7;Bom;True;True;True;False;False;True;True;False;False;6;Media
20819;Fazenda Andorinha - Barragem de Terra 4 ;;Irrigação;BA;MUCURI;Não se Aplica;Baixo;Henrique Machado Guimarães;Pessoa Física;Agência Nacional de Águas e Saneamento Básico - ANA;02501.004963/2023-61;Não;;;Não;Não;;Não;3,0;3,0;0,15;;0,0;Sem Informação;;;;7797846,0;Córrego da Cruz e Córrego da Samambaia;Região Hidrográfica ATLÂNTICO LESTE;;Federal;;;;;Operação;2020-06-24 00:00:00;-18,13583;-39,97803;baixa;2020-06-24;0;0;2020,0;3,0;Fundacao;0,15;Original;6;26;0;5;13;18;3;19;49;Baixo;Medio;66,7;Bom;True;True;True;False;False;True;True;False;False;6;Media
22425;Massa d'Água #112909;;Paisagismo;PR;CHOPINZINHO;Não se Aplica;Baixo;Fundação Nacional dos Povos Indígenas - FUNAI;Órgãos - Público;Agência Nacional de Águas e Saneamento Básico - ANA;02501.004367/2024-62;Não Classificada;19/2026/SRB-ANA-SEI;;Não;Não;;Não;1,5;1,5;0,004;;;Sem Informação;;;;862396,0;Rio Grande dos Índios;Região Hidrográfica do PARANÁ;CBH do Baixo Iguaçu;Estadual;;;;;;;-25,93833;-52,39689;ótima;2021-01-21;NoData;NoData;2021,0;1,5;Fundacao;0,004;Original;3;27;0;5;13;18;2;16;50;Dados Insuficientes;Medio;66,7;Bom;True;True;True;False;False;True;True;False;False;6;Media
22454;Massa d'Água #123583;;Irrigação;MS;IGUATEMI;Não Classificado;Não Classificado;;;Agência Nacional de Águas e Saneamento Básico - ANA;;Não Classificada;;;Não;Não;;Não;;;;;;Sem Informação;;;;86332232,0;Córrego Ipané;Região Hidrográfica do PARANÁ;;Federal;;;;;;;-23,45869;-54,72108;mínima;2021-01-22;NoData;NoData;2021,0;;Sem_Dado;;Sem_Dado;3;31;0;5;13;18;1;16;54;Dados Insuficientes;Medio;33,3;Parcial;True;True;True;True;True;True;True;False;False;7;Alta
21619;Isolado Leopoldina;;Abastecimento humano;MG;LEOPOLDINA;Alto;Médio;COMPANHIA DE SANEAMENTO DE MINAS GERAIS - COPASA;;Agência Nacional de Águas e Saneamento Básico - ANA;02501.001370/2024-24;Sim;;;Não;Não;;Não;3,3;3,3;0,022;;;Sem Informação;;B;;79274,0;Rio Pirapetinga;Região Hidrográfica ATLÂNTICO SUDESTE;Paraíba do Sul;Federal;;;;;Operação;2020-11-18 00:00:00;-21,59076;-42,68406;baixa;2020-11-18;0;0;2020,0;3,3;Fundacao;0,022;Original;6;26;0;5;13;18;3;19;49;Baixo;Medio;66,7;Bom;True;True;True;False;False;True;True;True;False;8;Alta
22629;Massa d'Água #164665;;Irrigação;RS;SÃO FRANCISCO DE PAULA;Não Classificado;Não Classificado;;;Agência Nacional de Águas e Saneamento Básico - ANA;;Não Classificada;;;Não;Não;;Não;;;;;;Sem Informação;;;;796298,0;Rio Rolante;Região Hidrográfica ATLÂNTICO SUL;CBH do Rio dos Sinos;Estadual;;;;;;;-29,42267;-50,38614;mínima;2021-01-28;NoData;NoData;2021,0;;Sem_Dado;;Sem_Dado;3;31;0;5;13;18;1;16;54;Dados Insuficientes;Medio;33,3;Parcial;True;True;True;True;True;True;True;False;False;7;Alta
23389;Massa d'Água #170070;;Irrigação;MS;CAARAPÓ;Não Classificado;Não Classificado;;;Agência Nacional de Águas e Saneamento Básico - ANA;;Não Classificada;;;Não;Não;;Não;;;;;;Sem Informação;;;;8638616,0;Córrego Bopei;Região Hidrográfica do PARANÁ;CBH do Rio Ivinhema;Federal;;;;;;;-22,54069;-54,92975;mínima;2021-02-09;NoData;NoData;2021,0;;Sem_Dado;;Sem_Dado;3;31;0;5;13;18;1;16;54;Dados Insuficientes;Medio;33,3;Parcial;True;True;True;True;True;True;True;False;False;7;Alta
23390;Massa d'Água #170248;;Irrigação;PE;SÃO JOÃO;Não Classificado;Não Classificado;;;Agência Nacional de Águas e Saneamento Básico - ANA;;Não Classificada;;;Não;Não;;Não;;;;;;Sem Informação;;;;75968,0;Riacho Mocambo;Região Hidrográfica ATLÂNTICO NORDESTE ORIENTAL;;Federal;;;;;;;-8,90492;-36,41942;mínima;2021-02-09;NoData;NoData;2021,0;;Sem_Dado;;Sem_Dado;3;31;0;5;13;18;1;16;54;Dados Insuficientes;Medio;33,3;Parcial;True;True;True;True;True;True;True;False;False;7;Alta
23392;Massa d'Água #171922;;Irrigação;AL;SÃO BRÁS;Não Classificado;Não Classificado;;;Agência Nacional de Águas e Saneamento Básico - ANA;;Não Classificada;;;Não;Não;;Não;;;;;;Sem Informação;;;;76111974,0;Rio Tibiri;Região Hidrográfica do SÃO FRANCISCO;São Francisco;Estadual;;;;;;;-10,12072;-36,86686;mínima;2021-02-09;NoData;NoData;2021,0;;Sem_Dado;;Sem_Dado;3;31;0;5;13;18;1;16;54;Dados Insuficientes;Medio;33,3;Parcial;True;True;True;True;True;True;True;False;False;7;Alta
22418;Massa d'Água #109855;;Irrigação;BA;ITAJU DO COLÔNIA;Não Classificado;Não Classificado;;;Agência Nacional de Águas e Saneamento Básico - ANA;;Não Classificada;;;Não;Não;;Não;;;;;;Sem Informação;;;;7774774,0;Ribeirão da Fartura;Região Hidrográfica ATLÂNTICO LESTE;CBH do Leste;Estadual;;;;;;;-15,21167;-39,72486;mínima;2021-01-21;NoData;NoData;2021,0;;Sem_Dado;;Sem_Dado;3;31;0;5;13;18;1;16;54;Dados Insuficientes;Medio;33,3;Parcial;True;True;True;True;True;True;True;False;False;7;Alta
22208;Sítio Quixaba;Massa d'Água #29519;Dessedentação Animal;PB;NOVA PALMEIRA;Não Classificado;Não Classificado;Francisco das Chagas de Vasconcelos;Pessoa Física;Agência Nacional de Águas e Saneamento Básico - ANA;;Não Classificada;;;Não;Não;;Não;6,0;6,0;0,133;180,0;;Terra;Irrigação;;;756286,0;SEM NOME;Região Hidrográfica ATLÂNTICO NORDESTE ORIENTAL;Piranhas-Açu;Federal;;;;Não;Operação;09-DEC-24;-6,71925;-36,42589;baixa;2020-12-29;NoData;NoData;2020,0;6,0;Fundacao;0,133;Original;5;24;0;5;13;18;4;18;47;Baixo;Medio;77,8;Bom;True;True;True;False;False;False;True;False;False;6;Media
23406;Massa d'Água #178260;;Irrigação;BA;PRADO;Não Classificado;Não Classificado;;;Agência Nacional de Águas e Saneamento Básico - ANA;;Não Classificada;;;Não;Não;;Não;;;;;;Sem Informação;;;;779194,0;Rio do Queimado;Região Hidrográfica ATLÂNTICO LESTE;CBH dos Rios Frades, Buranhém e Santo Antônio;Federal;;;;;;;-17,01375;-39,32733;mínima;2021-02-09;NoData;NoData;2021,0;;Sem_Dado;;Sem_Dado;3;31;0;5;13;18;1;16;54;Dados Insuficientes;Medio;33,3;Parcial;True;True;True;True;True;True;True;False;False;7;Alta
23412;Massa d'Água #180468;;Irrigação;MS;IGUATEMI;Não Classificado;Não Classificado;;;Agência Nacional de Águas e Saneamento Básico - ANA;;Não Classificada;;;Não;Não;;Não;;;;;;Sem Informação;;;;86332232,0;Córrego Costa Rica;Região Hidrográfica do PARANÁ;;Federal;;;;;;;-23,41658;-54,74583;mínima;2021-02-09;NoData;NoData;2021,0;;Sem_Dado;;Sem_Dado;3;31;0;5;13;18;1;16;54;Dados Insuficientes;Medio;33,3;Parcial;True;True;True;True;True;True;True;False;False;7;Alta
22466;Massa d'Água #127907;;Irrigação;MS;DOURADINA;Não Classificado;Não Classificado;;;Agência Nacional de Águas e Saneamento Básico - ANA;;Não Classificada;;;Não;Não;;Não;;;;;;Sem Informação;;;;8638772,0;Córrego Panambi;Região Hidrográfica do PARANÁ;CBH do Rio Ivinhema;Federal;;;;;;;-22,03125;-54,61386;mínima;2021-01-22;NoData;NoData;2021,0;;Sem_Dado;;Sem_Dado;3;31;0;5;13;18;1;16;54;Dados Insuficientes;Medio;33,3;Parcial;True;True;True;True;True;True;True;False;False;7;Alta
22470;Massa d'Água #129709;;Irrigação;BA;PRADO;Não Classificado;Não Classificado;;;Agência Nacional de Águas e Saneamento Básico - ANA;;Não Classificada;;;Não;Não;;Não;;;;;;Sem Informação;;;;;SEM NOME;Região Hidrográfica ATLÂNTICO LESTE;CBH dos Rios Frades, Buranhém e Santo Antônio;Federal;;;;;;;-17,09261;-39,19181;mínima;2021-01-22;NoData;NoData;2021,0;;Sem_Dado;;Sem_Dado;3;31;0;5;13;18;1;16;54;Dados Insuficientes;Medio;33,3;Parcial;True;True;True;True;True;True;True;False;False;7;Alta
22472;Massa d'Água #130650;;Irrigação;RS;FAXINALZINHO;Não Classificado;Não Classificado;;;Agência Nacional de Águas e Saneamento Básico - ANA;;Não Classificada;;;Não;Não;;Não;;;;;;Sem Informação;;;;8279212,0;Lajeado Grande;Região Hidrográfica do URUGUAI;CBH de Passo Fundo;Estadual;;;;;;;-27,42642;-52,6255;mínima;2021-01-22;NoData;NoData;2021,0;;Sem_Dado;;Sem_Dado;3;31;0;5;13;18;1;16;54;Dados Insuficientes;Medio;33,3;Parcial;True;True;True;True;True;True;True;False;False;7;Alta
18541;Barragem Ribeirão Grande ;;Irrigação;PR;ABATIÁ;Não se Aplica;Baixo;FERNANDO GUSTAVO MANZZANO;Pessoa Física;Agência Nacional de Águas e Saneamento Básico - ANA;02501.000699/2022-14;Não;859/2010;;Não;Não;;Não;;5,0;0,015;;;Sem Informação;;;;8644214,0;Ribeirão Grande;Região Hidrográfica do PARANÁ;Paranapanema;Estadual;;;;;Desativada;21-SEP-20;-23,30619;-50,45677;ótima;2019-09-12;0;0;2019,0;5,0;Terreno;0,015;Original;3;27;0;5;13;18;3;16;50;Baixo;Medio;66,7;Bom;True;True;True;False;False;True;True;False;False;6;Media
23869;Massa d'Água #243817;;Irrigação;BA;UAUÁ;Não Classificado;Não Classificado;;;Agência Nacional de Águas e Saneamento Básico - ANA;;Não Classificada;;;Não;Não;;Não;;;;;;Sem Informação;;;;7716,0;Rio Vaza-Barris;Região Hidrográfica ATLÂNTICO LESTE;;Federal;;;;;;;-9,89517;-39,65358;mínima;2021-02-25;NoData;NoData;2021,0;;Sem_Dado;;Sem_Dado;3;31;0;5;13;18;1;16;54;Dados Insuficientes;Medio;33,3;Parcial;True;True;True;True;True;True;True;False;False;7;Alta
20831;Agrovila de Cabeceiras;Fazenda Sacramento;Irrigação;GO;CABECEIRAS;Não Classificado;Não Classificado;Cooperativa da Agrovila de Cabeceiras;;Agência Nacional de Águas e Saneamento Básico - ANA;02501.001534/2025-02;Não Classificada;;;Não;Não;;Não;;;;;0,0;Sem Informação;;;;76848,0;Rio Bezerra;Região Hidrográfica do SÃO FRANCISCO;São Francisco;Federal;;;;;Operação;2020-06-25 00:00:00;-15,56102;-47,1039;mínima;2020-06-25;NoData;NoData;2020,0;;Sem_Dado;;Sem_Dado;6;30;0;5;13;18;2;19;53;Dados Insuficientes;Medio;44,4;Parcial;True;True;True;True;True;True;True;False;False;7;Alta
20846;Fazenda Santa Teresa;;Irrigação;GO;NOVO PLANALTO;Não Classificado;Não Classificado;Minasvale do Araguaia e Agropecuária LTDA;;Agência Nacional de Águas e Saneamento Básico - ANA;;Não Classificada;;;Não;Não;;Não;;;;;0,0;Sem Informação;;;;6698,0;Ribeirão Chato;Região Hidrográfica do TOCANTINS-ARAGUAIA;CBH Médio Araguaia;Federal;;;;;Operação;2020-06-26 00:00:00;-13,01039;-49,84967;mínima;2020-06-26;NoData;NoData;2020,0;;Sem_Dado;;Sem_Dado;6;30;0;5;13;18;2;19;53;Dados Insuficientes;Medio;44,4;Parcial;True;True;True;True;True;True;True;False;False;7;Alta
20975;Fazenda Palmital - Nova Galícia;;Irrigação;SC;PORTO UNIÃO;Não Classificado;Não Classificado;Nelson Straube;Pessoa Física;Agência Nacional de Águas e Saneamento Básico - ANA;;Não Classificada;;;Não;Não;;Não;0,0;0,0;0,0;;0,0;Sem Informação;;;;862592,0;Rio Espingarda;Região Hidrográfica do PARANÁ;CBH do Rio Timbó;Federal;;;;;Operação;2020-07-01 00:00:00;-26,38375;-51,17408;mínima;2020-07-01;NoData;NoData;2020,0;0,0;Fundacao;0,0;Original;6;26;0;5;13;18;3;19;49;Baixo;Medio;66,7;Bom;True;True;True;False;False;True;True;False;False;6;Media
20980;Fazenda Santa Fé - Barragem 02;;Irrigação;RS;ACEGUÁ;Não Classificado;Não Classificado;Maurício Cuerda Ferreira;Pessoa Física;Agência Nacional de Águas e Saneamento Básico - ANA;;Não Classificada;;;Não;Não;;Não;;;;;0,0;Sem Informação;;;;822692,0;SEM NOME;Região Hidrográfica do URUGUAI;CBH do Rio Negro (RS);Federal;;;;;Operação;2020-07-01 00:00:00;-31,74133;-54,23928;mínima;2020-07-01;NoData;NoData;2020,0;;Sem_Dado;;Sem_Dado;6;30;0;5;13;18;2;19;53;Dados Insuficientes;Medio;44,4;Parcial;True;True;True;True;True;True;True;False;False;7;Alta
31121;Sem Nome;;Irrigação;PE;GARANHUNS;Baixo;Baixo;;;Agência Nacional de Águas e Saneamento Básico - ANA;02501.001888/2024-68;Não;;;Não;Não;;Não;;;;;;Sem Informação;;;;759668,0;SEM NOME;Região Hidrográfica ATLÂNTICO NORDESTE ORIENTAL;;Federal;;;;;Operação;02-FEB-24;-8,96131;-36,5245;mínima;2024-03-21;;;;;Sem_Dado;;Sem_Dado;3;31;0;5;13;18;2;16;54;Dados Insuficientes;Medio;33,3;Parcial;True;True;True;True;True;True;True;False;False;7;Alta
30483;Bonsucesso;PB-167;Abastecimento humano;PB;SOSSÊGO;Não Classificado;Não Classificado;Secretaria de Estado da Infraestrutura e Recursos Hídricos;Órgãos - Público;Agência Nacional de Águas e Saneamento Básico - ANA;02501.005059/2023-73;Não Classificada;;;Não;Não;;Não;;;;361,0;0,0;Terra;Dessedentação Animal;;;75742,0;Riacho do São Bento;Região Hidrográfica ATLÂNTICO NORDESTE ORIENTAL;;Federal;;;;Não;Operação;1982-01-01 00:00:00;-6,72661;-36,192;mínima;2023-11-29;0;0;2023,0;;Sem_Dado;;Sem_Dado;7;26;0;5;13;18;3;20;49;Baixo;Medio;55,6;Parcial;True;True;True;True;True;False;True;False;False;7;Alta
22405;Massa d'Água #105869;;Irrigação;MS;SETE QUEDAS;Não Classificado;Não Classificado;;;Agência Nacional de Águas e Saneamento Básico - ANA;;Não Classificada;;;Não;Não;;Não;;;;;;Sem Informação;;;;8633236,0;Córrego Sombrerito;Região Hidrográfica do PARANÁ;;Estadual;;;;;;;-23,84764;-54,71631;mínima;2021-01-20;NoData;NoData;2021,0;;Sem_Dado;;Sem_Dado;3;31;0;5;13;18;1;16;54;Dados Insuficientes;Medio;33,3;Parcial;True;True;True;True;True;True;True;False;False;7;Alta
22408;Massa d'Água #107475;;Irrigação;BA;ILHÉUS;Não Classificado;Não Classificado;;;Agência Nacional de Águas e Saneamento Básico - ANA;;Não Classificada;;;Não;Não;;Não;;;;;;Sem Informação;;;;;SEM NOME;Região Hidrográfica ATLÂNTICO LESTE;CBH do Leste;Estadual;;;;;;;-14,92439;-39,02381;mínima;2021-01-20;NoData;NoData;2021,0;;Sem_Dado;;Sem_Dado;3;31;0;5;13;18;1;16;54;Dados Insuficientes;Medio;33,3;Parcial;True;True;True;True;True;True;True;False;False;7;Alta
22261;Açude dos Quatro;Massa d'Água #69938;Recreação;PR;PALMAS;Não se Aplica;Baixo;Associação das Mulheres Indígenas de Palmas - Paraná;;Agência Nacional de Águas e Saneamento Básico - ANA;02501.004314/2024-41;Não;82/2025/SRB-ANA-SEI;;Não;Não;;Não;2,0;2,0;0,01;51,0;;Terra;Paisagismo;;;86228,0;Rio das Lontras;Região Hidrográfica do PARANÁ;CBH do Baixo Iguaçu;Estadual;;;;;Operação;1983-01-01 00:00:00;-26,5235;-52,04836;ótima;2021-01-06;2;0;2021,0;2,0;Fundacao;0,01;Original;6;21;0;5;13;18;4;19;44;Baixo;Medio;77,8;Bom;True;True;True;False;False;False;True;False;False;6;Media
23630;Massa d'Água #203736;;Irrigação;MS;IGUATEMI;Não Classificado;Não Classificado;;;Agência Nacional de Águas e Saneamento Básico - ANA;;Não Classificada;;;Não;Não;;Não;;;;;;Sem Informação;;;;8633226,0;Córrego Marcelinha-cuê;Região Hidrográfica do PARANÁ;;Federal;;;;;;;-23,32222;-54,79686;mínima;2021-02-12;NoData;NoData;2021,0;;Sem_Dado;;Sem_Dado;3;31;0;5;13;18;1;16;54;Dados Insuficientes;Medio;33,3;Parcial;True;True;True;True;True;True;True;False;False;7;Alta
23632;Massa d'Água #203851;;Irrigação;MT;NOVA MARINGÁ;Não Classificado;Não Classificado;;;Agência Nacional de Águas e Saneamento Básico - ANA;;Não Classificada;;;Não;Não;;Não;;;;;;Sem Informação;;;;44896,0;Córrego Três Jacus;Região Hidrográfica AMAZÔNICA;;;;;;;;;-13,56533;-57,27972;mínima;2021-02-12;NoData;NoData;2021,0;;Sem_Dado;;Sem_Dado;3;31;0;5;13;18;1;16;54;Dados Insuficientes;Medio;33,3;Parcial;True;True;True;True;True;True;True;False;False;7;Alta
23668;Massa d'Água #209920;;Irrigação;MS;DOURADOS;Não Classificado;Não Classificado;;;Agência Nacional de Águas e Saneamento Básico - ANA;;Não Classificada;;;Não;Não;;Não;;;;;;Sem Informação;;;;8638766,0;Córrego Laranja Doce;Região Hidrográfica do PARANÁ;CBH do Rio Ivinhema;Estadual;;;;;;;-22,187;-54,79892;mínima;2021-02-12;NoData;NoData;2021,0;;Sem_Dado;;Sem_Dado;3;31;0;5;13;18;1;16;54;Dados Insuficientes;Medio;33,3;Parcial;True;True;True;True;True;True;True;False;False;7;Alta
23680;Massa d'Água #216653;;Irrigação;MS;AQUIDAUANA;Não Classificado;Não Classificado;;;Agência Nacional de Águas e Saneamento Básico - ANA;;Não Classificada;;;Não;Não;;Não;;;;;;Sem Informação;;;;89524,0;Vazante Grande;Região Hidrográfica do PARAGUAI;CBH do Rio Miranda;Estadual;;;;;;;-20,20875;-56,04725;mínima;2021-02-12;NoData;NoData;2021,0;;Sem_Dado;;Sem_Dado;3;31;0;5;13;18;1;16;54;Dados Insuficientes;Medio;33,3;Parcial;True;True;True;True;True;True;True;False;False;7;Alta
20799;Fazenda Mamoeiro - Barragem 02;;Irrigação;BA;ENCRUZILHADA;Não Classificado;Não Classificado;DSN AGROPECUARIA E IMOBILIARIA LTDA ME;;Agência Nacional de Águas e Saneamento Básico - ANA;02501.002558/2024-90;Não Classificada;;;Não;Não;;Não;;;;;0,0;Sem Informação;;;;7778716,0;Córrego do Mamoeiro;Região Hidrográfica ATLÂNTICO LESTE;;Federal;;;;;Operação;2020-06-23 00:00:00;-15,63531;-41,1765;mínima;2020-06-23;0;0;2020,0;;Sem_Dado;;Sem_Dado;6;30;0;5;13;18;2;19;53;Dados Insuficientes;Medio;44,4;Parcial;True;True;True;True;True;True;True;False;False;7;Alta
20806;Fazenda São Domingos - Barragem 02;;Irrigação;BA;PEDRO ALEXANDRE;Não Classificado;Não Classificado;José Arinaldo de Oliveira;Pessoa Física;Agência Nacional de Águas e Saneamento Básico - ANA;;Não Classificada;;;Não;Não;;Não;;;;;0,0;Sem Informação;;;;771496,0;Riacho Melancia;Região Hidrográfica ATLÂNTICO LESTE;;Federal;;;;;Operação;2020-06-24 00:00:00;-10,25221;-37,76573;mínima;2020-06-24;NoData;NoData;2020,0;;Sem_Dado;;Sem_Dado;6;30;0;5;13;18;2;19;53;Dados Insuficientes;Medio;44,4;Parcial;True;True;True;True;True;True;True;False;False;7;Alta
20807;Fazenda São Domingos - Barragem 03;;Irrigação;BA;PEDRO ALEXANDRE;Não Classificado;Não Classificado;José Arinaldo de Oliveira;Pessoa Física;Agência Nacional de Águas e Saneamento Básico - ANA;;Não Classificada;;;Não;Não;;Não;;;;;0,0;Sem Informação;;;;771496,0;Riacho Melancia;Região Hidrográfica ATLÂNTICO LESTE;;Federal;;;;;Operação;2020-06-24 00:00:00;-10,25719;-37,77097;mínima;2020-06-24;NoData;NoData;2020,0;;Sem_Dado;;Sem_Dado;6;30;0;5;13;18;2;19;53;Dados Insuficientes;Medio;44,4;Parcial;True;True;True;True;True;True;True;False;False;7;Alta
20808;Fazenda Liberdade;;Irrigação;BA;MUCURI;Não se Aplica;Baixo;Eglantine Brasilina Scofield;Pessoa Física;Agência Nacional de Águas e Saneamento Básico - ANA;02501.010499/2025-12;Não;129/2025/SRB-ANA-SEI;;Não;Não;;Não;4,0;4,0;0,193;206,0;0,0;Terra;;;;7797844,0;Córrego Dourado;Região Hidrográfica ATLÂNTICO LESTE;;Federal;;;;Não;Operação;2020-06-24 00:00:00;-18,10697;-39,94625;ótima;2020-06-24;NoData;NoData;2020,0;4,0;Fundacao;0,193;Original;9;24;0;5;13;18;4;22;47;Baixo;Medio;77,8;Bom;True;True;True;False;False;False;True;False;False;6;Media
21028;Fazenda Travessia;;Irrigação;PB;JACARAÚ;Não Classificado;Não Classificado;Pró-Fé Empreendimentos Agropastoril S/A;;Agência Nacional de Águas e Saneamento Básico - ANA;02501.002563/2024-01;Não Classificada;;;Não;Não;;Não;7,0;7,0;0,118;170,0;5,0;Terra;;;;757624,0;Riacho da Travessia;Região Hidrográfica ATLÂNTICO NORDESTE ORIENTAL;;Federal;;;;;Operação;2020-07-02 00:00:00;-6,54447;-35,22408;baixa;2020-07-02;0;0;2020,0;7,0;Fundacao;0,118;Original;8;23;0;5;13;18;4;21;46;Baixo;Medio;77,8;Bom;True;True;True;False;False;False;True;False;False;6;Media
21049;Sítio Carrapateira;;Irrigação;RN;CAICÓ;Não Classificado;Não Classificado;Maria Senhora de Sant'Anna;Pessoa Física;Agência Nacional de Águas e Saneamento Básico - ANA;;Não Classificada;;;Não;Não;;Não;0,0;0,0;0,0;;0,0;Sem Informação;;;;75622,0;Rio Sabugi;Região Hidrográfica ATLÂNTICO NORDESTE ORIENTAL;Piranhas-Açu;Federal;;;;;Operação;2020-07-02 00:00:00;-6,59972;-37,1775;mínima;2020-07-02;NoData;NoData;2020,0;0,0;Fundacao;0,0;Original;6;26;0;5;13;18;3;19;49;Baixo;Medio;66,7;Bom;True;True;True;False;False;True;True;False;False;6;Media
23763;Massa d'Água #225319;;Irrigação;BA;UNA;Não Classificado;Não Classificado;;;Agência Nacional de Águas e Saneamento Básico - ANA;;Não Classificada;;;Não;Não;;Não;;;;;;Sem Informação;;;;777562,0;Rio da Serra;Região Hidrográfica ATLÂNTICO LESTE;CBH do Leste;Estadual;;;;;;;-15,24306;-39,10014;mínima;2021-02-15;NoData;NoData;2021,0;;Sem_Dado;;Sem_Dado;3;31;0;5;13;18;1;16;54;Dados Insuficientes;Medio;33,3;Parcial;True;True;True;True;True;True;True;False;False;7;Alta
23777;Massa d'Água #230571;;Irrigação;BA;PORTO SEGURO;Não Classificado;Não Classificado;;;Agência Nacional de Águas e Saneamento Básico - ANA;;Não Classificada;;;Não;Não;;Não;;;;;;Sem Informação;;;;77916,0;Rio dos Frades;Região Hidrográfica ATLÂNTICO LESTE;CBH dos Rios Frades, Buranhém e Santo Antônio;Estadual;;;;;;;-16,65253;-39,15547;mínima;2021-02-15;NoData;NoData;2021,0;;Sem_Dado;;Sem_Dado;3;31;0;5;13;18;1;16;54;Dados Insuficientes;Medio;33,3;Parcial;True;True;True;True;True;True;True;False;False;7;Alta
23780;Massa d'Água #231437;;Irrigação;MS;ANTÔNIO JOÃO;Não Classificado;Não Classificado;;;Agência Nacional de Águas e Saneamento Básico - ANA;;Não Classificada;;;Não;Não;;Não;;;;;;Sem Informação;;;;891788,0;Rio Estrela;Região Hidrográfica do PARAGUAI;;Estadual;;;;;;;-22,22944;-56,0595;mínima;2021-02-15;NoData;NoData;2021,0;;Sem_Dado;;Sem_Dado;3;31;0;5;13;18;1;16;54;Dados Insuficientes;Medio;33,3;Parcial;True;True;True;True;True;True;True;False;False;7;Alta
22225;Massa d'Água #57781;;Irrigação;PB;CATOLÉ DO ROCHA;Não Classificado;Não Classificado;;;Agência Nacional de Águas e Saneamento Básico - ANA;;Não Classificada;;;Não;Não;;Não;;;;;;Sem Informação;;;;75634,0;Riacho Santíssimo;Região Hidrográfica ATLÂNTICO NORDESTE ORIENTAL;Piranhas-Açu;Federal;;;;;;;-6,36578;-37,75083;mínima;2020-12-30;NoData;NoData;2020,0;;Sem_Dado;;Sem_Dado;3;31;0;5;13;18;1;16;54;Dados Insuficientes;Medio;33,3;Parcial;True;True;True;True;True;True;True;False;False;7;Alta
22226;Massa d'Água #58636;;Irrigação;RN;SERRA NEGRA DO NORTE;Não Classificado;Não Classificado;;;Agência Nacional de Águas e Saneamento Básico - ANA;;Não Classificada;;;Não;Não;;Não;;;;;;Sem Informação;;;;7565146,0;Riacho Maniçoba;Região Hidrográfica ATLÂNTICO NORDESTE ORIENTAL;Piranhas-Açu;Federal;;;;;;;-6,53614;-37,42667;mínima;2020-12-30;NoData;NoData;2020,0;;Sem_Dado;;Sem_Dado;3;31;0;5;13;18;1;16;54;Dados Insuficientes;Medio;33,3;Parcial;True;True;True;True;True;True;True;False;False;7;Alta
23511;Massa d'Água #187404;;Irrigação;RS;TENENTE PORTELA;Não Classificado;Não Classificado;;;Agência Nacional de Águas e Saneamento Básico - ANA;;Não Classificada;;;Não;Não;;Não;;;;;;Sem Informação;;;;827552,0;Rio Parizinho;Região Hidrográfica do URUGUAI;CBH do Várzea;Estadual;;;;;;;-27,39272;-53,72883;mínima;2021-02-10;NoData;NoData;2021,0;;Sem_Dado;;Sem_Dado;3;31;0;5;13;18;1;16;54;Dados Insuficientes;Medio;33,3;Parcial;True;True;True;True;True;True;True;False;False;7;Alta
23750;Massa d'Água #222426;;Paisagismo;PR;PONTA GROSSA;Não se Aplica;Baixo;Teodózio Afinovicz;Pessoa Física;Agência Nacional de Águas e Saneamento Básico - ANA;02501.004374/2024-64;Não;104/2025/SRB-ANA-SEI;;Não;Não;;Não;1,5;1,5;0,006;20,0;;Terra;;;;7948,0;Rio Ribeirão Grande e Rio São Pedro;Região Hidrográfica ATLÂNTICO SUDESTE;CBH do Alto Iguaçu e Afluentes do Alto Ribeira;Federal;;;;;Operação;07-MAY-04;-25,07964;-49,9125;ótima;2021-02-15;NoData;NoData;2021,0;1,5;Fundacao;0,006;Original;5;24;0;5;13;18;4;18;47;Baixo;Medio;77,8;Bom;True;True;True;False;False;False;True;False;False;6;Media
23756;Massa d'Água #224030;;Irrigação;MS;JUTI;Não Classificado;Não Classificado;;;Agência Nacional de Águas e Saneamento Básico - ANA;;Não Classificada;;;Não;Não;;Não;;;;;;Sem Informação;;;;8634362,0;Córrego São Domingos;Região Hidrográfica do PARANÁ;;Estadual;;;;;;;-22,69183;-54,63336;mínima;2021-02-15;NoData;NoData;2021,0;;Sem_Dado;;Sem_Dado;3;31;0;5;13;18;1;16;54;Dados Insuficientes;Medio;33,3;Parcial;True;True;True;True;True;True;True;False;False;7;Alta
22198;Massa d'Água #27442;;Irrigação;BA;UNA;Não Classificado;Não Classificado;;;Agência Nacional de Águas e Saneamento Básico - ANA;;Não Classificada;;;Não;Não;;Não;;;;;;Sem Informação;;;;77764,0;Rio de Una;Região Hidrográfica ATLÂNTICO LESTE;CBH do Leste;Estadual;;;;;;;-15,10333;-39,28469;mínima;2020-12-29;NoData;NoData;2020,0;;Sem_Dado;;Sem_Dado;3;31;0;5;13;18;1;16;54;Dados Insuficientes;Medio;33,3;Parcial;True;True;True;True;True;True;True;False;False;7;Alta
22233;Massa d'Água #67808;;Irrigação;RS;BENJAMIN CONSTANT DO SUL;Não Classificado;Não Classificado;;;Agência Nacional de Águas e Saneamento Básico - ANA;;Não Classificada;;;Não;Não;;Não;;;;;;Sem Informação;;;;827922,0;Rio Erexim;Região Hidrográfica do URUGUAI;CBH de Passo Fundo;Estadual;;;;;;;-27,46658;-52,63489;mínima;2020-12-30;NoData;NoData;2020,0;;Sem_Dado;;Sem_Dado;3;31;0;5;13;18;1;16;54;Dados Insuficientes;Medio;33,3;Parcial;True;True;True;True;True;True;True;False;False;7;Alta
22277;Massa d'Água #75762;;Irrigação;SP;LORENA;Não Classificado;Não Classificado;;;Agência Nacional de Águas e Saneamento Básico - ANA;;Não Classificada;;;Não;Não;;Não;;;;;;Sem Informação;;;;7929559158,0;Córrego dos Passos;Região Hidrográfica ATLÂNTICO SUDESTE;Paraíba do Sul;Estadual;;;;;;;-22,71964;-45,09639;mínima;2021-01-11;NoData;NoData;2021,0;;Sem_Dado;;Sem_Dado;3;31;0;5;13;18;1;16;54;Dados Insuficientes;Medio;33,3;Parcial;True;True;True;True;True;True;True;False;False;7;Alta
21621;Represa João Pinto;;Abastecimento humano;RJ;DUQUE DE CAXIAS;Não Classificado;Não Classificado;Companhia Estadual de Águas e Esgotos do Rio de Janeiro;;Agência Nacional de Águas e Saneamento Básico - ANA;02501.002567/2024-81;Não Classificada;;;Não;Não;;Não;;;;;;Sem Informação;;;;793778,0;Rio Pilar e Rio Saracuruna;Região Hidrográfica ATLÂNTICO SUDESTE;CBH do Leste da Baia de Guanabara;Estadual;;;;;Operação;2020-11-19 00:00:00;-22,5454;-43,30133;mínima;2020-11-19;0;0;2020,0;;Sem_Dado;;Sem_Dado;6;30;0;5;13;18;2;19;53;Dados Insuficientes;Medio;44,4;Parcial;True;True;True;True;True;True;True;False;False;7;Alta
23757;Massa d'Água #224375;;Irrigação;MT;CANARANA;Não Classificado;Não Classificado;;;Agência Nacional de Águas e Saneamento Básico - ANA;;Não Classificada;;;Não;Não;;Não;;;;;;Sem Informação;;;;4294,0;Rio Tanguro;Região Hidrográfica AMAZÔNICA;;Estadual;;;;;;;-13,54203;-51,87736;mínima;2021-02-15;NoData;NoData;2021,0;;Sem_Dado;;Sem_Dado;3;31;0;5;13;18;1;16;54;Dados Insuficientes;Medio;33,3;Parcial;True;True;True;True;True;True;True;False;False;7;Alta
23759;Massa d'Água #224408;;Irrigação;BA;PRADO;Não Classificado;Não Classificado;;;Agência Nacional de Águas e Saneamento Básico - ANA;;Não Classificada;;;Não;Não;;Não;;;;;;Sem Informação;;;;7791972,0;Ribeirão da Imbaçuaba;Região Hidrográfica ATLÂNTICO LESTE;CBH dos Rios Frades, Buranhém e Santo Antônio;Federal;;;;;;;-17,04608;-39,18186;mínima;2021-02-15;NoData;NoData;2021,0;;Sem_Dado;;Sem_Dado;3;31;0;5;13;18;1;16;54;Dados Insuficientes;Medio;33,3;Parcial;True;True;True;True;True;True;True;False;False;7;Alta
23769;Massa d'Água #227046;;Irrigação;MT;GENERAL CARNEIRO;Não Classificado;Não Classificado;;;Agência Nacional de Águas e Saneamento Básico - ANA;;Não Classificada;;;Não;Não;;Não;;;;;;Sem Informação;;;;698298,0;Córrego Jeriguiga;Região Hidrográfica do TOCANTINS-ARAGUAIA;CBH dos Afluentes do Alto Araguaia;Estadual;;;;;;;-15,58667;-53,09217;mínima;2021-02-15;NoData;NoData;2021,0;;Sem_Dado;;Sem_Dado;3;31;0;5;13;18;1;16;54;Dados Insuficientes;Medio;33,3;Parcial;True;True;True;True;True;True;True;False;False;7;Alta
23772;Massa d'Água #228190;;Irrigação;MS;IGUATEMI;Não Classificado;Não Classificado;;;Agência Nacional de Águas e Saneamento Básico - ANA;;Não Classificada;;;Não;Não;;Não;;;;;;Sem Informação;;;;8633226,0;Córrego Marcelinha-cuê;Região Hidrográfica do PARANÁ;;Federal;;;;;;;-23,32747;-54,79656;mínima;2021-02-15;NoData;NoData;2021,0;;Sem_Dado;;Sem_Dado;3;31;0;5;13;18;1;16;54;Dados Insuficientes;Medio;33,3;Parcial;True;True;True;True;True;True;True;False;False;7;Alta
23778;Massa d'Água #230942;;Paisagismo;PR;PONTA GROSSA;Não se Aplica;Baixo;Teodózio Afinovicz;Pessoa Física;Agência Nacional de Águas e Saneamento Básico - ANA;02501.004375/2024-17;Não;108/2025/SRB-ANA-SEI;;Não;Não;;Não;4,0;4,0;0,019;142,4;1,39;Terra;;;;7948,0;Rio Ribeirão Grande e Rio São Pedro;Região Hidrográfica ATLÂNTICO SUDESTE;CBH do Alto Iguaçu e Afluentes do Alto Ribeira;Estadual;;;;;Operação;07-MAY-04;-25,07253;-49,91714;ótima;2021-02-15;NoData;NoData;2021,0;4,0;Fundacao;0,019;Original;5;24;0;5;13;18;4;18;47;Baixo;Medio;77,8;Bom;True;True;True;False;False;False;True;False;False;6;Media
20874;Sítio Dois Irmãos;;Irrigação;PB;PEDRA LAVRADA;Não Classificado;Não Classificado;Paulo Hiago Oliveira Bezerra;Pessoa Física;Agência Nacional de Águas e Saneamento Básico - ANA;02501.001702/2025-51;Não Classificada;;;Não;Não;;Não;;;;;0,0;Sem Informação;;;;7562864,0;Riacho Olho d'Água;Região Hidrográfica ATLÂNTICO NORDESTE ORIENTAL;Piranhas-Açu;Federal;;;;;Operação;2020-06-27 00:00:00;-6,76336;-36,46597;mínima;2020-06-27;NoData;NoData;2020,0;;Sem_Dado;;Sem_Dado;6;30;0;5;13;18;2;19;53;Dados Insuficientes;Medio;44,4;Parcial;True;True;True;True;True;True;True;False;False;7;Alta
1340;Santa Maria;;Abastecimento humano;DF;BRASÍLIA;Médio;Alto;Companhia de Saneamento Ambiental do Distrito Federal;Empresas Públicas - Público;Agência Nacional de Águas e Saneamento Básico - ANA;02501.001483/2015-39;Sim;279/2017;Sim;Sim;Sim;2025-09-18;Não;45,0;;84,33;550,0;0,0;Terra;Regularização de vazão;;;869688,0;Ribeirão do Torto;Região Hidrográfica do PARANÁ;Paranaíba;Estadual;2025-08-12;Regular;Atenção;;Operação;1971-01-01 00:00:00;-15,66778;-47,95361;ótima;2019-04-04;0;0;2019,0;45,0;Fundacao;84,33;Original;12;27;4;4;0;0;4;16;31;Baixo;Baixo;100,0;Completo;False;False;False;False;False;False;False;True;True;5;Media
2;"Barragem na Área ""A"" Módulo 12 PAD-DF (Fazenda São Francisco)";;Irrigação;DF;BRASÍLIA;Não se Aplica;Baixo;Renato Francisco Triacca;Pessoa Física;Agência Nacional de Águas e Saneamento Básico - ANA;02501.001444/2015-31;Não;240/2011;;Não;Não;;Não;;5,65;0,06;124,0;0,0;Terra;;;;86999994,0;SEM NOME;Região Hidrográfica do PARANÁ;Paranaíba;Federal;;;;Não;Operação;2000-01-01 00:00:00;-16,04806;-47,55556;ótima;2019-02-11;0;0;2019,0;5,65;Terreno;0,06;Original;7;22;0;5;13;18;4;20;45;Baixo;Medio;77,8;Bom;True;True;True;False;False;False;True;False;False;6;Media
4;Barragem Fazenda São Luiz; Barragem Afluente do Córrego Floresta;Irrigação;ES;CONCEIÇÃO DA BARRA;Não se Aplica;Baixo;Ezequias Ribeiro de Oliveira ;Pessoa Física;Agência Nacional de Águas e Saneamento Básico - ANA;82;Não;3052011;;Não;Não;;Não;9,0;9,0;0,65;160,0;;Terra;;;;77978322,0;Córrego Água Preta;Região Hidrográfica ATLÂNTICO LESTE;CBH do Rio Itaúnas;Federal;2013-07-29;Regular;Normal;;Operação;1996-01-01 00:00:00;-18,23833;-39,88861;ótima;2019-02-11;NoData;NoData;2019,0;9,0;Fundacao;0,65;Original;7;22;2;2;13;18;4;22;42;Baixo;Medio;88,9;Bom;True;True;True;False;False;False;False;False;False;5;Media
10;Barragem no Córrego do Engano;;Irrigação;ES;PEDRO CANÁRIO;Não se Aplica;Baixo;Edmar Candido de Azevedo;Pessoa Física;Agência Nacional de Águas e Saneamento Básico - ANA;02501.001497/2015-52;Não;2372011;;Não;Não;;Não;1,25;1,25;0,04;;;Terra;;;;7797872,0;Córrego do Engano;Região Hidrográfica ATLÂNTICO LESTE;CBH do Rio Itaúnas;Federal;2012-05-30;Regular;Normal;;Operação;2000-01-01 00:00:00;-18,07889;-40,07639;ótima;2019-02-11;0;0;2019,0;1,25;Fundacao;0,04;Original;5;25;2;2;13;18;3;20;45;Baixo;Medio;77,8;Bom;True;True;True;False;False;True;False;False;False;5;Media
31;Felismina Queiroz;;Abastecimento humano;PB;PEDRA LAVRADA;Médio;Alto;Secretaria de Estado da Infraestrutura e Recursos Hídricos;Órgãos - Público;Agência Nacional de Águas e Saneamento Básico - ANA;24;Sim;4052014;Sim;Sim;Sim;2022-10-26;Não;13,0;8,0;2,06;391,0;0,0;Terra;Combate às secas;;;75628,0;Rio Seridó;Região Hidrográfica ATLÂNTICO NORDESTE ORIENTAL;CBH do Rio Piancó-Piranhas-Açu;Federal;2025-11-26;Regular;Atenção;;Operação;1982-01-01 00:00:00;-6,85492;-36,40792;ótima;2018-03-22;NoData;NoData;2018,0;13,0;Fundacao;2,06;Original;7;22;4;4;0;0;4;11;26;Baixo;Baixo;100,0;Completo;False;False;False;False;False;False;False;True;True;5;Media
37;São Domingos;;Regularização de vazão;PB;SANTA LUZIA;Médio;Médio;George Suetônio Ramalho;Pessoa Física;Agência Nacional de Águas e Saneamento Básico - ANA;02501.001468/2015-91;Sim;16222014;Não;Sim;Não;2022-10-19;Não;9,6;9,6;0,26;288,0;0,0;Terra;;;;7562248,0;Riacho São Domingos;Região Hidrográfica ATLÂNTICO NORDESTE ORIENTAL;Piranhas-Açu;Federal;2025-12-17;Regular;Normal;;Operação;1970-01-01 00:00:00;-6,88281;-36,99958;boa;2017-08-25;0;0;2017,0;9,6;Fundacao;0,26;Original;10;25;2;2;10;10;4;22;37;Baixo;Medio;100,0;Completo;True;False;True;False;False;False;False;True;False;5;Media
138;Barragem São José;;Abastecimento humano;BA;ADUSTINA;Alto;Alto;Prefeitura Municipal de Poço Verde;Órgãos - Público;Agência Nacional de Águas e Saneamento Básico - ANA;02501.000560/2017-03;Sim;212;;Não;Não;;Não;18,4;18,4;3,48;215,5;;Terra;;;;77188,0;Rio Real;Região Hidrográfica ATLÂNTICO LESTE;;Federal;2023-02-28;Regular;Atenção;;Operação;18-FEB-13;-10,71278;-38,10111;boa;2019-04-01;0;0;2019,0;18,4;Fundacao;3,48;Original;7;26;4;4;13;18;4;24;48;Baixo;Medio;88,9;Bom;True;True;True;False;False;False;False;True;True;10;Urgente
148;Santana do Trairi;;Irrigação;RN;SÃO BENTO DO TRAIRÍ;Não se Aplica;Baixo;Alecsandro Julius de Azevedo Confessor;Pessoa Física;Agência Nacional de Águas e Saneamento Básico - ANA;02501.001525/2015-31;Não;893;;Não;Não;;Não;13,91;13,91;1,64;;;Terra;;;;75746,0;Rio Pinta Cachorro;Região Hidrográfica ATLÂNTICO NORDESTE ORIENTAL;;Federal;;;;;Operação;01-AUG-16;-6,38056;-36,03556;ótima;2017-03-28;0;0;2017,0;13,91;Fundacao;1,64;Original;3;27;0;5;13;18;3;16;50;Baixo;Medio;66,7;Bom;True;True;True;False;False;True;True;False;False;6;Media
41;Carnaúba;;Abastecimento humano;RN;CAICÓ;Médio;Alto;Secretaria de Meio Ambiente e dos Recursos Hídricos do Estado do Rio Grande do Norte;Órgãos - Público;Agência Nacional de Águas e Saneamento Básico - ANA;02501.001463/2015-68;Sim;3062012;;Não;Não;2025-09-02;Não;19,0;19,0;25,71;550,0;0,0;Concreto convencional;Combate às secas;;;756224,0;Riacho do Quixeré;Região Hidrográfica ATLÂNTICO NORDESTE ORIENTAL;Piranhas-Açu;Federal;2025-09-02;Regular;Atenção;;Operação;2002-01-01 00:00:00;-6,62878;-37,14739;boa;2017-03-24;0;0;2017,0;19,0;Fundacao;25,71;Original;7;22;4;4;13;18;4;24;44;Baixo;Medio;88,9;Bom;True;True;True;False;False;False;False;True;True;10;Urgente
100;Areias - PISF;;Dessedentação Animal;PE;FLORESTA;Baixo;Alto;Ministério da Integração Nacional;Órgãos - Público;Agência Nacional de Águas e Saneamento Básico - ANA;02501.000515/2017-41;Sim;1133;Sim;Sim;Sim;2025-04-26;Não;14,9;14,9;7,65;1000,0;0,0;Terra;Combate às secas;;;76119626,0;Riacho das Areias;Região Hidrográfica do SÃO FRANCISCO;São Francisco;Federal;2025-04-03;Regular;Normal;Sim;Operação;09-DEC-19;-8,72628;-38,32908;ótima;2018-03-21;0;0;2018,0;14,9;Fundacao;7,65;Original;7;26;2;2;0;0;4;9;28;Baixo;Baixo;100,0;Completo;False;False;False;False;False;False;False;True;True;5;Media
70;Lagoa Formosa;;Irrigação;GO;PLANALTINA;Médio;Médio;Arnaud Bezerra da Silva;Pessoa Física;Agência Nacional de Águas e Saneamento Básico - ANA;02501.001567/2015-72;Sim;2752014;Sim;Sim;Sim;2021-11-24;Não;6,0;6,0;0,78;100,0;;Terra;;;;648,0;Rio Maranhão;Região Hidrográfica do TOCANTINS-ARAGUAIA;CBH do Rio das Almas e Afluentes Goianos do Rio Maranhão;Federal;2024-10-15;Regular;Normal;Não;Operação;1991-01-01 00:00:00;-15,479;-47,55525;ótima;2017-08-24;0;0;2017,0;6,0;Fundacao;0,78;Original;6;21;2;2;0;0;4;8;23;Baixo;Baixo;100,0;Completo;False;False;False;False;False;False;False;True;False;2;Baixa
82;Barragem Lago Hotel Bocaina;;Recreação;SP;BANANAL;Baixo;Médio;Nova Suíça Empreendimentos Turísticos e Hoteleiros Ltda;Empresas em Geral - Privado;Agência Nacional de Águas e Saneamento Básico - ANA;02501.001482/2015-94;Sim;9682015;Não;Sim;Sim;2025-05-14;Não;7,72;7,72;1,15;25,0;;Concreto convencional;;;;793918,0;Rio Paca Grande;Região Hidrográfica ATLÂNTICO SUDESTE;CBH do Paraíba do Sul;Federal;2025-05-28;Regular;Normal;;Operação;2000-01-01 00:00:00;-22,81114;-44,45086;ótima;2018-12-10;0;0;2018,0;7,72;Fundacao;1,15;Original;5;20;2;2;5;5;4;12;27;Baixo;Baixo;100,0;Completo;True;False;False;False;False;False;False;True;False;4;Media
72;Barragem de Águas Claras;Barragem no Ribeirão das Antas;Regularização de vazão;MG;CALDAS;Baixo;Alto;Indústrias Nucleares do Brasil S.A. - Minas Gerais;Sociedades de Economia Mista - Público - Privado;Agência Nacional de Águas e Saneamento Básico - ANA;02501.001492/2015-20;Sim;16092014;Sim;Sim;Sim;2025-05-07;Não;15,4;15,4;3,9;200,0;;Terra;;A;;868428,0;Ribeirão das Antas;Região Hidrográfica do PARANÁ;Grande;Federal;2025-07-31;Regular;Normal;;Operação;2000-01-01 00:00:00;-21,96053;-46,53133;ótima;2017-03-24;0;0;2017,0;15,4;Fundacao;3,9;Original;8;23;2;2;0;0;4;10;25;Baixo;Baixo;100,0;Completo;False;False;False;False;False;False;False;True;True;5;Media
97;Morros - PISF;;Abastecimento humano;PB;SÃO JOSÉ DE PIRANHAS;Baixo;Alto;Ministério da Integração Nacional;Órgãos - Público;Agência Nacional de Águas e Saneamento Básico - ANA;9914;Sim;1133;Sim;Sim;Sim;2022-09-20;Não;15,0;15,0;4,55;0,0;;Terra;Regularização de vazão;A;;7566466,0;SEM NOME;Região Hidrográfica ATLÂNTICO NORDESTE ORIENTAL;Piranhas-Açu;Federal;2025-06-10;Regular;Normal;;Operação;2019-01-01 00:00:00;-7,14678;-38,60036;ótima;2018-03-21;0;0;2018,0;15,0;Fundacao;4,55;Original;8;23;2;2;0;0;4;10;25;Baixo;Baixo;100,0;Completo;False;False;False;False;False;False;False;True;True;5;Media
102;Mandantes - PISF;;Abastecimento humano;PE;FLORESTA;Baixo;Alto;Ministério da Integração Nacional;Órgãos - Público;Agência Nacional de Águas e Saneamento Básico - ANA;02501.000517/2017-30;Sim;1133;Sim;Sim;Sim;2025-04-26;Não;21,4;21,4;3,82;1550,0;;Terra;Combate às secas;;;761196,0;Riacho dos Mandantes;Região Hidrográfica do SÃO FRANCISCO;São Francisco;Federal;2025-08-20;Regular;Atenção;;Operação;09-DEC-19;-8,67297;-38,19519;ótima;2018-03-21;0;0;2018,0;21,4;Fundacao;3,82;Original;9;28;4;4;0;0;4;13;32;Baixo;Baixo;100,0;Completo;False;False;False;False;False;False;False;True;True;5;Media
36592;Barragem 01 - Rio Pardo;;Irrigação;MG;SÃO JOÃO DO PARAÍSO;Não Classificado;Não Classificado;Denerval Germano da Cruz;Pessoa Física;Agência Nacional de Águas e Saneamento Básico - ANA;;Não Classificada;1967/2025;;Não;Não;;Não;3,0;3,0;0,204;75,0;;Sem Informação;;;;7778,0;Rio Pardo;Região Hidrográfica ATLÂNTICO LESTE;CBH do Rio Mosquito;Federal;;;;Não;;;-15,61061;-41,87969;média;2026-03-31;;;;3,0;Fundacao;0,204;Original;5;24;0;5;13;18;3;18;47;Baixo;Medio;77,8;Bom;True;True;True;False;False;False;True;False;False;6;Media
469;BARRAGEM Nº 03 - SEDE FAZENDA OK;;Irrigação;DF;BRASÍLIA;Não se Aplica;Baixo;LUIZ ESTEVÃO DE OLIVEIRA NETO;Pessoa Física;Agência Nacional de Águas e Saneamento Básico - ANA;02501.000652/2017-85;Não;213/2013;;Não;Não;;Não;5,0;;0,2;;0,0;Terra;;;;768478,0;Ribeirão São Bernardo;Região Hidrográfica do SÃO FRANCISCO;São Francisco;Federal;;;;Não;Operação;2000-01-01 00:00:00;-16,01197;-47,53286;ótima;2019-02-11;0;0;2019,0;5,0;Fundacao;0,2;Original;5;25;0;5;13;18;3;18;48;Baixo;Medio;66,7;Bom;True;True;True;False;False;True;True;False;False;6;Media
34475;Fazenda Recantão - Soleira;Soleira;Irrigação;MG;INDAIABIRA;Não se Aplica;Baixo;Januário Antônio de Araújo;Pessoa Física;Agência Nacional de Águas e Saneamento Básico - ANA;02501.000108/2025-43;Não Classificada;49/2026/SRB-ANA-SEI;;Não;Não;;Não;3,92;3,92;0,39;28,2;30,0;Concreto convencional;;;;7778,0;Rio Pardo;Região Hidrográfica ATLÂNTICO LESTE;CBH do Rio Mosquito;Federal;;;;Não;Operação;2013-01-01 00:00:00;-15,64439;-42,07114;ótima;2025-02-03;;;;3,92;Fundacao;0,39;Original;5;20;0;5;13;18;4;18;43;Baixo;Medio;77,8;Bom;True;True;True;False;False;False;True;False;False;6;Media
30405;Divino;;Industrial;MG;DIVINO;Não Classificado;Não Classificado;CONSTRUTORA PREART LTDA;Empresas em Geral - Privado;Agência Nacional de Águas e Saneamento Básico - ANA;;Não Classificada;;;Não;Não;;Não;;;;;;Sem Informação;;;;79224,0;Rio Carangola;Região Hidrográfica ATLÂNTICO SUDESTE;Paraíba do Sul;Federal;;;;Não;Desativada;2000-01-01 00:00:00;-20,635;-42,12917;mínima;2023-11-22;0;0;2023,0;;Sem_Dado;;Sem_Dado;5;29;0;5;13;18;2;18;52;Dados Insuficientes;Medio;44,4;Parcial;True;True;True;True;True;True;True;False;False;7;Alta
20978;Fazenda da Soledade;;Proteção do meio ambiente;RJ;MIGUEL PEREIRA;Não Classificado;Não Classificado;Elizabeth de Souza Ramos;Pessoa Física;Agência Nacional de Águas e Saneamento Básico - ANA;;Não Classificada;;;Não;Não;;Não;0,0;0,0;0,0;;0,0;Sem Informação;;;;79384,0;Rio São Pedro;Região Hidrográfica ATLÂNTICO SUDESTE;CBH do Rio Guandu (RJ);Estadual;;;;;Operação;2020-07-01 00:00:00;-22,56714;-43,51311;mínima;2020-07-01;NoData;NoData;2020,0;0,0;Fundacao;0,0;Original;6;26;0;5;13;18;3;19;49;Baixo;Medio;66,7;Bom;True;True;True;False;False;True;True;False;False;6;Media
20979;Fazenda Santa Fé - Barragem 01;;Irrigação;RS;ACEGUÁ;Não Classificado;Não Classificado;Maurício Cuerda Ferreira;Pessoa Física;Agência Nacional de Águas e Saneamento Básico - ANA;;Não Classificada;;;Não;Não;;Não;;;;;0,0;Sem Informação;;;;822692,0;SEM NOME;Região Hidrográfica do URUGUAI;CBH do Rio Negro (RS);Federal;;;;;Operação;2020-07-01 00:00:00;-31,75183;-54,23647;mínima;2020-07-01;NoData;NoData;2020,0;;Sem_Dado;;Sem_Dado;6;30;0;5;13;18;2;19;53;Dados Insuficientes;Medio;44,4;Parcial;True;True;True;True;True;True;True;False;False;7;Alta
23498;Massa d'Água #182958;;Irrigação;MT;SÃO FÉLIX DO ARAGUAIA;Não Classificado;Não Classificado;;;Agência Nacional de Águas e Saneamento Básico - ANA;;Não Classificada;;;Não;Não;;Não;;;;;;Sem Informação;;;;4254,0;Rio Comandante Fontoura;Região Hidrográfica AMAZÔNICA;;Estadual;;;;;;;-11,63933;-51,70381;mínima;2021-02-10;NoData;NoData;2021,0;;Sem_Dado;;Sem_Dado;3;31;0;5;13;18;1;16;54;Dados Insuficientes;Medio;33,3;Parcial;True;True;True;True;True;True;True;False;False;7;Alta
23506;Açude Dona Maria;Massa d'Água #186535;Recreação;PR;PALMAS;Não se Aplica;Baixo;Associação das Mulheres Indígenas de Palmas - Paraná;;Agência Nacional de Águas e Saneamento Básico - ANA;02501.004370/2024-86;Não;78/2025/SRB-ANA-SEI;;Não;Não;;Não;3,8;3,8;0,021;46,0;;Terra;Paisagismo;;;86228,0;Rio das Lontras;Região Hidrográfica do PARANÁ;CBH do Baixo Iguaçu;Estadual;;;;;Operação;1983-01-01 00:00:00;-26,50267;-52,03975;ótima;2021-02-10;3.8;NoData;2021,0;3,8;Fundacao;0,021;Original;6;21;0;5;13;18;4;19;44;Baixo;Medio;77,8;Bom;True;True;True;False;False;False;True;False;False;6;Media
23817;Massa d'Água #240988;;Irrigação;MS;DOURADINA;Não Classificado;Não Classificado;;;Agência Nacional de Águas e Saneamento Básico - ANA;;Não Classificada;;;Não;Não;;Não;;;;;;Sem Informação;;;;8638772,0;Córrego Panambi;Região Hidrográfica do PARANÁ;CBH do Rio Ivinhema;Federal;;;;;;;-22,01808;-54,61722;mínima;2021-02-23;NoData;NoData;2021,0;;Sem_Dado;;Sem_Dado;3;31;0;5;13;18;1;16;54;Dados Insuficientes;Medio;33,3;Parcial;True;True;True;True;True;True;True;False;False;7;Alta
23818;Massa d'Água #241244;;Irrigação;RS;PLANALTO;Não Classificado;Não Classificado;;;Agência Nacional de Águas e Saneamento Básico - ANA;;Não Classificada;;;Não;Não;;Não;;;;;;Sem Informação;;;;82772,0;Rio do Mel;Região Hidrográfica do URUGUAI;CBH do Várzea;Federal;;;;;;;-27,36164;-53,04656;mínima;2021-02-23;NoData;NoData;2021,0;;Sem_Dado;;Sem_Dado;3;31;0;5;13;18;1;16;54;Dados Insuficientes;Medio;33,3;Parcial;True;True;True;True;True;True;True;False;False;7;Alta
23825;Massa d'Água #243517;;Irrigação;MS;AQUIDAUANA;Não Classificado;Não Classificado;;;Agência Nacional de Águas e Saneamento Básico - ANA;;Não Classificada;;;Não;Não;;Não;;;;;;Sem Informação;;;;89524,0;Vazante Grande;Região Hidrográfica do PARAGUAI;CBH do Rio Miranda;Estadual;;;;;;;-20,21256;-56,05808;mínima;2021-02-23;NoData;NoData;2021,0;;Sem_Dado;;Sem_Dado;3;31;0;5;13;18;1;16;54;Dados Insuficientes;Medio;33,3;Parcial;True;True;True;True;True;True;True;False;False;7;Alta
23792;Massa d'Água #234817;;Irrigação;RS;SÃO FRANCISCO DE PAULA;Não Classificado;Não Classificado;;;Agência Nacional de Águas e Saneamento Básico - ANA;;Não Classificada;;;Não;Não;;Não;;;;;;Sem Informação;;;;7962,0;Rio Rolante;Região Hidrográfica ATLÂNTICO SUL;CBH do Rio dos Sinos;Estadual;;;;;;;-29,41056;-50,38642;mínima;2021-02-17;NoData;NoData;2021,0;;Sem_Dado;;Sem_Dado;3;31;0;5;13;18;1;16;54;Dados Insuficientes;Medio;33,3;Parcial;True;True;True;True;True;True;True;False;False;7;Alta
23815;Massa d'Água #240888;;Irrigação;MT;BRASNORTE;Não Classificado;Não Classificado;;;Agência Nacional de Águas e Saneamento Básico - ANA;;Não Classificada;;;Não;Não;;Não;;;;;;Sem Informação;;;;4494182,0;SEM NOME;Região Hidrográfica AMAZÔNICA;;Federal;;;;;;;-12,3175;-58,31706;mínima;2021-02-23;NoData;NoData;2021,0;;Sem_Dado;;Sem_Dado;3;31;0;5;13;18;1;16;54;Dados Insuficientes;Medio;33,3;Parcial;True;True;True;True;True;True;True;False;False;7;Alta
23848;Massa d'Água #243710;;Irrigação;DF;BRASÍLIA;Não Classificado;Não Classificado;;;Agência Nacional de Águas e Saneamento Básico - ANA;;Não Classificada;;;Não;Não;;Não;;;;;;Sem Informação;;;;648,0;Rio Maranhão;Região Hidrográfica do TOCANTINS-ARAGUAIA;CBH dos Afluentes do Rio Maranhão;Federal;;;;;;;-15,501;-47,62439;mínima;2021-02-25;NoData;NoData;2021,0;;Sem_Dado;;Sem_Dado;3;31;0;5;13;18;1;16;54;Dados Insuficientes;Medio;33,3;Parcial;True;True;True;True;True;True;True;False;False;7;Alta
23854;Massa d'Água #243741;;Irrigação;BA;PEDRO ALEXANDRE;Não Classificado;Não Classificado;;;Agência Nacional de Águas e Saneamento Básico - ANA;;Não Classificada;;;Não;Não;;Não;;;;;;Sem Informação;;;;771496,0;Riacho Melancia;Região Hidrográfica ATLÂNTICO LESTE;;Federal;;;;;;;-10,25736;-37,77939;mínima;2021-02-25;NoData;NoData;2021,0;;Sem_Dado;;Sem_Dado;3;31;0;5;13;18;1;16;54;Dados Insuficientes;Medio;33,3;Parcial;True;True;True;True;True;True;True;False;False;7;Alta
23861;Massa d'Água #243772;;Irrigação;BA;CÂNDIDO SALES;Não Classificado;Não Classificado;;;Agência Nacional de Águas e Saneamento Básico - ANA;;Não Classificada;;;Não;Não;;Não;;;;;;Sem Informação;;;;77786,0;Córrego Mangueira;Região Hidrográfica ATLÂNTICO LESTE;;Federal;;;;;;;-15,24914;-41,3745;mínima;2021-02-25;NoData;NoData;2021,0;;Sem_Dado;;Sem_Dado;3;31;0;5;13;18;1;16;54;Dados Insuficientes;Medio;33,3;Parcial;True;True;True;True;True;True;True;False;False;7;Alta
22228;Massa d'Água #63839;;Irrigação;PB;BREJO DO CRUZ;Não Classificado;Não Classificado;;;Agência Nacional de Águas e Saneamento Básico - ANA;;Não Classificada;;;Não;Não;;Não;;;;;;Sem Informação;;;;75636,0;SEM NOME;Região Hidrográfica ATLÂNTICO NORDESTE ORIENTAL;Piranhas-Açu;Federal;;;;;;;-6,33422;-37,45375;mínima;2020-12-30;NoData;NoData;2020,0;;Sem_Dado;;Sem_Dado;3;31;0;5;13;18;1;16;54;Dados Insuficientes;Medio;33,3;Parcial;True;True;True;True;True;True;True;False;False;7;Alta
22380;Massa d'Água #95969;;Irrigação;BA;UNA;Não Classificado;Não Classificado;;;Agência Nacional de Águas e Saneamento Básico - ANA;;Não Classificada;;;Não;Não;;Não;;;;;;Sem Informação;;;;777564,0;Rio Maruim;Região Hidrográfica ATLÂNTICO LESTE;CBH do Leste;Estadual;;;;;;;-15,06489;-39,19889;mínima;2021-01-19;NoData;NoData;2021,0;;Sem_Dado;;Sem_Dado;3;31;0;5;13;18;1;16;54;Dados Insuficientes;Medio;33,3;Parcial;True;True;True;True;True;True;True;False;False;7;Alta
22394;Massa d'Água #102797;;Irrigação;MT;BRASNORTE;Não Classificado;Não Classificado;;;Agência Nacional de Águas e Saneamento Básico - ANA;;Não Classificada;;;Não;Não;;Não;;;;;;Sem Informação;;;;448,0;Rio do Sangue;Região Hidrográfica AMAZÔNICA;;Estadual;;;;;;;-12,79483;-57,4045;mínima;2021-01-20;NoData;NoData;2021,0;;Sem_Dado;;Sem_Dado;3;31;0;5;13;18;1;16;54;Dados Insuficientes;Medio;33,3;Parcial;True;True;True;True;True;True;True;False;False;7;Alta
22403;Massa d'Água #105287;;Irrigação;MT;LUCIARA;Não Classificado;Não Classificado;;;Agência Nacional de Águas e Saneamento Básico - ANA;;Não Classificada;;;Não;Não;;Não;;;;;;Sem Informação;;;;67946,0;Córrego Santa Vitória;Região Hidrográfica do TOCANTINS-ARAGUAIA;;Estadual;;;;;;;-11,26633;-50,84381;mínima;2021-01-20;NoData;NoData;2021,0;;Sem_Dado;;Sem_Dado;3;31;0;5;13;18;1;16;54;Dados Insuficientes;Medio;33,3;Parcial;True;True;True;True;True;True;True;False;False;7;Alta
22727;Massa d'Água #168355;;Irrigação;MS;IGUATEMI;Não Classificado;Não Classificado;;;Agência Nacional de Águas e Saneamento Básico - ANA;;Não Classificada;;;Não;Não;;Não;;;;;;Sem Informação;;;;86332222,0;Córrego Mandeí;Região Hidrográfica do PARANÁ;;Federal;;;;;;;-23,50764;-54,68208;mínima;2021-02-07;NoData;NoData;2021,0;;Sem_Dado;;Sem_Dado;3;31;0;5;13;18;1;16;54;Dados Insuficientes;Medio;33,3;Parcial;True;True;True;True;True;True;True;False;False;7;Alta
20966;Fazenda Engenho das Lages;;Irrigação;DF;BRASÍLIA;Não Classificado;Não Classificado;Terracap - Companhia Imobiliária do Distrito Federal;;Agência Nacional de Águas e Saneamento Básico - ANA;02501.002565/2024-91;Não Classificada;;;Não;Não;;Não;;;;;0,0;Sem Informação;;;;8696942,0;Ribeirão Engenho das Lajes;Região Hidrográfica do PARANÁ;Paranaíba;Federal;;;;;Operação;2020-06-30 00:00:00;-15,95706;-48,16689;mínima;2020-06-30;0;0;2020,0;;Sem_Dado;;Sem_Dado;6;30;0;5;13;18;2;19;53;Dados Insuficientes;Medio;44,4;Parcial;True;True;True;True;True;True;True;False;False;7;Alta
21061;Fazenda Santana V;;Irrigação;PR;CASTRO;Não se Aplica;Baixo;Rodrigo Carraro;Pessoa Física;Agência Nacional de Águas e Saneamento Básico - ANA;02501.004383/2024-55;Não Classificada;109/2025/SRB-ANA-SEI;;Não;Não;;Não;2,0;2,0;0,006;40,0;0,84;Terra;;;;7948,0;Rio Ribeirão Grande e Rio São Pedro;Região Hidrográfica do PARANÁ;CBH do Alto Iguaçu e Afluentes do Alto Ribeira;Estadual;;;;;Operação;1994-01-01 00:00:00;-25,03217;-49,93744;ótima;2020-07-03;NoData;NoData;2020,0;2,0;Fundacao;0,006;Original;6;21;0;5;13;18;4;19;44;Baixo;Medio;77,8;Bom;True;True;True;False;False;False;True;False;False;6;Media
21065;Fazenda Santa Rita;;Dessedentação Animal;MG;NANUQUE;Não se Aplica;Baixo;Nerval Carvalho;Pessoa Física;Agência Nacional de Águas e Saneamento Básico - ANA;02501.004511/2024-61;Não;;;Não;Não;;Não;2,5;2,5;0,023;0,0;0,0;Terra;;;;7797892,0;Córrego Barreado;Região Hidrográfica ATLÂNTICO LESTE;;Federal;;;;;Operação;2020-07-03 00:00:00;-17,94025;-40,31894;baixa;2020-07-03;0;0;2020,0;2,5;Fundacao;0,023;Original;8;23;0;5;13;18;4;21;46;Baixo;Medio;77,8;Bom;True;True;True;False;False;False;True;False;False;6;Media
23388;Massa d'Água #170000;;Irrigação;AL;PALMEIRA DOS ÍNDIOS;Não Classificado;Não Classificado;;;Agência Nacional de Águas e Saneamento Básico - ANA;;Não Classificada;;;Não;Não;;Não;;;;;;Sem Informação;;;;7599898,0;SEM NOME;Região Hidrográfica ATLÂNTICO NORDESTE ORIENTAL;CBH do Rio Coruripe;Estadual;;;;;;;-9,38656;-36,68081;mínima;2021-02-09;NoData;NoData;2021,0;;Sem_Dado;;Sem_Dado;3;31;0;5;13;18;1;16;54;Dados Insuficientes;Medio;33,3;Parcial;True;True;True;True;True;True;True;False;False;7;Alta
23628;Massa d'Água #203720;;Irrigação;MS;IGUATEMI;Não Classificado;Não Classificado;;;Agência Nacional de Águas e Saneamento Básico - ANA;;Não Classificada;;;Não;Não;;Não;;;;;;Sem Informação;;;;86332232,0;Córrego Costa Rica;Região Hidrográfica do PARANÁ;;Federal;;;;;;;-23,4265;-54,70769;mínima;2021-02-12;NoData;NoData;2021,0;;Sem_Dado;;Sem_Dado;3;31;0;5;13;18;1;16;54;Dados Insuficientes;Medio;33,3;Parcial;True;True;True;True;True;True;True;False;False;7;Alta
22350;Açude Sede 03;Massa d'Água #88262;Recreação;PR;PALMAS;Não se Aplica;Baixo;Associação das Mulheres Indígenas de Palmas - Paraná;;Agência Nacional de Águas e Saneamento Básico - ANA;02501.004315/2024-96;Não;81/2025/SRB-ANA-SEI;;Não;Não;;Não;2,0;2,0;0,011;41,0;;Terra;Paisagismo;;;86228,0;Rio das Lontras;Região Hidrográfica do PARANÁ;CBH do Baixo Iguaçu;Estadual;;;;;Operação;1983-01-01 00:00:00;-26,51358;-52,04289;ótima;2021-01-19;2.5;0;2021,0;2,0;Fundacao;0,011;Original;6;21;0;5;13;18;4;19;44;Baixo;Medio;77,8;Bom;True;True;True;False;False;False;True;False;False;6;Media
22354;Massa d'Água #89487;;Irrigação;BA;BUERAREMA;Não Classificado;Não Classificado;;;Agência Nacional de Águas e Saneamento Básico - ANA;;Não Classificada;;;Não;Não;;Não;;;;;;Sem Informação;;;;777426,0;Rio Santaninha;Região Hidrográfica ATLÂNTICO LESTE;CBH do Leste;Estadual;;;;;;;-15,04589;-39,20742;mínima;2021-01-19;NoData;NoData;2021,0;;Sem_Dado;;Sem_Dado;3;31;0;5;13;18;1;16;54;Dados Insuficientes;Medio;33,3;Parcial;True;True;True;True;True;True;True;False;False;7;Alta
23637;Massa d'Água #204262;;Irrigação;SP;SÃO JOSÉ DO BARREIRO;Não Classificado;Não Classificado;;;Agência Nacional de Águas e Saneamento Básico - ANA;;Não Classificada;;;Não;Não;;Não;;;;;;Sem Informação;;;;793924,0;Ribeirão do Veado;Região Hidrográfica ATLÂNTICO SUDESTE;CBH do Paraíba do Sul;Estadual;;;;;;;-22,81744;-44,62206;mínima;2021-02-12;NoData;NoData;2021,0;;Sem_Dado;;Sem_Dado;3;31;0;5;13;18;1;16;54;Dados Insuficientes;Medio;33,3;Parcial;True;True;True;True;True;True;True;False;False;7;Alta
23652;Massa d'Água #207050;;Irrigação;MS;PARANHOS;Não Classificado;Não Classificado;;;Agência Nacional de Águas e Saneamento Básico - ANA;;Não Classificada;;;Não;Não;;Não;;;;;;Sem Informação;;;;863329354,0;Córrego Areia Branca;Região Hidrográfica do PARANÁ;;Federal;;;;;;;-23,69956;-55,44269;mínima;2021-02-12;NoData;NoData;2021,0;;Sem_Dado;;Sem_Dado;3;31;0;5;13;18;1;16;54;Dados Insuficientes;Medio;33,3;Parcial;True;True;True;True;True;True;True;False;False;7;Alta
23669;Massa d'Água #210326;;Irrigação;BA;BUERAREMA;Não Classificado;Não Classificado;;;Agência Nacional de Águas e Saneamento Básico - ANA;;Não Classificada;;;Não;Não;;Não;;;;;;Sem Informação;;;;777426,0;Rio Santaninha;Região Hidrográfica ATLÂNTICO LESTE;CBH do Leste;Estadual;;;;;;;-15,03575;-39,18569;mínima;2021-02-12;NoData;NoData;2021,0;;Sem_Dado;;Sem_Dado;3;31;0;5;13;18;1;16;54;Dados Insuficientes;Medio;33,3;Parcial;True;True;True;True;True;True;True;False;False;7;Alta
23673;Massa d'Água #213739;;Irrigação;MG;CABECEIRA GRANDE;Não Classificado;Não Classificado;;;Agência Nacional de Águas e Saneamento Básico - ANA;;Não Classificada;;;Não;Não;;Não;;;;;;Sem Informação;;;;76846,0;Ribeirão Roncador;Região Hidrográfica do SÃO FRANCISCO;São Francisco;Federal;;;;;;;-15,93986;-46,93975;mínima;2021-02-12;NoData;NoData;2021,0;;Sem_Dado;;Sem_Dado;3;31;0;5;13;18;1;16;54;Dados Insuficientes;Medio;33,3;Parcial;True;True;True;True;True;True;True;False;False;7;Alta
21024;Caiça de Cima;;Irrigação;BA;PARIPIRANGA;Não Classificado;Não Classificado;Pedro Gonçalves de Santana;Pessoa Física;Agência Nacional de Águas e Saneamento Básico - ANA;;Não Classificada;;;Não;Não;;Não;0,0;0,0;0,0;;0,0;Sem Informação;;;;7718294,0;Rio Caiçá;Região Hidrográfica ATLÂNTICO LESTE;;Federal;;;;;Operação;2020-07-02 00:00:00;-10,704;-37,87847;mínima;2020-07-02;NoData;NoData;2020,0;0,0;Fundacao;0,0;Original;6;26;0;5;13;18;3;19;49;Baixo;Medio;66,7;Bom;True;True;True;False;False;True;True;False;False;6;Media
19541;Fazenda Progresso;;Irrigação;ES;PEDRO CANÁRIO;Não se Aplica;Baixo;Marcelo Abreu de Souza;Pessoa Física;Agência Nacional de Águas e Saneamento Básico - ANA;;Não;108/2019;;Não;Não;;Não;5,0;;0,176;128,0;;Terra;;;;7797872,0;Córrego do Engano;Região Hidrográfica ATLÂNTICO LESTE;CBH do Rio Itaúnas;Federal;;;;;Construção;2019-01-17 00:00:00;-18,16147;-40,03958;ótima;2020-01-07;0;0;2020,0;5,0;Fundacao;0,176;Original;8;23;0;5;13;18;4;21;46;Baixo;Medio;77,8;Bom;True;True;True;False;False;False;True;False;False;6;Media
22201;Massa d'Água #28256;;Irrigação;PB;SÃO JOSÉ DO BREJO DO CRUZ;Não Classificado;Não Classificado;;;Agência Nacional de Águas e Saneamento Básico - ANA;;Não Classificada;;;Não;Não;;Não;;;;;;Sem Informação;;;;7563364,0;SEM NOME;Região Hidrográfica ATLÂNTICO NORDESTE ORIENTAL;Piranhas-Açu;Federal;;;;;;;-6,27164;-37,31781;mínima;2020-12-29;NoData;NoData;2020,0;;Sem_Dado;;Sem_Dado;3;31;0;5;13;18;1;16;54;Dados Insuficientes;Medio;33,3;Parcial;True;True;True;True;True;True;True;False;False;7;Alta
22468;Massa d'Água #129111;;Irrigação;MT;ALTO BOA VISTA;Não Classificado;Não Classificado;;;Agência Nacional de Águas e Saneamento Básico - ANA;;Não Classificada;;;Não;Não;;Não;;;;;;Sem Informação;;;;6822,0;SEM NOME;Região Hidrográfica do TOCANTINS-ARAGUAIA;;Federal;;;;;;;-11,94867;-51,67247;mínima;2021-01-22;NoData;NoData;2021,0;;Sem_Dado;;Sem_Dado;3;31;0;5;13;18;1;16;54;Dados Insuficientes;Medio;33,3;Parcial;True;True;True;True;True;True;True;False;False;7;Alta
20953;Granja Alvorada;;Irrigação;PE;PESQUEIRA;Não Classificado;Não Classificado;Leonardo Gomes da Silva;Pessoa Física;Agência Nacional de Águas e Saneamento Básico - ANA;;Não Classificada;;;Não;Não;;Não;0,0;0,0;0,0;;0,0;Sem Informação;;;;76114,0;Rio Ipanema;Região Hidrográfica do SÃO FRANCISCO;São Francisco;Federal;;;;;Operação;2020-06-30 00:00:00;-8,37542;-36,69644;mínima;2020-06-30;NoData;NoData;2020,0;0,0;Fundacao;0,0;Original;6;26;0;5;13;18;3;19;49;Baixo;Medio;66,7;Bom;True;True;True;False;False;True;True;False;False;6;Media
23753;Massa d'Água #223313;;Irrigação;MS;AQUIDAUANA;Não Classificado;Não Classificado;;;Agência Nacional de Águas e Saneamento Básico - ANA;;Não Classificada;;;Não;Não;;Não;;;;;;Sem Informação;;;;8952442,0;SEM NOME;Região Hidrográfica do PARAGUAI;CBH do Rio Miranda;Estadual;;;;;;;-20,22772;-56,05122;mínima;2021-02-15;NoData;NoData;2021,0;;Sem_Dado;;Sem_Dado;3;31;0;5;13;18;1;16;54;Dados Insuficientes;Medio;33,3;Parcial;True;True;True;True;True;True;True;False;False;7;Alta
22231;Barragem do Sítio Tambori;Massa d'Água #66253;Irrigação;BA;TREMEDAL;Não se Aplica;Baixo;Marcelo Rocha Lima;Pessoa Física;Agência Nacional de Águas e Saneamento Básico - ANA;02501.001666/2025-26;Não;85/2025/SRB-ANA-SEI;;Não;Não;;Não;4,0;4,0;0,088;;;Sem Informação;Dessedentação Animal;;;77644,0;Ribeirão da Ressaca;Região Hidrográfica ATLÂNTICO LESTE;CBH do Rio de Contas;Federal;;;;Não;Operação;2034-01-01 00:00:00;-15,11525;-41,45767;ótima;2020-12-30;NoData;NoData;2020,0;4,0;Fundacao;0,088;Original;7;27;0;5;13;18;3;20;50;Baixo;Medio;66,7;Bom;True;True;True;False;False;True;True;False;False;6;Media
23779;Massa d'Água #231234;;Irrigação;MS;IGUATEMI;Não Classificado;Não Classificado;;;Agência Nacional de Águas e Saneamento Básico - ANA;;Não Classificada;;;Não;Não;;Não;;;;;;Sem Informação;;;;86332232,0;Córrego Ipané;Região Hidrográfica do PARANÁ;;Federal;;;;;;;-23,51408;-54,73061;mínima;2021-02-15;NoData;NoData;2021,0;;Sem_Dado;;Sem_Dado;3;31;0;5;13;18;1;16;54;Dados Insuficientes;Medio;33,3;Parcial;True;True;True;True;True;True;True;False;False;7;Alta
20877;Fazenda Sombrio;;Irrigação;PB;NOVA PALMEIRA;Não Classificado;Não Classificado;José Edmilson de Macedo Dantas;Pessoa Física;Agência Nacional de Águas e Saneamento Básico - ANA;;Não Classificada;;;Não;Não;;Não;0,0;0,0;0,0;;0,0;Sem Informação;;;;7562,0;Riachão Riachão;Região Hidrográfica ATLÂNTICO NORDESTE ORIENTAL;Piranhas-Açu;Federal;;;;;Operação;2020-06-27 00:00:00;-6,68872;-36,34628;mínima;2020-06-27;NoData;NoData;2020,0;0,0;Fundacao;0,0;Original;6;26;0;5;13;18;3;19;49;Baixo;Medio;66,7;Bom;True;True;True;False;False;True;True;False;False;6;Media
22185;Massa d'Água #26234;;Irrigação;PB;PEDRA LAVRADA;Não Classificado;Não Classificado;;;Agência Nacional de Águas e Saneamento Básico - ANA;;Não Classificada;;;Não;Não;;Não;;;;;;Sem Informação;;;;756286492,0;SEM NOME;Região Hidrográfica ATLÂNTICO NORDESTE ORIENTAL;Piranhas-Açu;Federal;;;;;;;-6,75167;-36,47869;mínima;2020-12-29;NoData;NoData;2020,0;;Sem_Dado;;Sem_Dado;3;31;0;5;13;18;1;16;54;Dados Insuficientes;Medio;33,3;Parcial;True;True;True;True;True;True;True;False;False;7;Alta
23784;Massa d'Água #233184;;Irrigação;MT;BRASNORTE;Não Classificado;Não Classificado;;;Agência Nacional de Águas e Saneamento Básico - ANA;;Não Classificada;;;Não;Não;;Não;;;;;;Sem Informação;;;;448222,0;Rio Ulisses;Região Hidrográfica AMAZÔNICA;;Federal;;;;;;;-12,30294;-58,17047;mínima;2021-02-15;NoData;NoData;2021,0;;Sem_Dado;;Sem_Dado;3;31;0;5;13;18;1;16;54;Dados Insuficientes;Medio;33,3;Parcial;True;True;True;True;True;True;True;False;False;7;Alta
23885;Massa d'Água #243905;;Irrigação;PB;SANTA INÊS;Não Classificado;Não Classificado;;;Agência Nacional de Águas e Saneamento Básico - ANA;;Não Classificada;;;Não;Não;;Não;;;;;;Sem Informação;;;;761264,0;SEM NOME;Região Hidrográfica do SÃO FRANCISCO;São Francisco;Federal;;;;;;;-7,69369;-38,61378;mínima;2021-02-25;NoData;NoData;2021,0;;Sem_Dado;;Sem_Dado;3;31;0;5;13;18;1;16;54;Dados Insuficientes;Medio;33,3;Parcial;True;True;True;True;True;True;True;False;False;7;Alta
20987;Fazenda Bela Vista;;Irrigação;PA;DOM ELISEU;Não Classificado;Não Classificado;Jair Antunes da Luz;Pessoa Física;Agência Nacional de Águas e Saneamento Básico - ANA;;Não Classificada;;;Não;Não;;Não;0,0;0,0;0,0;;0,0;Sem Informação;;;;71486,0;SEM NOME;Região Hidrográfica ATLÂNTICO NORDESTE OCIDENTAL;;Federal;;;;;Operação;2020-07-01 00:00:00;-4,58014;-47,79828;mínima;2020-07-01;NoData;NoData;2020,0;0,0;Fundacao;0,0;Original;6;26;0;5;13;18;3;19;49;Baixo;Medio;66,7;Bom;True;True;True;False;False;True;True;False;False;6;Media
22253;Massa d'Água #68264;;Irrigação;BA;UNA;Não Classificado;Não Classificado;;;Agência Nacional de Águas e Saneamento Básico - ANA;;Não Classificada;;;Não;Não;;Não;;;;;;Sem Informação;;;;777562,0;Rio da Serra;Região Hidrográfica ATLÂNTICO LESTE;CBH do Leste;Estadual;;;;;;;-15,21417;-39,04647;mínima;2021-01-06;NoData;NoData;2021,0;;Sem_Dado;;Sem_Dado;3;31;0;5;13;18;1;16;54;Dados Insuficientes;Medio;33,3;Parcial;True;True;True;True;True;True;True;False;False;7;Alta
22254;Massa d'Água #68570;;Irrigação;MG;NANUQUE;Não Classificado;Não Classificado;;;Agência Nacional de Águas e Saneamento Básico - ANA;;Não Classificada;;;Não;Não;;Não;;;;;;Sem Informação;;;;7797892,0;Córrego Barreado e Córrego Limoeiro;Região Hidrográfica ATLÂNTICO LESTE;;Federal;;;;;;;-17,92075;-40,43697;mínima;2021-01-06;NoData;NoData;2021,0;;Sem_Dado;;Sem_Dado;3;31;0;5;13;18;1;16;54;Dados Insuficientes;Medio;33,3;Parcial;True;True;True;True;True;True;True;False;False;7;Alta
22259;Massa d'Água #69653;;Irrigação;MT;BRASNORTE;Não Classificado;Não Classificado;;;Agência Nacional de Águas e Saneamento Básico - ANA;;Não Classificada;;;Não;Não;;Não;;;;;;Sem Informação;;;;448188,0;SEM NOME;Região Hidrográfica AMAZÔNICA;;Federal;;;;;;;-12,18367;-58,26817;mínima;2021-01-06;NoData;NoData;2021,0;;Sem_Dado;;Sem_Dado;3;31;0;5;13;18;1;16;54;Dados Insuficientes;Medio;33,3;Parcial;True;True;True;True;True;True;True;False;False;7;Alta
21219;Loteamento Cachoeirinha ;;Paisagismo;MG;TOLEDO;Não se Aplica;Baixo;Zildo Alexandro de Oliveira;Pessoa Física;Agência Nacional de Águas e Saneamento Básico - ANA;02501.004789/2022-76;Não;1930/2020;;Não;Não;;Não;2,5;;0,014;41,0;0,8;Terra;Recreação;;;86668996,0;Córrego das Pitangueiras;Região Hidrográfica do PARANÁ;PCJ;Federal;;;;Não;Operação;16-SEP-80;-22,74889;-46,37;ótima;2020-09-16;0;0;2020,0;2,5;Fundacao;0,014;Original;5;24;0;5;13;18;4;18;47;Baixo;Medio;77,8;Bom;True;True;True;False;False;False;True;False;False;6;Media
20830;Fazenda Santa Amália - Barragem 02;;Irrigação;GO;NOVO PLANALTO;Não Classificado;Não Classificado;Francisco Eduardo Ribeiro Soares;Pessoa Física;Agência Nacional de Águas e Saneamento Básico - ANA;;Não Classificada;;;Não;Não;;Não;;;;;0,0;Sem Informação;;;;6698,0;Ribeirão Chato;Região Hidrográfica do TOCANTINS-ARAGUAIA;CBH Médio Araguaia;Federal;;;;;Operação;2020-06-25 00:00:00;-13,02922;-49,88481;mínima;2020-06-25;NoData;NoData;2020,0;;Sem_Dado;;Sem_Dado;6;30;0;5;13;18;2;19;53;Dados Insuficientes;Medio;44,4;Parcial;True;True;True;True;True;True;True;False;False;7;Alta
20840;Fazenda Santa Luzia - Barragem 02;;Irrigação;GO;SÃO MIGUEL DO ARAGUAIA;Não Classificado;Não Classificado;João de Almeida Filho;Pessoa Física;Agência Nacional de Águas e Saneamento Básico - ANA;;Não Classificada;;;Não;Não;;Não;;;;;0,0;Sem Informação;;;;666,0;Ribeirão Baião;Região Hidrográfica do TOCANTINS-ARAGUAIA;CBH Médio Araguaia;Federal;;;;;Operação;2020-06-25 00:00:00;-13,31317;-50,16089;mínima;2020-06-25;NoData;NoData;2020,0;;Sem_Dado;;Sem_Dado;6;30;0;5;13;18;2;19;53;Dados Insuficientes;Medio;44,4;Parcial;True;True;True;True;True;True;True;False;False;7;Alta
21039;Fazenda São Roque - Barragem 01;;Irrigação;RN;SANTANA DO SERIDÓ;Não Classificado;Não Classificado;NEY CARLOS DIAS DE AZEVEDO;Pessoa Física;Agência Nacional de Águas e Saneamento Básico - ANA;;Não Classificada;;;Não;Não;;Não;;;;;0,0;Sem Informação;;;;756246,0;Rio São José;Região Hidrográfica ATLÂNTICO NORDESTE ORIENTAL;Piranhas-Açu;Federal;;;;;Operação;2020-07-02 00:00:00;-6,70744;-36,82456;mínima;2020-07-02;NoData;NoData;2020,0;;Sem_Dado;;Sem_Dado;6;30;0;5;13;18;2;19;53;Dados Insuficientes;Medio;44,4;Parcial;True;True;True;True;True;True;True;False;False;7;Alta
32392;Soleira Nova Conquista;;Irrigação;BA;ENCRUZILHADA;Não se Aplica;Baixo;Camila Rodrigues Khouri;Pessoa Física;Agência Nacional de Águas e Saneamento Básico - ANA;02501.005719/2024-05;Não;2179;;Não;Não;;Não;3,0;3,0;0,032;45,0;;Concreto convencional;;;;7778,0;Rio Pardo;Região Hidrográfica ATLÂNTICO LESTE;;Federal;;;;;Operação;03-SEP-24;-15,50861;-41,30333;ótima;2024-10-30;NoData;NoData;2024,0;3,0;Fundacao;0,032;Original;3;22;0;5;13;18;4;16;45;Baixo;Medio;77,8;Bom;True;True;True;False;False;False;True;False;False;6;Media
29952;BARRAGEM SANTA MARIA;JMG PARTICIPAÇÕES EMPREENDIMENTOS E AGROPECUARIA LTDA;Irrigação;MG;ABAETÉ;Baixo;Baixo;JMG PARTICIPAÇÕES EMPREENDIMENTOS E AGROPECUARIA LTDA;;Agência Nacional de Águas e Saneamento Básico - ANA;2240.01.0007662/2021-44;Sim;1614/2024;;Não;Não;2023-11-21;Sim;12,0;8,08;13,733;;;Sem Informação;Regularização de vazão;;;76972,0;Ribeirão São Vicente;Região Hidrográfica do SÃO FRANCISCO;São Francisco;Federal;;;;;Operação;2000-01-01 00:00:00;-19,00547;-45,40144;boa;2023-09-06;;;;12,0;Fundacao;13,733;Original;5;25;0;5;13;18;3;18;48;Baixo;Medio;66,7;Bom;True;True;True;False;False;True;True;True;False;8;Alta
20839;Fazenda Santa Luzia - Barragem 01;;Irrigação;GO;SÃO MIGUEL DO ARAGUAIA;Não Classificado;Não Classificado;João de Almeida Filho;Pessoa Física;Agência Nacional de Águas e Saneamento Básico - ANA;;Não Classificada;;;Não;Não;;Não;;;;;0,0;Sem Informação;;;;666,0;Ribeirão Baião;Região Hidrográfica do TOCANTINS-ARAGUAIA;CBH Médio Araguaia;Federal;;;;;Operação;2020-06-25 00:00:00;-13,30692;-50,16419;mínima;2020-06-25;NoData;NoData;2020,0;;Sem_Dado;;Sem_Dado;6;30;0;5;13;18;2;19;53;Dados Insuficientes;Medio;44,4;Parcial;True;True;True;True;True;True;True;False;False;7;Alta
21035;Sítio Fortuna;;Irrigação;RN;PATU;Não Classificado;Não Classificado;DAMIÃO BELARMINO DO NASCIMENTO;Pessoa Física;Agência Nacional de Águas e Saneamento Básico - ANA;;Não Classificada;;;Não;Não;;Não;0,0;0,0;0,0;;0,0;Sem Informação;;;;75632958,0;SEM NOME;Região Hidrográfica ATLÂNTICO NORDESTE ORIENTAL;Piranhas-Açu;Federal;;;;;Operação;2020-07-02 00:00:00;-6,16842;-37,64764;mínima;2020-07-02;NoData;NoData;2020,0;0,0;Fundacao;0,0;Original;6;26;0;5;13;18;3;19;49;Baixo;Medio;66,7;Bom;True;True;True;False;False;True;True;False;False;6;Media
30959;Jusante Timbaúba (Código SRE 183);;Irrigação;PB;SOSSÊGO;Não Classificado;Não Classificado;Instituto Nacional de Colonização e Reforma Agrária - INCRA - PB;;Agência Nacional de Águas e Saneamento Básico - ANA;;Não Classificada;;;Não;Não;;Não;;;;;;Sem Informação;;;;75742,0;Riacho do São Bento;Região Hidrográfica ATLÂNTICO NORDESTE ORIENTAL;;Federal;;;;;;;-6,77944;-36,22528;mínima;2024-02-07;0;0;2024,0;;Sem_Dado;;Sem_Dado;3;31;0;5;13;18;1;16;54;Dados Insuficientes;Medio;44,4;Parcial;True;True;True;True;True;True;True;False;False;7;Alta
20889;Sítio Bom Conselho;;Irrigação;PB;VÁRZEA;Não Classificado;Não Classificado;Manoel Mário da Nóbrega;Pessoa Física;Agência Nacional de Águas e Saneamento Básico - ANA;;Não Classificada;;;Não;Não;;Não;0,0;0,0;0,0;;0,0;Sem Informação;;;;7562242,0;Riacho da Cozinha;Região Hidrográfica ATLÂNTICO NORDESTE ORIENTAL;Piranhas-Açu;Federal;;;;;Operação;2020-06-29 00:00:00;-6,82036;-37,05942;mínima;2020-06-29;NoData;NoData;2020,0;0,0;Fundacao;0,0;Original;6;26;0;5;13;18;3;19;49;Baixo;Medio;66,7;Bom;True;True;True;False;False;True;True;False;False;6;Media
22641;Massa d'Água #166622;;Irrigação;MT;ALTO BOA VISTA;Não Classificado;Não Classificado;;;Agência Nacional de Águas e Saneamento Básico - ANA;;Não Classificada;;;Não;Não;;Não;;;;;;Sem Informação;;;;4254,0;Rio Comandante Fontoura;Região Hidrográfica AMAZÔNICA;;Estadual;;;;;;;-11,74075;-51,77036;mínima;2021-01-28;NoData;NoData;2021,0;;Sem_Dado;;Sem_Dado;3;31;0;5;13;18;1;16;54;Dados Insuficientes;Medio;33,3;Parcial;True;True;True;True;True;True;True;False;False;7;Alta
22643;Massa d'Água #167643;;Irrigação;BA;ILHÉUS;Não Classificado;Não Classificado;;;Agência Nacional de Águas e Saneamento Básico - ANA;;Não Classificada;;;Não;Não;;Não;;;;;;Sem Informação;;;;77754,0;Rio Aguípe;Região Hidrográfica ATLÂNTICO LESTE;CBH do Leste;Estadual;;;;;;;-15,00694;-39,03444;mínima;2021-01-28;NoData;NoData;2021,0;;Sem_Dado;;Sem_Dado;3;31;0;5;13;18;1;16;54;Dados Insuficientes;Medio;33,3;Parcial;True;True;True;True;True;True;True;False;False;7;Alta
23398;Massa d'Água #172607;;Irrigação;MT;SÃO FÉLIX DO ARAGUAIA;Não Classificado;Não Classificado;;;Agência Nacional de Águas e Saneamento Básico - ANA;;Não Classificada;;;Não;Não;;Não;;;;;;Sem Informação;;;;4254,0;Rio Comandante Fontoura;Região Hidrográfica AMAZÔNICA;;Estadual;;;;;;;-11,60011;-51,71878;mínima;2021-02-09;NoData;NoData;2021,0;;Sem_Dado;;Sem_Dado;3;31;0;5;13;18;1;16;54;Dados Insuficientes;Medio;33,3;Parcial;True;True;True;True;True;True;True;False;False;7;Alta
18026;Fazenda São Luiz Montante;;Irrigação;ES;CONCEIÇÃO DA BARRA;Não se Aplica;Baixo;Apal - Agropecuária Aliança AS;;Agência Nacional de Águas e Saneamento Básico - ANA;134;Não;s/n;;Não;Não;;Não;2,5;2,5;1,55;107,0;;Terra;;;;77978322,0;Córrego Água Preta;Região Hidrográfica ATLÂNTICO LESTE;CBH do Rio Itaúnas;Federal;;;;;Operação;2000-01-01 00:00:00;-18,22477;-39,88741;ótima;2019-09-12;NoData;NoData;2019,0;2,5;Fundacao;1,55;Original;7;22;0;5;13;18;4;20;45;Baixo;Medio;77,8;Bom;True;True;True;False;False;False;True;False;False;6;Media
23586;Massa d'Água #196248;;Irrigação;BA;PRADO;Não Classificado;Não Classificado;;;Agência Nacional de Águas e Saneamento Básico - ANA;;Não Classificada;;;Não;Não;;Não;;;;;;Sem Informação;;;;779196,0;SEM NOME;Região Hidrográfica ATLÂNTICO LESTE;CBH dos Rios Frades, Buranhém e Santo Antônio;Federal;;;;;;;-16,99547;-39,20442;mínima;2021-02-11;NoData;NoData;2021,0;;Sem_Dado;;Sem_Dado;3;31;0;5;13;18;1;16;54;Dados Insuficientes;Medio;33,3;Parcial;True;True;True;True;True;True;True;False;False;7;Alta
23588;Massa d'Água #196366;;Irrigação;MS;CAARAPÓ;Não Classificado;Não Classificado;;;Agência Nacional de Águas e Saneamento Básico - ANA;;Não Classificada;;;Não;Não;;Não;;;;;;Sem Informação;;;;86386156,0;Córrego Ipuitá;Região Hidrográfica do PARANÁ;CBH do Rio Ivinhema;Estadual;;;;;;;-22,53919;-54,65717;mínima;2021-02-11;NoData;NoData;2021,0;;Sem_Dado;;Sem_Dado;3;31;0;5;13;18;1;16;54;Dados Insuficientes;Medio;33,3;Parcial;True;True;True;True;True;True;True;False;False;7;Alta
18079;Santa Maria;;Irrigação;BA;PEDRO ALEXANDRE;Alto;Médio;Instituto Nacional de Colonização e Reforma Agrária - INCRA - PB;;Agência Nacional de Águas e Saneamento Básico - ANA;02501.001447/2015-75;Sim;s/n;;Não;Não;;Não;9,21;9,21;0,42;215,68;;Terra;;;;7611386,0;Rio do Cachorro;Região Hidrográfica do SÃO FRANCISCO;São Francisco;Federal;2023-03-02;Regular;Atenção;;Operação;2000-01-01 00:00:00;-10,01944;-37,84444;boa;2019-09-12;0;0;2019,0;9,21;Fundacao;0,42;Original;8;23;4;4;13;18;4;25;45;Baixo;Medio;88,9;Bom;True;True;True;False;False;False;False;True;False;7;Alta
20880;Sítio Passagem Limpa;;Dessedentação Animal;PB;BELÉM DO BREJO DO CRUZ;Não se Aplica;Baixo;Adelci Diniz Dantas;Pessoa Física;Agência Nacional de Águas e Saneamento Básico - ANA;02501.001654/2026-82;Não Classificada;33/2026/SRB-ANA-SEI;;Não;Não;;Não;3,0;3,0;0,032;196,0;0,0;Terra;Irrigação;;;7563256,0;Riacho Cantagalo;Região Hidrográfica ATLÂNTICO NORDESTE ORIENTAL;Piranhas-Açu;Federal;;;;Não;Operação;2020-06-27 00:00:00;-6,13361;-37,43753;ótima;2020-06-27;NoData;NoData;2020,0;3,0;Fundacao;0,032;Original;8;23;0;5;13;18;4;21;46;Baixo;Medio;77,8;Bom;True;True;True;False;False;False;True;False;False;6;Media
20891;PA São Vicente;;Irrigação;PB;VÁRZEA;Não Classificado;Não Classificado;Alcides Celestino de Assis;Pessoa Física;Agência Nacional de Águas e Saneamento Básico - ANA;;Não Classificada;;;Não;Não;;Não;0,0;0,0;0,0;;0,0;Sem Informação;;;;7562252,0;Riacho do Cipó;Região Hidrográfica ATLÂNTICO NORDESTE ORIENTAL;Piranhas-Açu;Federal;;;;;Operação;2020-06-29 00:00:00;-6,78075;-37,11856;mínima;2020-06-29;NoData;NoData;2020,0;0,0;Fundacao;0,0;Original;6;26;0;5;13;18;3;19;49;Baixo;Medio;66,7;Bom;True;True;True;False;False;True;True;False;False;6;Media
20895;Sítio Olho d'Água;;Irrigação;PB;SÃO JOSÉ DO BREJO DO CRUZ;Não Classificado;Não Classificado;Rita Oliveira de Araújo;Pessoa Física;Agência Nacional de Águas e Saneamento Básico - ANA;;Não Classificada;;;Não;Não;;Não;0,0;0,0;0,0;;0,0;Sem Informação;;;;75633642,0;SEM NOME;Região Hidrográfica ATLÂNTICO NORDESTE ORIENTAL;Piranhas-Açu;Federal;;;;;Operação;2020-06-29 00:00:00;-6,25839;-37,31547;mínima;2020-06-29;NoData;NoData;2020,0;0,0;Fundacao;0,0;Original;6;26;0;5;13;18;3;19;49;Baixo;Medio;66,7;Bom;True;True;True;False;False;True;True;False;False;6;Media
20910;Fazenda Córrego dos Bravos;;Irrigação;MG;GUARDA-MOR;Não Classificado;Não Classificado;Silvio César Bruza;Pessoa Física;Agência Nacional de Águas e Saneamento Básico - ANA;;Não Classificada;;;Não;Não;;Não;0,0;0,0;0,0;;0,0;Sem Informação;;;;86998282,0;Ribeirão Bravo;Região Hidrográfica do PARANÁ;Paranaíba;Federal;;;;;Operação;2020-06-29 00:00:00;-17,56483;-47,29681;mínima;2020-06-29;NoData;NoData;2020,0;0,0;Fundacao;0,0;Original;6;26;0;5;13;18;3;19;49;Baixo;Medio;66,7;Bom;True;True;True;False;False;True;True;False;False;6;Media
20926;Gleba Iquê;;Irrigação;RO;VILHENA;Não Classificado;Não Classificado;Instituto Nacional de Colonização e Reforma Agrária - INCRA - RO;;Agência Nacional de Águas e Saneamento Básico - ANA;;Não Classificada;;;Não;Não;;Não;0,0;0,0;0,0;;0,0;Sem Informação;;;;44966,0;Rio Iquê;Região Hidrográfica AMAZÔNICA;;Federal;;;;;Operação;2020-06-29 00:00:00;-12,63892;-60,06331;mínima;2020-06-29;NoData;NoData;2020,0;0,0;Fundacao;0,0;Original;6;26;0;5;13;18;3;19;49;Baixo;Medio;66,7;Bom;True;True;True;False;False;True;True;False;False;6;Media
18095;Duas Américas;;Irrigação;PB;CATOLÉ DO ROCHA;Alto;Médio;Silvia Maria Mariz Maia;Pessoa Física;Agência Nacional de Águas e Saneamento Básico - ANA;02501.001479/2015-71;Sim;s/n;;Não;Não;;Não;5,38;5,38;0,81;172,23;;Terra;;;;75632,0;Riacho Marcelina;Região Hidrográfica ATLÂNTICO NORDESTE ORIENTAL;Piranhas-Açu;Federal;;;;;Operação;2000-01-01 00:00:00;-6,20556;-37,61833;boa;2019-09-12;0;0;2019,0;5,38;Fundacao;0,81;Original;7;22;0;5;13;18;4;20;45;Baixo;Medio;77,8;Bom;True;True;True;False;False;False;True;True;False;8;Alta
18126;Pitombeira;;Irrigação;RN;SERRA NEGRA DO NORTE;Não se Aplica;Baixo;Comunidade Pitombeira;;Agência Nacional de Águas e Saneamento Básico - ANA;190;Não;1701/2020;;Não;Não;;Não;0,0;3,5;0,24;125,0;;Alvenaria;;;;756411392,0;SEM NOME;Região Hidrográfica ATLÂNTICO NORDESTE ORIENTAL;CBH do Rio Piancó-Piranhas-Açu;Federal;;;;;Operação;11-AUG-20;-6,50282;-37,36669;ótima;2019-09-12;NoData;NoData;2019,0;0,0;Fundacao;0,24;Original;4;23;0;5;13;18;4;17;46;Baixo;Medio;77,8;Bom;True;True;True;False;False;False;True;False;False;6;Media
18128;Fazenda Dinamarca;;Irrigação;RN;SERRA NEGRA DO NORTE;Alto;Alto;Tânia Christina Lôbo Maia;Pessoa Física;Agência Nacional de Águas e Saneamento Básico - ANA;171;Sim;s/n;;Não;Não;;Não;6,81;6,81;1,43;300,0;;Terra;;;;7564196,0;Riacho Poço da Pedra;Região Hidrográfica ATLÂNTICO NORDESTE ORIENTAL;Piranhas-Açu;Federal;;;;;Operação;2000-01-01 00:00:00;-6,68528;-37,36292;boa;2019-09-12;0;0;2019,0;6,81;Fundacao;1,43;Original;8;23;0;5;13;18;4;21;46;Baixo;Medio;77,8;Bom;True;True;True;False;False;False;True;True;True;11;Urgente
22524;Massa d'Água #145280;;Irrigação;BA;UNA;Não Classificado;Não Classificado;;;Agência Nacional de Águas e Saneamento Básico - ANA;;Não Classificada;;;Não;Não;;Não;;;;;;Sem Informação;;;;777564,0;Rio Maruim;Região Hidrográfica ATLÂNTICO LESTE;CBH do Leste;Estadual;;;;;;;-15,07142;-39,1895;mínima;2021-01-26;NoData;NoData;2021,0;;Sem_Dado;;Sem_Dado;3;31;0;5;13;18;1;16;54;Dados Insuficientes;Medio;33,3;Parcial;True;True;True;True;True;True;True;False;False;7;Alta
18131;Arapuá;;Irrigação;RN;SERRA NEGRA DO NORTE;Não se Aplica;Baixo;Comunidade Arapuá;;Agência Nacional de Águas e Saneamento Básico - ANA;02501.005117/2019-82;Não;s/n;;Não;Não;;Não;;3,5;0,6;243,0;;Terra;;;;7564,0;Rio Espinharas;Região Hidrográfica ATLÂNTICO NORDESTE ORIENTAL;Piranhas-Açu;Federal;;;;;Operação;2000-01-01 00:00:00;-6,56833;-37,35889;ótima;2019-09-12;0;0;2019,0;3,5;Terreno;0,6;Original;8;23;0;5;13;18;4;21;46;Baixo;Medio;77,8;Bom;True;True;True;False;False;False;True;False;False;6;Media
22175;Barragem REBIO Gurupi;Massa d'Água #6145;Paisagismo;MA;CENTRO NOVO DO MARANHÃO;Alto;Médio;Instituto Chico Mendes de Conservação da Biodiversidade - ICMBIO - RO;Órgãos - Público;Agência Nacional de Águas e Saneamento Básico - ANA;02501.008660/2025-80;Sim;;;Não;Não;;Não;6,0;6,0;3,375;280,0;;Terra;;B;;71452,0;Igarapé Itaquitiuá;Região Hidrográfica ATLÂNTICO NORDESTE OCIDENTAL;;Federal;;;;;Operação;14-AUG-24;-3,58961;-46,81133;baixa;2020-12-28;NoData;NoData;2020,0;6,0;Fundacao;3,375;Original;6;25;0;5;13;18;4;19;48;Baixo;Medio;77,8;Bom;True;True;True;False;False;False;True;True;False;8;Alta
22178;Sítio Maipú;Massa d'Água #26081;Irrigação;PB;SÃO MAMEDE;Não Classificado;Não Classificado;;;Agência Nacional de Águas e Saneamento Básico - ANA;;Não Classificada;;;Não;Não;;Não;;;;;0,0;Sem Informação;;;;7562264,0;Riacho Jericó;Região Hidrográfica ATLÂNTICO NORDESTE ORIENTAL;Piranhas-Açu;Federal;;;;Não;;;-6,87189;-37,1825;mínima;2020-12-28;0;0;2020,0;;Sem_Dado;;Sem_Dado;3;31;0;5;13;18;1;16;54;Dados Insuficientes;Medio;33,3;Parcial;True;True;True;True;True;True;True;False;False;7;Alta
20849;Fazenda Sucesso;;Irrigação;GO;SÃO MIGUEL DO ARAGUAIA;Não Classificado;Não Classificado;Francisco Eduardo Ribeiro Soares;Pessoa Física;Agência Nacional de Águas e Saneamento Básico - ANA;;Não Classificada;;;Não;Não;;Não;;;;;0,0;Sem Informação;;;;6698,0;Ribeirão Chato;Região Hidrográfica do TOCANTINS-ARAGUAIA;CBH Médio Araguaia;Federal;;;;;Operação;2020-06-26 00:00:00;-13,02283;-49,89719;mínima;2020-06-26;NoData;NoData;2020,0;;Sem_Dado;;Sem_Dado;6;30;0;5;13;18;2;19;53;Dados Insuficientes;Medio;44,4;Parcial;True;True;True;True;True;True;True;False;False;7;Alta
22531;Massa d'Água #147179;;Irrigação;SC;ITAIÓPOLIS;Não Classificado;Não Classificado;;;Agência Nacional de Águas e Saneamento Básico - ANA;;Não Classificada;;;Não;Não;;Não;;;;;;Sem Informação;;;;86298,0;Rio Preto;Região Hidrográfica ATLÂNTICO SUL;;Estadual;;;;;;;-26,68914;-49,69217;mínima;2021-01-26;NoData;NoData;2021,0;;Sem_Dado;;Sem_Dado;3;31;0;5;13;18;1;16;54;Dados Insuficientes;Medio;33,3;Parcial;True;True;True;True;True;True;True;False;False;7;Alta
22560;Massa d'Água #151451;;Irrigação;MT;BRASNORTE;Não Classificado;Não Classificado;;;Agência Nacional de Águas e Saneamento Básico - ANA;;Não Classificada;;;Não;Não;;Não;;;;;;Sem Informação;;;;448222,0;Rio Ulisses;Região Hidrográfica AMAZÔNICA;;Federal;;;;;;;-12,30694;-58,17139;mínima;2021-01-27;NoData;NoData;2021,0;;Sem_Dado;;Sem_Dado;3;31;0;5;13;18;1;16;54;Dados Insuficientes;Medio;33,3;Parcial;True;True;True;True;True;True;True;False;False;7;Alta
22563;Massa d'Água #151599;;Irrigação;SC;GUATAMBÚ;Não Classificado;Não Classificado;;;Agência Nacional de Águas e Saneamento Básico - ANA;;Não Classificada;;;Não;Não;;Não;;;;;;Sem Informação;;;;82791822,0;Lajeado Tigre;Região Hidrográfica do URUGUAI;CBH dos Rios Chapecó e Irani;Estadual;;;;;;;-27,09022;-52,77808;mínima;2021-01-27;NoData;NoData;2021,0;;Sem_Dado;;Sem_Dado;3;31;0;5;13;18;1;16;54;Dados Insuficientes;Medio;33,3;Parcial;True;True;True;True;True;True;True;False;False;7;Alta
22572;Massa d'Água #154492;;Irrigação;MS;SIDROLÂNDIA;Não Classificado;Não Classificado;;;Agência Nacional de Águas e Saneamento Básico - ANA;;Não Classificada;;;Não;Não;;Não;;;;;;Sem Informação;;;;89528,0;SEM NOME;Região Hidrográfica do PARAGUAI;CBH do Rio Miranda;Estadual;;;;;;;-20,88861;-55,19481;mínima;2021-01-27;NoData;NoData;2021,0;;Sem_Dado;;Sem_Dado;3;31;0;5;13;18;1;16;54;Dados Insuficientes;Medio;33,3;Parcial;True;True;True;True;True;True;True;False;False;7;Alta
23635;Açude Sede 02;Massa d'Água #204078;Recreação;PR;PALMAS;Não se Aplica;Baixo;Associação das Mulheres Indígenas de Palmas - Paraná;;Agência Nacional de Águas e Saneamento Básico - ANA;02501.004371/2024-21;Não;80/2025/SRB-ANA-SEI;;Não;Não;;Não;2,0;2,0;0,019;85,0;;Terra;Paisagismo;;;86228,0;Rio das Lontras;Região Hidrográfica do PARANÁ;CBH do Baixo Iguaçu;Estadual;;;;;Operação;1983-01-01 00:00:00;-26,51281;-52,04433;ótima;2021-02-12;2;NoData;2021,0;2,0;Fundacao;0,019;Original;6;21;0;5;13;18;4;19;44;Baixo;Medio;77,8;Bom;True;True;True;False;False;False;True;False;False;6;Media
23666;Massa d'Água #209025;;Irrigação;MS;MIRANDA;Não Classificado;Não Classificado;;;Agência Nacional de Águas e Saneamento Básico - ANA;;Não Classificada;;;Não;Não;;Não;;;;;;Sem Informação;;;;89523272,0;Córrego Agachi;Região Hidrográfica do PARAGUAI;CBH do Rio Miranda;Estadual;;;;;;;-20,19525;-56,28322;mínima;2021-02-12;NoData;NoData;2021,0;;Sem_Dado;;Sem_Dado;3;31;0;5;13;18;1;16;54;Dados Insuficientes;Medio;33,3;Parcial;True;True;True;True;True;True;True;False;False;7;Alta
22192;Sítio Braz Félix;;Dessedentação Animal;RN;JUCURUTU;Não se Aplica;Baixo;José Petronilo da Silva;Pessoa Física;Agência Nacional de Águas e Saneamento Básico - ANA;02501.010142/2025-26;Não;123/2025/SRB-ANA-SEI;;Não;Não;;Não;4,0;4,0;0,325;226,0;26,8;Terra;Irrigação;;;7561978,0;Riacho do Umburana;Região Hidrográfica ATLÂNTICO NORDESTE ORIENTAL;Piranhas-Açu;Federal;;;;;Operação;1986-01-01 00:00:00;-6,151;-37,16819;ótima;2020-12-29;NoData;NoData;2020,0;4,0;Fundacao;0,325;Original;7;22;0;5;13;18;4;20;45;Baixo;Medio;77,8;Bom;True;True;True;False;False;False;True;False;False;6;Media
22273;Massa d'Água #72101;;Irrigação;MS;PORTO MURTINHO;Não Classificado;Não Classificado;;;Agência Nacional de Águas e Saneamento Básico - ANA;;Não Classificada;;;Não;Não;;Não;;;;;;Sem Informação;;;;8919564,0;Córrego Tomázia;Região Hidrográfica do PARAGUAI;;Estadual;;;;;;;-20,73606;-57,25519;mínima;2021-01-11;NoData;NoData;2021,0;;Sem_Dado;;Sem_Dado;3;31;0;5;13;18;1;16;54;Dados Insuficientes;Medio;33,3;Parcial;True;True;True;True;True;True;True;False;False;7;Alta
22431;Massa d'Água #115223;;Irrigação;BA;PIRIPÁ;Não Classificado;Não Classificado;;;Agência Nacional de Águas e Saneamento Básico - ANA;;Não Classificada;;;Não;Não;;Não;;;;;;Sem Informação;;;;77644,0;Ribeirão Tapiocanga;Região Hidrográfica ATLÂNTICO LESTE;CBH do Rio de Contas;Federal;;;;;;;-15,13525;-41,75275;mínima;2021-01-21;NoData;NoData;2021,0;;Sem_Dado;;Sem_Dado;3;31;0;5;13;18;1;16;54;Dados Insuficientes;Medio;33,3;Parcial;True;True;True;True;True;True;True;False;False;7;Alta
22451;Fazenda Cruz de Malta;Massa d'Água #122573;Irrigação;PR;GUAÍRA;Não se Aplica;Baixo;Companhia Mate Laranjeira;Empresas em Geral - Privado;Agência Nacional de Águas e Saneamento Básico - ANA;02501.004403/2024-98;Não Classificada;60/2026/SRB-ANA-SEI;;Não;Não;;Não;3,0;3,0;0,016;;;Sem Informação;;;;8631992,0;SEM NOME;Região Hidrográfica do PARANÁ;CBH Paraná III;Federal;;;;;Operação;1979-01-01 00:00:00;-24,09194;-54,17147;ótima;2021-01-22;NoData;NoData;2021,0;3,0;Fundacao;0,016;Original;4;24;0;5;13;18;3;17;47;Baixo;Medio;66,7;Bom;True;True;True;False;False;True;True;False;False;6;Media
22469;Massa d'Água #129310;;Irrigação;MT;ALTO BOA VISTA;Não Classificado;Não Classificado;;;Agência Nacional de Águas e Saneamento Básico - ANA;;Não Classificada;;;Não;Não;;Não;;;;;;Sem Informação;;;;4254,0;Rio Comandante Fontoura;Região Hidrográfica AMAZÔNICA;;Estadual;;;;;;;-11,7335;-51,81222;mínima;2021-01-22;NoData;NoData;2021,0;;Sem_Dado;;Sem_Dado;3;31;0;5;13;18;1;16;54;Dados Insuficientes;Medio;33,3;Parcial;True;True;True;True;True;True;True;False;False;7;Alta
22616;Massa d'Água #161171;;Irrigação;MS;MARACAJU;Não Classificado;Não Classificado;;;Agência Nacional de Águas e Saneamento Básico - ANA;;Não Classificada;;;Não;Não;;Não;;;;;;Sem Informação;;;;863894,0;Córrego Cachoeira;Região Hidrográfica do PARANÁ;CBH do Rio Ivinhema;Estadual;;;;;;;-21,65131;-55,11425;mínima;2021-01-28;NoData;NoData;2021,0;;Sem_Dado;;Sem_Dado;3;31;0;5;13;18;1;16;54;Dados Insuficientes;Medio;33,3;Parcial;True;True;True;True;True;True;True;False;False;7;Alta
18161;Trapia;;Irrigação;PB;VÁRZEA;Não se Aplica;Baixo;Paulo Cesar de Macedo;Pessoa Física;Agência Nacional de Águas e Saneamento Básico - ANA;02501.001575/2015-19;Não;s/n;;Não;Não;;Não;7,37;7,37;0,231;273,0;;Terra;;;;756224356,0;SEM NOME;Região Hidrográfica ATLÂNTICO NORDESTE ORIENTAL;Piranhas-Açu;Federal;;;;;Operação;2000-01-01 00:00:00;-6,7375;-37,02667;ótima;2019-09-12;0;0;2019,0;7,37;Fundacao;0,231;Original;8;23;0;5;13;18;4;21;46;Baixo;Medio;77,8;Bom;True;True;True;False;False;False;True;False;False;6;Media
20793;Fazenda Pontual - Barragem 02;;Irrigação;BA;TREMEDAL;Não Classificado;Não Classificado;Webster Brito Araújo;Pessoa Física;Agência Nacional de Águas e Saneamento Básico - ANA;;Não Classificada;;;Não;Não;;Não;;;;;0,0;Sem Informação;;;;77786,0;Córrego Mangueira;Região Hidrográfica ATLÂNTICO LESTE;;Federal;;;;;Operação;2020-06-23 00:00:00;-15,25706;-41,40442;mínima;2020-06-23;NoData;NoData;2020,0;;Sem_Dado;;Sem_Dado;6;30;0;5;13;18;2;19;53;Dados Insuficientes;Medio;44,4;Parcial;True;True;True;True;True;True;True;False;False;7;Alta
21034;Sitio João Pinto de Cima;;Irrigação;RN;SÃO JOÃO DO SABUGI;Não Classificado;Não Classificado;Jaice Medeiros de Araújo;Pessoa Física;Agência Nacional de Águas e Saneamento Básico - ANA;;Não Classificada;;;Não;Não;;Não;;;;;0,0;Sem Informação;;;;756226,0;SEM NOME;Região Hidrográfica ATLÂNTICO NORDESTE ORIENTAL;Piranhas-Açu;Federal;;;;;Operação;2020-07-02 00:00:00;-6,75233;-37,18644;mínima;2020-07-02;NoData;NoData;2020,0;;Sem_Dado;;Sem_Dado;6;30;0;5;13;18;2;19;53;Dados Insuficientes;Medio;44,4;Parcial;True;True;True;True;True;True;True;False;False;7;Alta
21037;Sítio Serra do Poção;;Dessedentação Animal;RN;OURO BRANCO;Não se Aplica;Baixo;Carlos Alberto Pinto Mangueira;Pessoa Física;Agência Nacional de Águas e Saneamento Básico - ANA;02501.000895/2026-12;Não Classificada;31/2026/SRB-ANA-SEI;;Não;Não;;Não;4,0;4,0;0,132;257,0;0,0;Terra;Irrigação;;;7562456,0;Riacho Poção;Região Hidrográfica ATLÂNTICO NORDESTE ORIENTAL;Piranhas-Açu;Federal;;;;Não;Operação;2020-07-02 00:00:00;-6,69919;-36,96606;ótima;2020-07-02;NoData;NoData;2020,0;4,0;Fundacao;0,132;Original;9;24;0;5;13;18;4;22;47;Baixo;Medio;77,8;Bom;True;True;True;False;False;False;True;False;False;6;Media
18174;Carnaubinha de Cima;;Dessedentação Animal;RN;OURO BRANCO;Alto;Médio;Nizeude de Medeiros Lima;Pessoa Física;Agência Nacional de Águas e Saneamento Básico - ANA;02501.001559/2015-26;Sim;s/n;;Não;Não;2022-10-21;Não;9,92;9,92;0,39;270,97;0,0;Terra;;;;7562482,0;Riacho Santa Maria;Região Hidrográfica ATLÂNTICO NORDESTE ORIENTAL;Piranhas-Açu;Federal;;;;;Operação;2000-01-01 00:00:00;-6,71944;-36,87611;boa;2019-09-12;0;0;2019,0;9,92;Fundacao;0,39;Original;8;23;0;5;13;18;4;21;46;Baixo;Medio;77,8;Bom;True;True;True;False;False;False;True;True;False;8;Alta
20917;Fazenda Guaranesia;;Irrigação;MG;CAPITÓLIO;Não Classificado;Não Classificado;Mauricio Mazzoni;Pessoa Física;Agência Nacional de Águas e Saneamento Básico - ANA;;Não Classificada;;;Não;Não;;Não;0,0;0,0;0,0;;0,0;Sem Informação;;;;8687996,0;Córrego da Serra;Região Hidrográfica do PARANÁ;Grande;Federal;;;;;Operação;2020-06-29 00:00:00;-20,53831;-46,22239;mínima;2020-06-29;NoData;NoData;2020,0;0,0;Fundacao;0,0;Original;6;26;0;5;13;18;3;19;49;Baixo;Medio;66,7;Bom;True;True;True;False;False;True;True;False;False;6;Media
20892;Sítio Canoa de Dentro;;Irrigação;PB;PEDRA LAVRADA;Alto;Médio;Edvard Francisco de Lima;Pessoa Física;Agência Nacional de Águas e Saneamento Básico - ANA;;Sim;;;Não;Não;;Não;3,0;3,0;0,507;;0,0;Sem Informação;;;;75628,0;Rio Seridó;Região Hidrográfica ATLÂNTICO NORDESTE ORIENTAL;Piranhas-Açu;Federal;;;;;Operação;2020-06-29 00:00:00;-6,76431;-36,30294;baixa;2020-06-29;0;0;2020,0;3,0;Fundacao;0,507;Original;6;26;0;5;13;18;3;19;49;Baixo;Medio;66,7;Bom;True;True;True;False;False;True;True;True;False;8;Alta
22326;Massa d'Água #84486;;Irrigação;RS;BENJAMIN CONSTANT DO SUL;Não Classificado;Não Classificado;;;Agência Nacional de Águas e Saneamento Básico - ANA;;Não Classificada;;;Não;Não;;Não;;;;;;Sem Informação;;;;82792,0;Rio Passo Fundo;Região Hidrográfica do URUGUAI;CBH de Passo Fundo;Estadual;;;;;;;-27,46072;-52,6785;mínima;2021-01-18;NoData;NoData;2021,0;;Sem_Dado;;Sem_Dado;3;31;0;5;13;18;1;16;54;Dados Insuficientes;Medio;33,3;Parcial;True;True;True;True;True;True;True;False;False;7;Alta
23405;Massa d'Água #178248;;Irrigação;BA;ILHÉUS;Não Classificado;Não Classificado;;;Agência Nacional de Águas e Saneamento Básico - ANA;;Não Classificada;;;Não;Não;;Não;;;;;;Sem Informação;;;;77754,0;Rio Aguípe;Região Hidrográfica ATLÂNTICO LESTE;CBH do Leste;Estadual;;;;;;;-14,96256;-39,09242;mínima;2021-02-09;NoData;NoData;2021,0;;Sem_Dado;;Sem_Dado;3;31;0;5;13;18;1;16;54;Dados Insuficientes;Medio;33,3;Parcial;True;True;True;True;True;True;True;False;False;7;Alta
23414;Massa d'Água #180972;;Irrigação;MG;ITAMOGI;Não Classificado;Não Classificado;;;Agência Nacional de Águas e Saneamento Básico - ANA;;Não Classificada;;;Não;Não;;Não;;;;;;Sem Informação;;;;868696,0;Ribeirão Tomba-perna;Região Hidrográfica do PARANÁ;Grande;Federal;;;;;;;-21,06067;-46,96219;mínima;2021-02-09;NoData;NoData;2021,0;;Sem_Dado;;Sem_Dado;3;31;0;5;13;18;1;16;54;Dados Insuficientes;Medio;33,3;Parcial;True;True;True;True;True;True;True;False;False;7;Alta
22475;Massa d'Água #131875;;Irrigação;MS;CAARAPÓ;Não Classificado;Não Classificado;;;Agência Nacional de Águas e Saneamento Básico - ANA;;Não Classificada;;;Não;Não;;Não;;;;;;Sem Informação;;;;86386156,0;Córrego Ipuitá;Região Hidrográfica do PARANÁ;CBH do Rio Ivinhema;Estadual;;;;;;;-22,55306;-54,67306;mínima;2021-01-22;NoData;NoData;2021,0;;Sem_Dado;;Sem_Dado;3;31;0;5;13;18;1;16;54;Dados Insuficientes;Medio;33,3;Parcial;True;True;True;True;True;True;True;False;False;7;Alta
22485;Massa d'Água #135742;;Irrigação;BA;PRADO;Não Classificado;Não Classificado;;;Agência Nacional de Águas e Saneamento Básico - ANA;;Não Classificada;;;Não;Não;;Não;;;;;;Sem Informação;;;;;SEM NOME;Região Hidrográfica ATLÂNTICO LESTE;CBH dos Rios Frades, Buranhém e Santo Antônio;Federal;;;;;;;-17,12647;-39,22422;mínima;2021-01-25;NoData;NoData;2021,0;;Sem_Dado;;Sem_Dado;3;31;0;5;13;18;1;16;54;Dados Insuficientes;Medio;33,3;Parcial;True;True;True;True;True;True;True;False;False;7;Alta
22487;Massa d'Água #137030;;Irrigação;ES;ARACRUZ;Não Classificado;Não Classificado;;;Agência Nacional de Águas e Saneamento Básico - ANA;;Não Classificada;;;Não;Não;;Não;;;;;;Sem Informação;;;;;SEM NOME;Região Hidrográfica ATLÂNTICO SUDESTE;CBH das Bacias Hidrográficas Costeiras do Litoral Centro-Norte;Estadual;;;;;;;-19,88472;-40,14797;mínima;2021-01-25;NoData;NoData;2021,0;;Sem_Dado;;Sem_Dado;3;31;0;5;13;18;1;16;54;Dados Insuficientes;Medio;33,3;Parcial;True;True;True;True;True;True;True;False;False;7;Alta
22206;Massa d'Água #29171;;Irrigação;PE;SERRITA;Não Classificado;Não Classificado;;;Agência Nacional de Águas e Saneamento Básico - ANA;;Não Classificada;;;Não;Não;;Não;;;;;;Sem Informação;;;;761386,0;Riacho Jibóia;Região Hidrográfica do SÃO FRANCISCO;São Francisco;Estadual;;;;;;;-7,97306;-39,41767;mínima;2020-12-29;NoData;NoData;2020,0;;Sem_Dado;;Sem_Dado;3;31;0;5;13;18;1;16;54;Dados Insuficientes;Medio;33,3;Parcial;True;True;True;True;True;True;True;False;False;7;Alta
22318;Massa d'Água #82491;;Irrigação;BA;UNA;Não Classificado;Não Classificado;;;Agência Nacional de Águas e Saneamento Básico - ANA;;Não Classificada;;;Não;Não;;Não;;;;;;Sem Informação;;;;777566,0;Ribeirão Ipiranga;Região Hidrográfica ATLÂNTICO LESTE;CBH do Leste;Estadual;;;;;;;-15,03908;-39,13589;mínima;2021-01-18;NoData;NoData;2021,0;;Sem_Dado;;Sem_Dado;3;31;0;5;13;18;1;16;54;Dados Insuficientes;Medio;33,3;Parcial;True;True;True;True;True;True;True;False;False;7;Alta
22377;Massa d'Água #95440;;Irrigação;BA;PRADO;Não Classificado;Não Classificado;;;Agência Nacional de Águas e Saneamento Básico - ANA;;Não Classificada;;;Não;Não;;Não;;;;;;Sem Informação;;;;;SEM NOME;Região Hidrográfica ATLÂNTICO LESTE;CBH dos Rios Frades, Buranhém e Santo Antônio;Federal;;;;;;;-17,10861;-39,19742;mínima;2021-01-19;NoData;NoData;2021,0;;Sem_Dado;;Sem_Dado;3;31;0;5;13;18;1;16;54;Dados Insuficientes;Medio;33,3;Parcial;True;True;True;True;True;True;True;False;False;7;Alta
22436;Massa d'Água #118130;;Irrigação;MG;GUARDA-MOR;Não Classificado;Não Classificado;;;Agência Nacional de Águas e Saneamento Básico - ANA;;Não Classificada;;;Não;Não;;Não;;;;;;Sem Informação;;;;8699828,0;Córrego Lajinha;Região Hidrográfica do PARANÁ;Paranaíba;Federal;;;;;;;-17,56692;-47,22797;mínima;2021-01-21;NoData;NoData;2021,0;;Sem_Dado;;Sem_Dado;3;31;0;5;13;18;1;16;54;Dados Insuficientes;Medio;33,3;Parcial;True;True;True;True;True;True;True;False;False;7;Alta
22440;Massa d'Água #119224;;Irrigação;MS;MIRANDA;Não Classificado;Não Classificado;;;Agência Nacional de Águas e Saneamento Básico - ANA;;Não Classificada;;;Não;Não;;Não;;;;;;Sem Informação;;;;895232,0;Córrego Agachi;Região Hidrográfica do PARAGUAI;CBH do Rio Miranda;Estadual;;;;;;;-20,17433;-56,25169;mínima;2021-01-21;NoData;NoData;2021,0;;Sem_Dado;;Sem_Dado;3;31;0;5;13;18;1;16;54;Dados Insuficientes;Medio;33,3;Parcial;True;True;True;True;True;True;True;False;False;7;Alta
22493;Massa d'Água #138208;;Irrigação;MT;BRASNORTE;Não Classificado;Não Classificado;;;Agência Nacional de Águas e Saneamento Básico - ANA;;Não Classificada;;;Não;Não;;Não;;;;;;Sem Informação;;;;4482,0;Rio Cravari;Região Hidrográfica AMAZÔNICA;;Estadual;;;;;;;-12,81108;-57,83039;mínima;2021-01-25;NoData;NoData;2021,0;;Sem_Dado;;Sem_Dado;3;31;0;5;13;18;1;16;54;Dados Insuficientes;Medio;33,3;Parcial;True;True;True;True;True;True;True;False;False;7;Alta
21004;Gleba Barranqueira XIII;;Irrigação;MT;CÁCERES;Não Classificado;Não Classificado;Instituto Nacional de Colonização e Reforma Agrária - INCRA - MT;;Agência Nacional de Águas e Saneamento Básico - ANA;;Não Classificada;;;Não;Não;;Não;0,0;0,0;0,0;;0,0;Sem Informação;;;;898644,0;Córrego Acorizinho;Região Hidrográfica do PARAGUAI;;Federal;;;;;Operação;2020-07-01 00:00:00;-16,29083;-58,62222;mínima;2020-07-01;NoData;NoData;2020,0;0,0;Fundacao;0,0;Original;6;26;0;5;13;18;3;19;49;Baixo;Medio;66,7;Bom;True;True;True;False;False;True;True;False;False;6;Media
21010;Fazenda Bom Pastor;;Irrigação;MT;CÁCERES;Não Classificado;Não Classificado;Cândido Neves de Azevedo;Pessoa Física;Agência Nacional de Águas e Saneamento Básico - ANA;;Não Classificada;;;Não;Não;;Não;0,0;0,0;0,0;;0,0;Sem Informação;;;;8986452,0;SEM NOME;Região Hidrográfica do PARAGUAI;;Federal;;;;;Operação;2020-07-01 00:00:00;-16,22914;-58,69536;mínima;2020-07-01;NoData;NoData;2020,0;0,0;Fundacao;0,0;Original;6;26;0;5;13;18;3;19;49;Baixo;Medio;66,7;Bom;True;True;True;False;False;True;True;False;False;6;Media
23495;Massa d'Água #181320;;Irrigação;MS;DOURADINA;Não Classificado;Não Classificado;;;Agência Nacional de Águas e Saneamento Básico - ANA;;Não Classificada;;;Não;Não;;Não;;;;;;Sem Informação;;;;8638772,0;Córrego Panambi;Região Hidrográfica do PARANÁ;CBH do Rio Ivinhema;Federal;;;;;;;-21,93178;-54,60761;mínima;2021-02-10;NoData;NoData;2021,0;;Sem_Dado;;Sem_Dado;3;31;0;5;13;18;1;16;54;Dados Insuficientes;Medio;33,3;Parcial;True;True;True;True;True;True;True;False;False;7;Alta
20937;Fazenda Gemada II;;Irrigação;ES;MUCURICI;Não Classificado;Não Classificado;Kleber Schreiber;Pessoa Física;Agência Nacional de Águas e Saneamento Básico - ANA;;Não Classificada;;;Não;Não;;Não;;;;;0,0;Sem Informação;;;;7797892,0;Córrego Barreado e Córrego Limoeiro;Região Hidrográfica ATLÂNTICO LESTE;CBH do Rio Itaúnas;Federal;;;;;Operação;2020-06-30 00:00:00;-17,92364;-40,36919;mínima;2020-06-30;0;0;2020,0;;Sem_Dado;;Sem_Dado;6;30;0;5;13;18;2;19;53;Dados Insuficientes;Medio;44,4;Parcial;True;True;True;True;True;True;True;False;False;7;Alta
20941;Fazenda São Gothardo;;Irrigação;ES;BOA ESPERANÇA;Não Classificado;Não Classificado;José Gothardo Esteves Neves Junior;Pessoa Física;Agência Nacional de Águas e Saneamento Básico - ANA;;Não Classificada;;;Não;Não;;Não;0,0;0,0;0,0;;0,0;Sem Informação;;;;7798,0;Rio Cotaxé ou Braço Norte do Rio São Mateus;Região Hidrográfica ATLÂNTICO LESTE;CBH dos Afluentes dos Rios São Mateus (Braço Norte e Braço Sul);Federal;;;;;Operação;2020-06-30 00:00:00;-18,45297;-40,45178;mínima;2020-06-30;NoData;NoData;2020,0;0,0;Fundacao;0,0;Original;6;26;0;5;13;18;3;19;49;Baixo;Medio;66,7;Bom;True;True;True;False;False;True;True;False;False;6;Media
20958;Fazenda Santa Marta II;;Irrigação;PE;GARANHUNS;Não Classificado;Não Classificado;Márcio Alves Machado;Pessoa Física;Agência Nacional de Águas e Saneamento Básico - ANA;;Não Classificada;;;Não;Não;;Não;0,0;0,0;0,0;;0,0;Sem Informação;;;;75968,0;Riacho Mocambo;Região Hidrográfica ATLÂNTICO NORDESTE ORIENTAL;;Federal;;;;;Operação;2020-06-30 00:00:00;-8,93697;-36,40025;mínima;2020-06-30;NoData;NoData;2020,0;0,0;Fundacao;0,0;Original;6;26;0;5;13;18;3;19;49;Baixo;Medio;66,7;Bom;True;True;True;False;False;True;True;False;False;6;Media
22511;Massa d'Água #142297;;Irrigação;MT;SÃO FÉLIX DO ARAGUAIA;Não Classificado;Não Classificado;;;Agência Nacional de Águas e Saneamento Básico - ANA;;Não Classificada;;;Não;Não;;Não;;;;;;Sem Informação;;;;4254,0;Rio Comandante Fontoura;Região Hidrográfica AMAZÔNICA;;Estadual;;;;;;;-11,5495;-51,85767;mínima;2021-01-25;NoData;NoData;2021,0;;Sem_Dado;;Sem_Dado;3;31;0;5;13;18;1;16;54;Dados Insuficientes;Medio;33,3;Parcial;True;True;True;True;True;True;True;False;False;7;Alta
12072;Colônia nova Esperança;;Irrigação;RS;HULHA NEGRA;Não se Aplica;Baixo;Silbert Sildo Muller;Pessoa Física;Agência Nacional de Águas e Saneamento Básico - ANA;172;Não Classificada;s/n;;Não;Não;;Não;0,0;0,0;0,38;232,0;;Sem Informação;;;;79846,0;SEM NOME;Região Hidrográfica ATLÂNTICO SUL;CBH da Lagoa Mirim e Canal São Gonçalo;Federal;;;;;Operação;2000-01-01 00:00:00;-31,49163;-53,9462;mínima;2019-09-12;NoData;NoData;2019,0;0,0;Fundacao;0,38;Original;8;23;0;5;13;18;4;21;46;Baixo;Medio;77,8;Bom;True;True;True;False;False;False;True;False;False;6;Media
23568;Massa d'Água #190602;;Irrigação;MS;AQUIDAUANA;Não Classificado;Não Classificado;;;Agência Nacional de Águas e Saneamento Básico - ANA;;Não Classificada;;;Não;Não;;Não;;;;;;Sem Informação;;;;89524,0;Vazante Grande;Região Hidrográfica do PARAGUAI;CBH do Rio Miranda;Estadual;;;;;;;-20,2115;-56,05736;mínima;2021-02-11;NoData;NoData;2021,0;;Sem_Dado;;Sem_Dado;3;31;0;5;13;18;1;16;54;Dados Insuficientes;Medio;33,3;Parcial;True;True;True;True;True;True;True;False;False;7;Alta
20817;Fazenda Sobrado;;Irrigação;BA;ENCRUZILHADA;Não Classificado;Não Classificado;Alberto Pereira de Sousa;Pessoa Física;Agência Nacional de Águas e Saneamento Básico - ANA;;Não Classificada;;;Não;Não;;Não;0,0;0,0;0,0;;0,0;Sem Informação;;;;77787162,0;Córrego do Canga;Região Hidrográfica ATLÂNTICO LESTE;;Federal;;;;;Operação;2020-06-24 00:00:00;-15,57231;-41,20389;mínima;2020-06-24;NoData;NoData;2020,0;0,0;Fundacao;0,0;Original;6;26;0;5;13;18;3;19;49;Baixo;Medio;66,7;Bom;True;True;True;False;False;True;True;False;False;6;Media
22449;Massa d'Água #121834;;Irrigação;MS;PARANHOS;Não Classificado;Não Classificado;;;Agência Nacional de Águas e Saneamento Básico - ANA;;Não Classificada;;;Não;Não;;Não;;;;;;Sem Informação;;;;86332,0;Rio Iguatemi;Região Hidrográfica do PARANÁ;;Federal;;;;;;;-23,77258;-55,38139;mínima;2021-01-22;NoData;NoData;2021,0;;Sem_Dado;;Sem_Dado;3;31;0;5;13;18;1;16;54;Dados Insuficientes;Medio;33,3;Parcial;True;True;True;True;True;True;True;False;False;7;Alta
22463;Massa d'Água #127052;;Irrigação;BA;ILHÉUS;Não Classificado;Não Classificado;;;Agência Nacional de Águas e Saneamento Básico - ANA;;Não Classificada;;;Não;Não;;Não;;;;;;Sem Informação;;;;77742,0;Rio Fortuna;Região Hidrográfica ATLÂNTICO LESTE;CBH do Leste;Estadual;;;;;;;-14,97311;-39,18778;mínima;2021-01-22;NoData;NoData;2021,0;;Sem_Dado;;Sem_Dado;3;31;0;5;13;18;1;16;54;Dados Insuficientes;Medio;33,3;Parcial;True;True;True;True;True;True;True;False;False;7;Alta
22464;Massa d'Água #127461;;Irrigação;MT;BRASNORTE;Não Classificado;Não Classificado;;;Agência Nacional de Águas e Saneamento Básico - ANA;;Não Classificada;;;Não;Não;;Não;;;;;;Sem Informação;;;;449418,0;SEM NOME;Região Hidrográfica AMAZÔNICA;;Federal;;;;;;;-12,38153;-58,33139;mínima;2021-01-22;NoData;NoData;2021,0;;Sem_Dado;;Sem_Dado;3;31;0;5;13;18;1;16;54;Dados Insuficientes;Medio;33,3;Parcial;True;True;True;True;True;True;True;False;False;7;Alta
7964;Fazenda Catavento montante;MON;Aquicultura;MT;BRASNORTE;Alto;Médio;NOBERTO DE PAULA ;Pessoa Física;Agência Nacional de Águas e Saneamento Básico - ANA;36433/2013;Sim;593/2013;;Não;Não;;Não;0,0;5,0;0,047;150,0;0,0;Terra;;;;4481882,0;SEM NOME;Região Hidrográfica AMAZÔNICA;;Federal;;;;;Operação;2000-01-01 00:00:00;-12,16925;-58,16628;boa;2019-09-12;0;0;2019,0;0,0;Fundacao;0,047;Original;7;22;0;5;13;18;4;20;45;Baixo;Medio;77,8;Bom;True;True;True;False;False;False;True;True;False;8;Alta
7965;Fazenda São João VIII;;Aquicultura;MT;BRASNORTE;Não se Aplica;Baixo;ROSANGELA CONCEIÇÃO RODRIGUES DA SILVA;Pessoa Física;Agência Nacional de Águas e Saneamento Básico - ANA;02501.004773/2021-82;Não;306/2011;;Não;Não;;Não;;3,3;0,07;110,0;0,0;Terra;;;;44822252,0;SEM NOME;Região Hidrográfica AMAZÔNICA;;Federal;;;;;;;-12,23694;-58,14833;ótima;2019-09-12;0;0;2019,0;3,3;Terreno;0,07;Original;5;24;0;5;13;18;3;18;47;Baixo;Medio;77,8;Bom;True;True;True;False;False;False;True;False;False;6;Media
8073;Barragem Chácara das Mansões;;Dessedentação Animal;MS;AMAMBAI;Não se Aplica;Baixo;Cícero Antonio de Souza;Pessoa Física;Agência Nacional de Águas e Saneamento Básico - ANA;;Não;s/n;;Não;Não;;Não;2,8;1,8;0,001;50,0;;Terra;;D;;8634,0;Rio Amambaí;Região Hidrográfica do PARANÁ;;Federal;;;;;Operação;2000-01-01 00:00:00;-22,91878;-55,00683;ótima;2019-09-12;0;0;2019,0;2,8;Fundacao;0,001;Original;7;22;0;5;13;18;4;20;45;Baixo;Medio;77,8;Bom;True;True;True;False;False;False;True;False;False;6;Media
7667;Ipaneminha;;Abastecimento humano;PE;PESQUEIRA;Alto;Alto;Companhia Pernambucana de Saneamento - COMPESA;Sociedades de Economia Mista - Público - Privado;Agência Nacional de Águas e Saneamento Básico - ANA;166;Sim;s/n;;Não;Não;2025-09-24;Não;18,5;18,5;3,9;428,0;33,0;Terra;;;;76114982,0;Riacho Ipaneminha;Região Hidrográfica do SÃO FRANCISCO;São Francisco;Estadual;2025-09-24;Regular;Atenção;Não;Operação;1995-01-01 00:00:00;-8,36685;-36,85765;boa;2019-09-12;0;0;2019,0;18,5;Fundacao;3,9;Original;8;23;4;4;13;18;4;25;45;Baixo;Medio;88,9;Bom;True;True;True;False;False;False;False;True;True;10;Urgente
5924;Barragem A;;Dessedentação Animal;MS;AMAMBAI;Não se Aplica;Baixo;Elamar Participações e Agropecuárias;;Agência Nacional de Águas e Saneamento Básico - ANA;;Não;IMASUL - L.O n° 224/2011;;Não;Não;;Não;5,0;3,0;0,012;100,0;;Terra;;A;;8634,0;Rio Amambaí;Região Hidrográfica do PARANÁ;;Federal;;;;;Operação;2000-01-01 00:00:00;-22,97399;-55,01823;ótima;2019-09-12;0;0;2019,0;5,0;Fundacao;0,012;Original;7;22;0;5;13;18;4;20;45;Baixo;Medio;77,8;Bom;True;True;True;False;False;False;True;False;False;6;Media
20994;Fazenda Riachão;;Irrigação;CE;VIÇOSA DO CEARÁ;Não Classificado;Não Classificado;Ana Maria Pereira Lopes;Pessoa Física;Agência Nacional de Águas e Saneamento Básico - ANA;;Não Classificada;;;Não;Não;;Não;0,0;0,0;0,0;;0,0;Sem Informação;;;;741422,0;Riacho Vambira;Região Hidrográfica do PARNAÍBA;Parnaíba;Federal;;;;;Operação;2020-07-01 00:00:00;-3,68639;-41,18053;mínima;2020-07-01;NoData;NoData;2020,0;0,0;Fundacao;0,0;Original;6;26;0;5;13;18;3;19;49;Baixo;Medio;66,7;Bom;True;True;True;False;False;True;True;False;False;6;Media
21006;Fazenda Santa Marina;;Irrigação;MT;SANTA CRUZ DO XINGU;Não Classificado;Não Classificado;ROBERTO MARQUES PALMEIRA;Pessoa Física;Agência Nacional de Águas e Saneamento Básico - ANA;;Não Classificada;;;Não;Não;;Não;0,0;0,0;0,0;;0,0;Sem Informação;;;;42552,0;Igarapé Fontourinha;Região Hidrográfica AMAZÔNICA;;Federal;;;;;Operação;2020-07-01 00:00:00;-10,26519;-52,47631;mínima;2020-07-01;NoData;NoData;2020,0;0,0;Fundacao;0,0;Original;6;26;0;5;13;18;3;19;49;Baixo;Medio;66,7;Bom;True;True;True;False;False;True;True;False;False;6;Media
21007;Estância Santa Mônica;;Irrigação;MT;CÁCERES;Não Classificado;Não Classificado;FRANCISCA DO NASCIMENTO SÁ;Pessoa Física;Agência Nacional de Águas e Saneamento Básico - ANA;;Não Classificada;;;Não;Não;;Não;0,0;0,0;0,0;;0,0;Sem Informação;;;;8986452,0;SEM NOME;Região Hidrográfica do PARAGUAI;;Federal;;;;;Operação;2020-07-01 00:00:00;-16,25428;-58,70164;mínima;2020-07-01;NoData;NoData;2020,0;0,0;Fundacao;0,0;Original;6;26;0;5;13;18;3;19;49;Baixo;Medio;66,7;Bom;True;True;True;False;False;True;True;False;False;6;Media
22601;Massa d'Água #156262;;Irrigação;MS;IGUATEMI;Não Classificado;Não Classificado;;;Agência Nacional de Águas e Saneamento Básico - ANA;;Não Classificada;;;Não;Não;;Não;;;;;;Sem Informação;;;;86332232,0;Córrego Costa Rica;Região Hidrográfica do PARANÁ;;Federal;;;;;;;-23,40317;-54,74964;mínima;2021-01-28;NoData;NoData;2021,0;;Sem_Dado;;Sem_Dado;3;31;0;5;13;18;1;16;54;Dados Insuficientes;Medio;33,3;Parcial;True;True;True;True;True;True;True;False;False;7;Alta
22398;Massa d'Água #103693;;Irrigação;MT;BOM JESUS DO ARAGUAIA;Não Classificado;Não Classificado;;;Agência Nacional de Águas e Saneamento Básico - ANA;;Não Classificada;;;Não;Não;;Não;;;;;;Sem Informação;;;;4254,0;Rio Comandante Fontoura;Região Hidrográfica AMAZÔNICA;;Estadual;;;;;;;-11,93486;-51,78178;mínima;2021-01-20;NoData;NoData;2021,0;;Sem_Dado;;Sem_Dado;3;31;0;5;13;18;1;16;54;Dados Insuficientes;Medio;33,3;Parcial;True;True;True;True;True;True;True;False;False;7;Alta
22517;Massa d'Água #143787;;Irrigação;MT;SANTA TEREZINHA;Não Classificado;Não Classificado;;;Agência Nacional de Águas e Saneamento Básico - ANA;;Não Classificada;;;Não;Não;;Não;;;;;;Sem Informação;;;;678388,0;Córrego da Onça;Região Hidrográfica do TOCANTINS-ARAGUAIA;;Estadual;;;;;;;-10,70808;-51,31111;mínima;2021-01-25;NoData;NoData;2021,0;;Sem_Dado;;Sem_Dado;3;31;0;5;13;18;1;16;54;Dados Insuficientes;Medio;33,3;Parcial;True;True;True;True;True;True;True;False;False;7;Alta
22422;Massa d'Água #111848;;Irrigação;MT;ALTO BOA VISTA;Não Classificado;Não Classificado;;;Agência Nacional de Águas e Saneamento Básico - ANA;;Não Classificada;;;Não;Não;;Não;;;;;;Sem Informação;;;;4254,0;Rio Comandante Fontoura;Região Hidrográfica AMAZÔNICA;;Estadual;;;;;;;-11,82014;-51,74692;mínima;2021-01-21;NoData;NoData;2021,0;;Sem_Dado;;Sem_Dado;3;31;0;5;13;18;1;16;54;Dados Insuficientes;Medio;33,3;Parcial;True;True;True;True;True;True;True;False;False;7;Alta
22726;Massa d'Água #167897;;Irrigação;BA;ILHÉUS;Não Classificado;Não Classificado;;;Agência Nacional de Águas e Saneamento Básico - ANA;;Não Classificada;;;Não;Não;;Não;;;;;;Sem Informação;;;;77754,0;Rio Aguípe;Região Hidrográfica ATLÂNTICO LESTE;CBH do Leste;Estadual;;;;;;;-15,07969;-39,02864;mínima;2021-02-07;NoData;NoData;2021,0;;Sem_Dado;;Sem_Dado;3;31;0;5;13;18;1;16;54;Dados Insuficientes;Medio;33,3;Parcial;True;True;True;True;True;True;True;False;False;7;Alta
23599;Massa d'Água #200215;;Irrigação;MT;ALTO BOA VISTA;Não Classificado;Não Classificado;;;Agência Nacional de Águas e Saneamento Básico - ANA;;Não Classificada;;;Não;Não;;Não;;;;;;Sem Informação;;;;425498,0;Ribeirão das Traíras;Região Hidrográfica AMAZÔNICA;;Estadual;;;;;;;-11,75969;-51,70172;mínima;2021-02-11;NoData;NoData;2021,0;;Sem_Dado;;Sem_Dado;3;31;0;5;13;18;1;16;54;Dados Insuficientes;Medio;33,3;Parcial;True;True;True;True;True;True;True;False;False;7;Alta
20850;Fazenda São João - Barragem 01;;Irrigação;MA;SÃO FRANCISCO DO BREJÃO;Não Classificado;Não Classificado;Mraquel Reis Sousa;Pessoa Física;Agência Nacional de Águas e Saneamento Básico - ANA;;Não Classificada;;;Não;Não;;Não;;;;;0,0;Sem Informação;;;;714,0;Córrego Brejão;Região Hidrográfica ATLÂNTICO NORDESTE OCIDENTAL;;Federal;;;;;Operação;2020-06-26 00:00:00;-5,19794;-47,38808;mínima;2020-06-26;NoData;NoData;2020,0;;Sem_Dado;;Sem_Dado;6;30;0;5;13;18;2;19;53;Dados Insuficientes;Medio;44,4;Parcial;True;True;True;True;True;True;True;False;False;7;Alta
22529;Massa d'Água #146748;;Irrigação;BA;BOA NOVA;Não Classificado;Não Classificado;;;Agência Nacional de Águas e Saneamento Básico - ANA;;Não Classificada;;;Não;Não;;Não;;;;;;Sem Informação;;;;776282,0;Rio do Valentim;Região Hidrográfica ATLÂNTICO LESTE;CBH do Rio de Contas;Estadual;;;;;;;-14,42414;-40,11275;mínima;2021-01-26;NoData;NoData;2021,0;;Sem_Dado;;Sem_Dado;3;31;0;5;13;18;1;16;54;Dados Insuficientes;Medio;33,3;Parcial;True;True;True;True;True;True;True;False;False;7;Alta
22534;Massa d'Água #147733;;Irrigação;MS;IGUATEMI;Não Classificado;Não Classificado;;;Agência Nacional de Águas e Saneamento Básico - ANA;;Não Classificada;;;Não;Não;;Não;;;;;;Sem Informação;;;;86332222,0;Córrego Mandeí;Região Hidrográfica do PARANÁ;;Federal;;;;;;;-23,45511;-54,69983;mínima;2021-01-26;NoData;NoData;2021,0;;Sem_Dado;;Sem_Dado;3;31;0;5;13;18;1;16;54;Dados Insuficientes;Medio;33,3;Parcial;True;True;True;True;True;True;True;False;False;7;Alta
22535;Massa d'Água #147941;;Irrigação;MS;DOURADINA;Não Classificado;Não Classificado;;;Agência Nacional de Águas e Saneamento Básico - ANA;;Não Classificada;;;Não;Não;;Não;;;;;;Sem Informação;;;;8638772,0;Córrego Panambi;Região Hidrográfica do PARANÁ;CBH do Rio Ivinhema;Federal;;;;;;;-22,0235;-54,63097;mínima;2021-01-26;NoData;NoData;2021,0;;Sem_Dado;;Sem_Dado;3;31;0;5;13;18;1;16;54;Dados Insuficientes;Medio;33,3;Parcial;True;True;True;True;True;True;True;False;False;7;Alta
22564;Massa d'Água #151821;;Irrigação;MT;ALTO BOA VISTA;Não Classificado;Não Classificado;;;Agência Nacional de Águas e Saneamento Básico - ANA;;Não Classificada;;;Não;Não;;Não;;;;;;Sem Informação;;;;4254,0;Rio Comandante Fontoura;Região Hidrográfica AMAZÔNICA;;Estadual;;;;;;;-11,72503;-51,81775;mínima;2021-01-27;NoData;NoData;2021,0;;Sem_Dado;;Sem_Dado;3;31;0;5;13;18;1;16;54;Dados Insuficientes;Medio;33,3;Parcial;True;True;True;True;True;True;True;False;False;7;Alta
21032;Sítio Pedral e Cal - Barragem 02;;Irrigação;RN;IPUEIRA;Não Classificado;Não Classificado;ADALGISA DA NOBREGA BRITTO;Pessoa Física;Agência Nacional de Águas e Saneamento Básico - ANA;;Não Classificada;;;Não;Não;;Não;;;;;0,0;Sem Informação;;;;7562252,0;Riacho do Cipó;Região Hidrográfica ATLÂNTICO NORDESTE ORIENTAL;Piranhas-Açu;Federal;;;;;Operação;2020-07-02 00:00:00;-6,75458;-37,12419;mínima;2020-07-02;NoData;NoData;2020,0;;Sem_Dado;;Sem_Dado;6;30;0;5;13;18;2;19;53;Dados Insuficientes;Medio;44,4;Parcial;True;True;True;True;True;True;True;False;False;7;Alta
22566;Massa d'Água #152602;;Irrigação;BA;BUERAREMA;Não Classificado;Não Classificado;;;Agência Nacional de Águas e Saneamento Básico - ANA;;Não Classificada;;;Não;Não;;Não;;;;;;Sem Informação;;;;77742,0;Rio Fortuna;Região Hidrográfica ATLÂNTICO LESTE;CBH do Leste;Estadual;;;;;;;-15,04181;-39,24458;mínima;2021-01-27;NoData;NoData;2021,0;;Sem_Dado;;Sem_Dado;3;31;0;5;13;18;1;16;54;Dados Insuficientes;Medio;33,3;Parcial;True;True;True;True;True;True;True;False;False;7;Alta
23653;Massa d'Água #207080;;Irrigação;AL;PALMEIRA DOS ÍNDIOS;Não Classificado;Não Classificado;;;Agência Nacional de Águas e Saneamento Básico - ANA;;Não Classificada;;;Não;Não;;Não;;;;;;Sem Informação;;;;759989282,0;SEM NOME;Região Hidrográfica ATLÂNTICO NORDESTE ORIENTAL;CBH do Rio Coruripe;Estadual;;;;;;;-9,39006;-36,58347;mínima;2021-02-12;NoData;NoData;2021,0;;Sem_Dado;;Sem_Dado;3;31;0;5;13;18;1;16;54;Dados Insuficientes;Medio;33,3;Parcial;True;True;True;True;True;True;True;False;False;7;Alta
22191;Massa d'Água #26450;;Irrigação;RN;JARDIM DE PIRANHAS;Não Classificado;Não Classificado;;;Agência Nacional de Águas e Saneamento Básico - ANA;;Não Classificada;;;Não;Não;;Não;;;;;;Sem Informação;;;;75619794,0;Córrego da Cachoeirinha;Região Hidrográfica ATLÂNTICO NORDESTE ORIENTAL;Piranhas-Açu;Federal;;;;;;;-6,17247;-37,14542;mínima;2020-12-29;NoData;NoData;2020,0;;Sem_Dado;;Sem_Dado;3;31;0;5;13;18;1;16;54;Dados Insuficientes;Medio;33,3;Parcial;True;True;True;True;True;True;True;False;False;7;Alta
22439;Massa d'Água #119204;;Irrigação;BA;UNA;Não Classificado;Não Classificado;;;Agência Nacional de Águas e Saneamento Básico - ANA;;Não Classificada;;;Não;Não;;Não;;;;;;Sem Informação;;;;777564,0;Rio Maruim;Região Hidrográfica ATLÂNTICO LESTE;CBH do Leste;Estadual;;;;;;;-15,0545;-39,23431;mínima;2021-01-21;NoData;NoData;2021,0;;Sem_Dado;;Sem_Dado;3;31;0;5;13;18;1;16;54;Dados Insuficientes;Medio;33,3;Parcial;True;True;True;True;True;True;True;False;False;7;Alta
22455;Massa d'Água #123660;;Irrigação;MS;IGUATEMI;Não Classificado;Não Classificado;;;Agência Nacional de Águas e Saneamento Básico - ANA;;Não Classificada;;;Não;Não;;Não;;;;;;Sem Informação;;;;86338,0;Rio Maracaí;Região Hidrográfica do PARANÁ;;Federal;;;;;;;-23,31269;-54,75469;mínima;2021-01-22;NoData;NoData;2021,0;;Sem_Dado;;Sem_Dado;3;31;0;5;13;18;1;16;54;Dados Insuficientes;Medio;33,3;Parcial;True;True;True;True;True;True;True;False;False;7;Alta
21043;Sítio Poção;;Dessedentação Animal;RN;OURO BRANCO;Não se Aplica;Baixo;Francisco Celso da Costa Filho;Pessoa Física;Agência Nacional de Águas e Saneamento Básico - ANA;02501.010130/2025-00;Não;122/2025/SRB-ANA-SEI;;Não;Não;;Não;7,0;7,0;0,488;100,0;0,0;Terra;;;;7562456,0;Riacho Poção;Região Hidrográfica ATLÂNTICO NORDESTE ORIENTAL;Piranhas-Açu;Federal;;;;Não;Operação;2020-07-02 00:00:00;-6,71036;-36,97228;ótima;2020-07-02;NoData;NoData;2020,0;7,0;Fundacao;0,488;Original;8;23;0;5;13;18;4;21;46;Baixo;Medio;77,8;Bom;True;True;True;False;False;False;True;False;False;6;Media
23882;Massa d'Água #243884;;Irrigação;RN;PEDRO VELHO;Não Classificado;Não Classificado;;;Agência Nacional de Águas e Saneamento Básico - ANA;;Não Classificada;;;Não;Não;;Não;;;;;;Sem Informação;;;;757624,0;Riacho da Travessia;Região Hidrográfica ATLÂNTICO NORDESTE ORIENTAL;;Federal;;;;;;;-6,49767;-35,24561;mínima;2021-02-25;NoData;NoData;2021,0;;Sem_Dado;;Sem_Dado;3;31;0;5;13;18;1;16;54;Dados Insuficientes;Medio;33,3;Parcial;True;True;True;True;True;True;True;False;False;7;Alta
22390;Massa d'Água #100513;;Irrigação;MT;ALTO BOA VISTA;Não Classificado;Não Classificado;;;Agência Nacional de Águas e Saneamento Básico - ANA;;Não Classificada;;;Não;Não;;Não;;;;;;Sem Informação;;;;425498,0;Ribeirão das Traíras;Região Hidrográfica AMAZÔNICA;;Estadual;;;;;;;-11,73567;-51,73961;mínima;2021-01-20;NoData;NoData;2021,0;;Sem_Dado;;Sem_Dado;3;31;0;5;13;18;1;16;54;Dados Insuficientes;Medio;33,3;Parcial;True;True;True;True;True;True;True;False;False;7;Alta
23827;Massa d'Água #243521;;Irrigação;PI;CAJUEIRO DA PRAIA;Não Classificado;Não Classificado;;;Agência Nacional de Águas e Saneamento Básico - ANA;;Não Classificada;;;Não;Não;;Não;;;;;;Sem Informação;;;;75116,0;Rio Ubatuba;Região Hidrográfica ATLÂNTICO NORDESTE ORIENTAL;Parnaíba;Federal;;;;;;;-3,04586;-41,25956;mínima;2021-02-23;NoData;NoData;2021,0;;Sem_Dado;;Sem_Dado;3;31;0;5;13;18;1;16;54;Dados Insuficientes;Medio;33,3;Parcial;True;True;True;True;True;True;True;False;False;7;Alta
23832;Massa d'Água #243536;;Irrigação;ES;PEDRO CANÁRIO;Não Classificado;Não Classificado;;;Agência Nacional de Águas e Saneamento Básico - ANA;;Não Classificada;;;Não;Não;;Não;;;;;;Sem Informação;;;;779784,0;Córrego Santa Luzia;Região Hidrográfica ATLÂNTICO LESTE;CBH do Rio Itaúnas;Federal;;;;;;;-18,20367;-39,98786;mínima;2021-02-23;NoData;NoData;2021,0;;Sem_Dado;;Sem_Dado;3;31;0;5;13;18;1;16;54;Dados Insuficientes;Medio;33,3;Parcial;True;True;True;True;True;True;True;False;False;7;Alta
18144;Cipó;;Irrigação;RN;SÃO JOÃO DO SABUGI;Alto;Médio;Ednaldo Batista dos Santos;Pessoa Física;Agência Nacional de Águas e Saneamento Básico - ANA;170;Sim;s/n;;Não;Não;;Não;6,68;6,68;0,71;190,0;;Terra;;;;7562252,0;Riacho do Cipó;Região Hidrográfica ATLÂNTICO NORDESTE ORIENTAL;Piranhas-Açu;Federal;;;;;Operação;2000-01-01 00:00:00;-6,64984;-37,17442;boa;2019-09-12;0;0;2019,0;6,68;Fundacao;0,71;Original;7;22;0;5;13;18;4;20;45;Baixo;Medio;77,8;Bom;True;True;True;False;False;False;True;True;False;8;Alta
18155;Açude Caieira;;Dessedentação Animal;RN;SÃO JOÃO DO SABUGI;Não se Aplica;Baixo;Edmundo Araújo de Lucena;Pessoa Física;Agência Nacional de Águas e Saneamento Básico - ANA;02501.001524/2015-97;Não;s/n;;Não;Não;;Não;6,81;6,81;0,41;356,41;;Terra;;;;7562242,0;Riacho de Fora;Região Hidrográfica ATLÂNTICO NORDESTE ORIENTAL;Piranhas-Açu;Federal;;;;;Operação;2000-01-01 00:00:00;-6,70694;-37,09583;ótima;2019-09-12;0;0;2019,0;6,81;Fundacao;0,41;Original;8;23;0;5;13;18;4;21;46;Baixo;Medio;77,8;Bom;True;True;True;False;False;False;True;False;False;6;Media
22195;Sítio Ramadinha;Massa d'Água #26522;Dessedentação Animal;PB;BELÉM DO BREJO DO CRUZ;Não se Aplica;Baixo;José de Anchieta Mendes;Pessoa Física;Agência Nacional de Águas e Saneamento Básico - ANA;02501.000448/2026-55;Não Classificada;20/2026/SRB-ANA-SEI;;Não;Não;;Não;5,0;5,0;0,289;;;Sem Informação;;;;756318,0;Riacho dos Coelhos;Região Hidrográfica ATLÂNTICO NORDESTE ORIENTAL;Piranhas-Açu;Federal;;;;;;;-6,12869;-37,21872;ótima;2020-12-29;NoData;NoData;2020,0;5,0;Fundacao;0,289;Original;3;27;0;5;13;18;2;16;50;Dados Insuficientes;Medio;66,7;Bom;True;True;True;False;False;True;True;False;False;6;Media
18168;Barragem de José Líbano;;Irrigação;RN;OURO BRANCO;Alto;Alto;João Paulo Pereira de Medeiros;Pessoa Física;Agência Nacional de Águas e Saneamento Básico - ANA;02501.001528/2015-75;Sim;s/n;;Não;Não;2022-10-18;Não;6,23;6,23;2,53;475,15;;Terra;;;;756246,0;Rio São José;Região Hidrográfica ATLÂNTICO NORDESTE ORIENTAL;Piranhas-Açu;Federal;;;;;Operação;2000-01-01 00:00:00;-6,61889;-36,91028;boa;2019-09-12;0;0;2019,0;6,23;Fundacao;2,53;Original;8;23;0;5;13;18;4;21;46;Baixo;Medio;77,8;Bom;True;True;True;False;False;False;True;True;True;11;Urgente
18856;Santo Antônio do Pitaguary;;Regularização de vazão;CE;MARACANAÚ;Alto;Alto;Fundação Nacional dos Povos Indígenas - FUNAI;Órgãos - Público;Agência Nacional de Águas e Saneamento Básico - ANA;02501.005156/2019-80;Sim;;;Não;Não;;Não;;9,45;;82,0;;Concreto convencional;;;;751766,0;SEM NOME;Região Hidrográfica ATLÂNTICO NORDESTE ORIENTAL;CBH da Região Metropolitana de Fortaleza;Estadual;;;;;Operação;2019-03-10 00:00:00;-3,93956;-38,64164;mínima;2019-09-13;0;0.2;2019,0;9,45;Terreno;;Sem_Dado;6;21;0;5;13;18;4;19;44;Baixo;Medio;66,7;Bom;True;True;True;False;True;False;True;True;True;11;Urgente
18221;Barragem Caldeirão;;Abastecimento humano;PB;NOVA PALMEIRA;Alto;Alto;Prefeitura Municipal de Nova Palmeira;Órgãos - Público;Agência Nacional de Águas e Saneamento Básico - ANA;02501.005101/2019-70;Sim;s/n;;Não;Não;2022-10-26;Não;9,9;9,9;1,27;321,37;;Terra;;A;;756286,0;Riacho Mulungu;Região Hidrográfica ATLÂNTICO NORDESTE ORIENTAL;Piranhas-Açu;Federal;;;;;Operação;2000-01-01 00:00:00;-6,71935;-36,43689;boa;2019-09-12;0;0;2019,0;9,9;Fundacao;1,27;Original;8;23;0;5;13;18;4;21;46;Baixo;Medio;77,8;Bom;True;True;True;False;False;False;True;True;True;11;Urgente
23796;Massa d'Água #236083;;Irrigação;ES;ARACRUZ;Não Classificado;Não Classificado;;;Agência Nacional de Águas e Saneamento Básico - ANA;;Não Classificada;;;Não;Não;;Não;;;;;;Sem Informação;;;;791136,0;Córrego Destacamento;Região Hidrográfica ATLÂNTICO SUDESTE;CBH das Bacias Hidrográficas Costeiras do Litoral Centro-Norte;Estadual;;;;;;;-19,91269;-40,20158;mínima;2021-02-22;NoData;NoData;2021,0;;Sem_Dado;;Sem_Dado;3;31;0;5;13;18;1;16;54;Dados Insuficientes;Medio;33,3;Parcial;True;True;True;True;True;True;True;False;False;7;Alta
23810;Massa d'Água #237564;;Irrigação;MT;ALTO BOA VISTA;Não Classificado;Não Classificado;;;Agência Nacional de Águas e Saneamento Básico - ANA;;Não Classificada;;;Não;Não;;Não;;;;;;Sem Informação;;;;4254978,0;Córrego das Cabaças;Região Hidrográfica AMAZÔNICA;;Estadual;;;;;;;-11,73703;-51,86883;mínima;2021-02-23;0;0;2021,0;;Sem_Dado;;Sem_Dado;3;31;0;5;13;18;1;16;54;Dados Insuficientes;Medio;33,3;Parcial;True;True;True;True;True;True;True;False;False;7;Alta
22217;Massa d'Água #30165;;Irrigação;PE;SERTÂNIA;Não Classificado;Não Classificado;;;Agência Nacional de Águas e Saneamento Básico - ANA;;Não Classificada;;;Não;Não;;Não;;;;;;Sem Informação;;;;7611862,0;Riacho da Casa da Pedra;Região Hidrográfica do SÃO FRANCISCO;São Francisco;Estadual;;;;;;;-8,41697;-37,37067;mínima;2020-12-30;NoData;NoData;2020,0;;Sem_Dado;;Sem_Dado;3;31;0;5;13;18;1;16;54;Dados Insuficientes;Medio;33,3;Parcial;True;True;True;True;True;True;True;False;False;7;Alta
22476;Massa d'Água #132222;;Irrigação;MS;IGUATEMI;Não Classificado;Não Classificado;;;Agência Nacional de Águas e Saneamento Básico - ANA;;Não Classificada;;;Não;Não;;Não;;;;;;Sem Informação;;;;86338,0;Rio Maracaí;Região Hidrográfica do PARANÁ;;Federal;;;;;;;-23,33642;-54,71467;mínima;2021-01-22;NoData;NoData;2021,0;;Sem_Dado;;Sem_Dado;3;31;0;5;13;18;1;16;54;Dados Insuficientes;Medio;33,3;Parcial;True;True;True;True;True;True;True;False;False;7;Alta
15562;# Loreni dos Santos;;Dessedentação Animal;RS;ÁGUA SANTA;Não se Aplica;Baixo;Loreni dos Santos;Pessoa Física;Agência Nacional de Águas e Saneamento Básico - ANA;02501.000677/2022-46;Não;s/n;;Não;Não;;Não;;;;;;Sem Informação;;;;8279688,0;Arroio do Meio;Região Hidrográfica do URUGUAI;CBH do Rio Apuaê-Inhandava;Estadual;;;;;Sem Informação;2000-01-01 00:00:00;-28,18272;-52,01835;mínima;2019-09-12;7.3;0.025;2019,0;;Sem_Dado;;Sem_Dado;5;29;0;5;13;18;2;18;52;Dados Insuficientes;Medio;44,4;Parcial;True;True;True;True;True;True;True;False;False;7;Alta
20960;Fazenda Massarandua;;Irrigação;PE;MACAPARANA;Não Classificado;Não Classificado;Evandro Gomes Pedrosa;Pessoa Física;Agência Nacional de Águas e Saneamento Básico - ANA;;Não Classificada;;;Não;Não;;Não;0,0;0,0;0,0;;0,0;Sem Informação;;;;759169944,0;SEM NOME;Região Hidrográfica ATLÂNTICO NORDESTE ORIENTAL;CBH do Rio Goiana;Federal;;;;;Operação;2020-06-30 00:00:00;-7,514;-35,49953;mínima;2020-06-30;NoData;NoData;2020,0;0,0;Fundacao;0,0;Original;6;26;0;5;13;18;3;19;49;Baixo;Medio;66,7;Bom;True;True;True;False;False;True;True;False;False;6;Media
20815;Mocó Grande;;Irrigação;BA;ENCRUZILHADA;Não Classificado;Não Classificado;Berenice Ferreira da Silva;Pessoa Física;Agência Nacional de Águas e Saneamento Básico - ANA;;Não Classificada;;;Não;Não;;Não;0,0;0,0;0,0;;0,0;Sem Informação;;;;77787162,0;Córrego do Canga;Região Hidrográfica ATLÂNTICO LESTE;;Federal;;;;;Operação;2020-06-24 00:00:00;-15,59644;-41,27947;mínima;2020-06-24;NoData;NoData;2020,0;0,0;Fundacao;0,0;Original;6;26;0;5;13;18;3;19;49;Baixo;Medio;66,7;Bom;True;True;True;False;False;True;True;False;False;6;Media
18110;Alagamar;;Abastecimento humano;PB;BELÉM DO BREJO DO CRUZ;Não se Aplica;Baixo;;;Agência Nacional de Águas e Saneamento Básico - ANA;02501.001569/2015-61;Não;s/n;;Não;Não;;Não;3,39;3,39;0,74;978,01;;Terra;;;;75632832,0;SEM NOME;Região Hidrográfica ATLÂNTICO NORDESTE ORIENTAL;Piranhas-Açu;Federal;;;;;Operação;2000-01-01 00:00:00;-6,15056;-37,48417;mínima;2019-09-12;0;0;2019,0;3,39;Fundacao;0,74;Original;9;24;0;5;13;18;4;22;47;Baixo;Medio;66,7;Bom;True;True;True;False;False;False;True;False;False;6;Media
22508;Massa d'Água #141531;;Irrigação;RN;SÃO FERNANDO;Não Classificado;Não Classificado;;;Agência Nacional de Águas e Saneamento Básico - ANA;;Não Classificada;;;Não;Não;;Não;;;;;;Sem Informação;;;;7562212,0;SEM NOME;Região Hidrográfica ATLÂNTICO NORDESTE ORIENTAL;Piranhas-Açu;Federal;;;;;;;-6,43211;-37,14058;mínima;2021-01-25;NoData;NoData;2021,0;;Sem_Dado;;Sem_Dado;3;31;0;5;13;18;1;16;54;Dados Insuficientes;Medio;33,3;Parcial;True;True;True;True;True;True;True;False;False;7;Alta
22510;Massa d'Água #142124;;Irrigação;BA;ILHÉUS;Não Classificado;Não Classificado;;;Agência Nacional de Águas e Saneamento Básico - ANA;;Não Classificada;;;Não;Não;;Não;;;;;;Sem Informação;;;;777542,0;Rio Mamão;Região Hidrográfica ATLÂNTICO LESTE;CBH do Leste;Estadual;;;;;;;-15,08769;-39,05253;mínima;2021-01-25;NoData;NoData;2021,0;;Sem_Dado;;Sem_Dado;3;31;0;5;13;18;1;16;54;Dados Insuficientes;Medio;33,3;Parcial;True;True;True;True;True;True;True;False;False;7;Alta
20855;Fazenda Panorâmica - Barragem 01;;Irrigação;MA;CIDELÂNDIA;Não Classificado;Não Classificado;Juliano Paiva de Brito;Pessoa Física;Agência Nacional de Águas e Saneamento Básico - ANA;;Não Classificada;;;Não;Não;;Não;;;;;0,0;Sem Informação;;;;612996,0;Córrego dos Pebas;Região Hidrográfica do TOCANTINS-ARAGUAIA;;Federal;;;;;Operação;2020-06-26 00:00:00;-4,97597;-47,99664;mínima;2020-06-26;NoData;NoData;2020,0;;Sem_Dado;;Sem_Dado;6;30;0;5;13;18;2;19;53;Dados Insuficientes;Medio;44,4;Parcial;True;True;True;True;True;True;True;False;False;7;Alta
20864;Sítio Salgado;;Irrigação;PB;BELÉM DO BREJO DO CRUZ;Não se Aplica;Baixo;Francisco de Paula Brilhante Evangelista;Pessoa Física;Agência Nacional de Águas e Saneamento Básico - ANA;02501.000268/2026-73;Não Classificada;23/2026/SRB-ANA-SEI;;Não;Não;;Não;7,0;7,0;0,493;;0,0;Sem Informação;;;;756318,0;Riacho dos Coelhos;Região Hidrográfica ATLÂNTICO NORDESTE ORIENTAL;Piranhas-Açu;Federal;;;;;Operação;2020-06-26 00:00:00;-6,11142;-37,21939;ótima;2020-06-26;NoData;NoData;2020,0;7,0;Fundacao;0,493;Original;6;26;0;5;13;18;3;19;49;Baixo;Medio;66,7;Bom;True;True;True;False;False;True;True;False;False;6;Media
20865;Fazenda São Bartolomeu - Barragem 01;;Irrigação;PB;SANTA LUZIA;Não Classificado;Não Classificado;Expedito Nóbrega de Medeiros;Pessoa Física;Agência Nacional de Águas e Saneamento Básico - ANA;;Não Classificada;;;Não;Não;;Não;;;;;0,0;Sem Informação;;;;75624922,0;SEM NOME;Região Hidrográfica ATLÂNTICO NORDESTE ORIENTAL;Piranhas-Açu;Federal;;;;;Operação;2020-06-26 00:00:00;-6,77925;-36,92447;mínima;2020-06-26;NoData;NoData;2020,0;;Sem_Dado;;Sem_Dado;6;30;0;5;13;18;2;19;53;Dados Insuficientes;Medio;44,4;Parcial;True;True;True;True;True;True;True;False;False;7;Alta
22452;Massa d'Água #123003;;Irrigação;BA;PORTO SEGURO;Não Classificado;Não Classificado;;;Agência Nacional de Águas e Saneamento Básico - ANA;;Não Classificada;;;Não;Não;;Não;;;;;;Sem Informação;;;;779152,0;Rio da Barra;Região Hidrográfica ATLÂNTICO LESTE;CBH dos Rios Frades, Buranhém e Santo Antônio;Estadual;;;;;;;-16,52517;-39,23792;mínima;2021-01-22;NoData;NoData;2021,0;;Sem_Dado;;Sem_Dado;3;31;0;5;13;18;1;16;54;Dados Insuficientes;Medio;33,3;Parcial;True;True;True;True;True;True;True;False;False;7;Alta
22459;Massa d'Água #125702;;Irrigação;MT;PONTES E LACERDA;Não Classificado;Não Classificado;;;Agência Nacional de Águas e Saneamento Básico - ANA;;Não Classificada;;;Não;Não;;Não;;;;;;Sem Informação;;;;46998,0;Rio Barbado;Região Hidrográfica AMAZÔNICA;;Estadual;;;;;;;-16,15014;-59,52597;mínima;2021-01-22;NoData;NoData;2021,0;;Sem_Dado;;Sem_Dado;3;31;0;5;13;18;1;16;54;Dados Insuficientes;Medio;33,3;Parcial;True;True;True;True;True;True;True;False;False;7;Alta
22461;Massa d'Água #126552;;Irrigação;BA;UNA;Não Classificado;Não Classificado;;;Agência Nacional de Águas e Saneamento Básico - ANA;;Não Classificada;;;Não;Não;;Não;;;;;;Sem Informação;;;;77764,0;Rio de Una;Região Hidrográfica ATLÂNTICO LESTE;CBH do Leste;Estadual;;;;;;;-15,10522;-39,28775;mínima;2021-01-22;NoData;NoData;2021,0;;Sem_Dado;;Sem_Dado;3;31;0;5;13;18;1;16;54;Dados Insuficientes;Medio;33,3;Parcial;True;True;True;True;True;True;True;False;False;7;Alta
22626;Massa d'Água #164029;;Irrigação;BA;UNA;Não Classificado;Não Classificado;;;Agência Nacional de Águas e Saneamento Básico - ANA;;Não Classificada;;;Não;Não;;Não;;;;;;Sem Informação;;;;777562,0;Rio da Serra;Região Hidrográfica ATLÂNTICO LESTE;CBH do Leste;Estadual;;;;;;;-15,14211;-39,15514;mínima;2021-01-28;NoData;NoData;2021,0;;Sem_Dado;;Sem_Dado;3;31;0;5;13;18;1;16;54;Dados Insuficientes;Medio;33,3;Parcial;True;True;True;True;True;True;True;False;False;7;Alta
18125;Maniçoba;;Dessedentação Animal;RN;SERRA NEGRA DO NORTE;Não se Aplica;Baixo;Conselho Comunitário da Barra da Maniçoba;Outros - Privado;Agência Nacional de Águas e Saneamento Básico - ANA;188;Não;1700/2020;;Não;Não;;Não;0,0;3,5;0,3;159,0;;Terra;;;;7564,0;Rio Espinharas;Região Hidrográfica ATLÂNTICO NORDESTE ORIENTAL;CBH do Rio Piancó-Piranhas-Açu;Federal;;;;;Operação;11-AUG-20;-6,5375;-37,36944;ótima;2019-09-12;NoData;NoData;2019,0;0,0;Fundacao;0,3;Original;5;24;0;5;13;18;4;18;47;Baixo;Medio;77,8;Bom;True;True;True;False;False;False;True;False;False;6;Media
22571;Massa d'Água #154464;;Irrigação;RS;BENJAMIN CONSTANT DO SUL;Não Classificado;Não Classificado;;;Agência Nacional de Águas e Saneamento Básico - ANA;;Não Classificada;;;Não;Não;;Não;;;;;;Sem Informação;;;;82792,0;Rio Passo Fundo;Região Hidrográfica do URUGUAI;CBH de Passo Fundo;Estadual;;;;;;;-27,45953;-52,65269;mínima;2021-01-27;NoData;NoData;2021,0;;Sem_Dado;;Sem_Dado;3;31;0;5;13;18;1;16;54;Dados Insuficientes;Medio;33,3;Parcial;True;True;True;True;True;True;True;False;False;7;Alta
23567;Massa d'Água #189637;;Irrigação;MS;IGUATEMI;Não Classificado;Não Classificado;;;Agência Nacional de Águas e Saneamento Básico - ANA;;Não Classificada;;;Não;Não;;Não;;;;;;Sem Informação;;;;86332222,0;Córrego Mandeí;Região Hidrográfica do PARANÁ;;Federal;;;;;;;-23,54333;-54,69511;mínima;2021-02-11;NoData;NoData;2021,0;;Sem_Dado;;Sem_Dado;3;31;0;5;13;18;1;16;54;Dados Insuficientes;Medio;33,3;Parcial;True;True;True;True;True;True;True;False;False;7;Alta
23577;Massa d'Água #192928;;Irrigação;BA;SANTA CRUZ CABRÁLIA;Não Classificado;Não Classificado;;;Agência Nacional de Águas e Saneamento Básico - ANA;;Não Classificada;;;Não;Não;;Não;;;;;;Sem Informação;;;;779134,0;Rio Jardim;Região Hidrográfica ATLÂNTICO LESTE;CBH dos Rios Frades, Buranhém e Santo Antônio;Estadual;;;;;;;-16,34511;-39,051;mínima;2021-02-11;NoData;NoData;2021,0;;Sem_Dado;;Sem_Dado;3;31;0;5;13;18;1;16;54;Dados Insuficientes;Medio;33,3;Parcial;True;True;True;True;True;True;True;False;False;7;Alta
23396;Massa d'Água #172015;;Irrigação;BA;PRADO;Não Classificado;Não Classificado;;;Agência Nacional de Águas e Saneamento Básico - ANA;;Não Classificada;;;Não;Não;;Não;;;;;;Sem Informação;;;;7791972,0;Ribeirão da Imbaçuaba;Região Hidrográfica ATLÂNTICO LESTE;CBH dos Rios Frades, Buranhém e Santo Antônio;Federal;;;;;;;-17,06211;-39,21019;mínima;2021-02-09;NoData;NoData;2021,0;;Sem_Dado;;Sem_Dado;3;31;0;5;13;18;1;16;54;Dados Insuficientes;Medio;33,3;Parcial;True;True;True;True;True;True;True;False;False;7;Alta
22188;Barragem da Dinamarca 03;Massa d'Água #26317;Irrigação;RN;SERRA NEGRA DO NORTE;Não se Aplica;Baixo;Maria do Socorro de Almeida Lobo;Pessoa Física;Agência Nacional de Águas e Saneamento Básico - ANA;02501.002018/2025-97;Não Classificada;44/2025/SRB-ANA-SEI;;Não;Não;;Não;5,5;5,5;0,123;;;Sem Informação;;;;7564196,0;Riacho Poço da Pedra;Região Hidrográfica ATLÂNTICO NORDESTE ORIENTAL;Piranhas-Açu;Federal;;;;;Operação;23-FEB-11;-6,68192;-37,37911;ótima;2020-12-29;NoData;NoData;2020,0;5,5;Fundacao;0,123;Original;3;27;0;5;13;18;3;16;50;Baixo;Medio;66,7;Bom;True;True;True;False;False;True;True;False;False;6;Media
23404;Massa d'Água #178229;;Irrigação;MT;BRASNORTE;Não Classificado;Não Classificado;;;Agência Nacional de Águas e Saneamento Básico - ANA;;Não Classificada;;;Não;Não;;Não;;;;;;Sem Informação;;;;4485644,0;SEM NOME;Região Hidrográfica AMAZÔNICA;;Estadual;;;;;;;-12,84942;-57,803;mínima;2021-02-09;NoData;NoData;2021,0;;Sem_Dado;;Sem_Dado;3;31;0;5;13;18;1;16;54;Dados Insuficientes;Medio;33,3;Parcial;True;True;True;True;True;True;True;False;False;7;Alta
23407;Massa d'Água #178567;;Irrigação;MS;AQUIDAUANA;Não Classificado;Não Classificado;;;Agência Nacional de Águas e Saneamento Básico - ANA;;Não Classificada;;;Não;Não;;Não;;;;;;Sem Informação;;;;89524,0;Vazante Grande;Região Hidrográfica do PARAGUAI;CBH do Rio Miranda;Estadual;;;;;;;-20,19194;-56,0555;mínima;2021-02-09;NoData;NoData;2021,0;;Sem_Dado;;Sem_Dado;3;31;0;5;13;18;1;16;54;Dados Insuficientes;Medio;33,3;Parcial;True;True;True;True;True;True;True;False;False;7;Alta
23410;Massa d'Água #179909;;Irrigação;MS;CAARAPÓ;Não Classificado;Não Classificado;;;Agência Nacional de Águas e Saneamento Básico - ANA;;Não Classificada;;;Não;Não;;Não;;;;;;Sem Informação;;;;8638616,0;Córrego Bopei;Região Hidrográfica do PARANÁ;CBH do Rio Ivinhema;Federal;;;;;;;-22,58781;-54,88106;mínima;2021-02-09;NoData;NoData;2021,0;;Sem_Dado;;Sem_Dado;3;31;0;5;13;18;1;16;54;Dados Insuficientes;Medio;33,3;Parcial;True;True;True;True;True;True;True;False;False;7;Alta
23411;Massa d'Água #180435;;Irrigação;PE;SÃO JOÃO;Não Classificado;Não Classificado;;;Agência Nacional de Águas e Saneamento Básico - ANA;;Não Classificada;;;Não;Não;;Não;;;;;;Sem Informação;;;;75968,0;Riacho Mocambo;Região Hidrográfica ATLÂNTICO NORDESTE ORIENTAL;;Federal;;;;;;;-8,9315;-36,40675;mínima;2021-02-09;NoData;NoData;2021,0;;Sem_Dado;;Sem_Dado;3;31;0;5;13;18;1;16;54;Dados Insuficientes;Medio;33,3;Parcial;True;True;True;True;True;True;True;False;False;7;Alta
22574;Massa d'Água #155534;;Irrigação;MT;ALTO BOA VISTA;Não Classificado;Não Classificado;;;Agência Nacional de Águas e Saneamento Básico - ANA;;Não Classificada;;;Não;Não;;Não;;;;;;Sem Informação;;;;4254,0;Rio Comandante Fontoura;Região Hidrográfica AMAZÔNICA;;Estadual;;;;;;;-11,76828;-51,75906;mínima;2021-01-27;NoData;NoData;2021,0;;Sem_Dado;;Sem_Dado;3;31;0;5;13;18;1;16;54;Dados Insuficientes;Medio;33,3;Parcial;True;True;True;True;True;True;True;False;False;7;Alta
21623;Isolado Areias;;Abastecimento humano;SP;AREIAS;Alto;Alto;Prefeitura Municipal De Areias;Órgãos - Público;Agência Nacional de Águas e Saneamento Básico - ANA;02501.002571/2024-49;Sim;51/2025/SRB-ANA-SEI;;Não;Não;;Não;5,0;5,0;0,012;;;Sem Informação;;A;;792955374,0;Ribeirão Vermelho;Região Hidrográfica ATLÂNTICO SUDESTE;Paraíba do Sul;Federal;;;;;Operação;2020-11-19 00:00:00;-22,58484;-44,70788;boa;2020-11-19;0;0;2020,0;5,0;Fundacao;0,012;Original;6;26;0;5;13;18;3;19;49;Baixo;Medio;66,7;Bom;True;True;True;False;False;True;True;True;True;11;Urgente
23587;Massa d'Água #196269;;Irrigação;MT;ALTO BOA VISTA;Não Classificado;Não Classificado;;;Agência Nacional de Águas e Saneamento Básico - ANA;;Não Classificada;;;Não;Não;;Não;;;;;;Sem Informação;;;;425498,0;Ribeirão das Traíras;Região Hidrográfica AMAZÔNICA;;Estadual;;;;;;;-11,7355;-51,711;mínima;2021-02-11;NoData;NoData;2021,0;;Sem_Dado;;Sem_Dado;3;31;0;5;13;18;1;16;54;Dados Insuficientes;Medio;33,3;Parcial;True;True;True;True;True;True;True;False;False;7;Alta
23589;Massa d'Água #196672;;Irrigação;MS;IGUATEMI;Não Classificado;Não Classificado;;;Agência Nacional de Águas e Saneamento Básico - ANA;;Não Classificada;;;Não;Não;;Não;;;;;;Sem Informação;;;;86332232,0;Córrego Ipané;Região Hidrográfica do PARANÁ;;Federal;;;;;;;-23,50397;-54,71628;mínima;2021-02-11;NoData;NoData;2021,0;;Sem_Dado;;Sem_Dado;3;31;0;5;13;18;1;16;54;Dados Insuficientes;Medio;33,3;Parcial;True;True;True;True;True;True;True;False;False;7;Alta
22513;Massa d'Água #143022;;Irrigação;MT;ALTO BOA VISTA;Não Classificado;Não Classificado;;;Agência Nacional de Águas e Saneamento Básico - ANA;;Não Classificada;;;Não;Não;;Não;;;;;;Sem Informação;;;;425498,0;Ribeirão das Traíras;Região Hidrográfica AMAZÔNICA;;Estadual;;;;;;;-11,73139;-51,73314;mínima;2021-01-25;NoData;NoData;2021,0;;Sem_Dado;;Sem_Dado;3;31;0;5;13;18;1;16;54;Dados Insuficientes;Medio;33,3;Parcial;True;True;True;True;True;True;True;False;False;7;Alta
22482;Massa d'Água #134371;;Irrigação;MG;MONTEZUMA;Não Classificado;Não Classificado;;;Agência Nacional de Águas e Saneamento Básico - ANA;;Não Classificada;;;Não;Não;;Não;;;;;;Sem Informação;;;;7778928,0;Córrego Guará;Região Hidrográfica ATLÂNTICO LESTE;CBH do Rio Mosquito;Federal;;;;;;;-15,27428;-42,352;mínima;2021-01-25;NoData;NoData;2021,0;;Sem_Dado;;Sem_Dado;3;31;0;5;13;18;1;16;54;Dados Insuficientes;Medio;33,3;Parcial;True;True;True;True;True;True;True;False;False;7;Alta
22484;Massa d'Água #135627;;Paisagismo;PR;INÁCIO MARTINS;Não se Aplica;Baixo;Fundação Nacional dos Povos Indígenas - FUNAI;Órgãos - Público;Agência Nacional de Águas e Saneamento Básico - ANA;02501.004410/2024-90;Não;132/2025/SRB-ANA-SEI;;Não;Não;;Não;1,2;1,2;0,003;39,0;0,76;Terra;;;;86256,0;Rio da Areia;Região Hidrográfica do PARANÁ;;Estadual;;;;;Operação;1996-01-01 00:00:00;-25,77031;-51,24519;ótima;2021-01-25;NoData;NoData;2021,0;1,2;Fundacao;0,003;Original;7;22;0;5;13;18;4;20;45;Baixo;Medio;77,8;Bom;True;True;True;False;False;False;True;False;False;6;Media
22306;Massa d'Água #79092;;Irrigação;RS;BENJAMIN CONSTANT DO SUL;Não Classificado;Não Classificado;;;Agência Nacional de Águas e Saneamento Básico - ANA;;Não Classificada;;;Não;Não;;Não;;;;;;Sem Informação;;;;82792,0;Rio Passo Fundo;Região Hidrográfica do URUGUAI;CBH de Passo Fundo;Estadual;;;;;;;-27,46097;-52,65825;mínima;2021-01-18;NoData;NoData;2021,0;;Sem_Dado;;Sem_Dado;3;31;0;5;13;18;1;16;54;Dados Insuficientes;Medio;33,3;Parcial;True;True;True;True;True;True;True;False;False;7;Alta
20914;Sítio Bom Jardim;;Irrigação;MG;NOVA BELÉM;Não Classificado;Não Classificado;Aldecir Alves de Queiroga;Pessoa Física;Agência Nacional de Águas e Saneamento Básico - ANA;;Não Classificada;;;Não;Não;;Não;0,0;0,0;0,0;;0,0;Sem Informação;;;;779826,0;Rio Preto;Região Hidrográfica ATLÂNTICO LESTE;CBH do Rio São Mateus;Federal;;;;;Operação;2020-06-29 00:00:00;-18,45303;-41,18181;mínima;2020-06-29;NoData;NoData;2020,0;0,0;Fundacao;0,0;Original;6;26;0;5;13;18;3;19;49;Baixo;Medio;66,7;Bom;True;True;True;False;False;True;True;False;False;6;Media
20918;Fazenda Batalha do Bartolomeu;;Irrigação;MG;GUARDA-MOR;Não Classificado;Não Classificado;Ciro Higaki;Pessoa Física;Agência Nacional de Águas e Saneamento Básico - ANA;;Não Classificada;;;Não;Não;;Não;0,0;0,0;0,0;;0,0;Sem Informação;;;;8699828,0;Córrego Lajinha;Região Hidrográfica do PARANÁ;Paranaíba;Federal;;;;;Operação;2020-06-29 00:00:00;-17,57222;-47,23431;mínima;2020-06-29;NoData;NoData;2020,0;0,0;Fundacao;0,0;Original;6;26;0;5;13;18;3;19;49;Baixo;Medio;66,7;Bom;True;True;True;False;False;True;True;False;False;6;Media
20881;Fazenda Data de Croa;;Irrigação;PB;SANTA INÊS;Não Classificado;Não Classificado;João Sevulo de Moura Ramalho;Pessoa Física;Agência Nacional de Águas e Saneamento Básico - ANA;;Não Classificada;;;Não;Não;;Não;;;;;0,0;Sem Informação;;;;761264,0;SEM NOME;Região Hidrográfica ATLÂNTICO NORDESTE ORIENTAL;São Francisco;Federal;;;;;Operação;2020-06-27 00:00:00;-7,68972;-38,60922;mínima;2020-06-27;0;0;2020,0;;Sem_Dado;;Sem_Dado;6;30;0;5;13;18;2;19;53;Dados Insuficientes;Medio;44,4;Parcial;True;True;True;True;True;True;True;False;False;7;Alta
20882;Sítio Baixio - Gleba 1;;Irrigação;PB;NOVA PALMEIRA;Não Classificado;Não Classificado;Erly Joan Souto de Medeiros;Pessoa Física;Agência Nacional de Águas e Saneamento Básico - ANA;;Não Classificada;;;Não;Não;;Não;0,0;0,0;0,0;;0,0;Sem Informação;;;;756286,0;SEM NOME;Região Hidrográfica ATLÂNTICO NORDESTE ORIENTAL;Piranhas-Açu;Federal;;;;;Operação;2020-06-27 00:00:00;-6,74153;-36,3825;mínima;2020-06-27;NoData;NoData;2020,0;0,0;Fundacao;0,0;Original;6;26;0;5;13;18;3;19;49;Baixo;Medio;66,7;Bom;True;True;True;False;False;True;True;False;False;6;Media
20904;Fazenda Horgelino;;Irrigação;MG;CAPITÓLIO;Não Classificado;Não Classificado;Juscelino Dornela;Pessoa Física;Agência Nacional de Águas e Saneamento Básico - ANA;;Não Classificada;;;Não;Não;;Não;0,0;0,0;0,0;;0,0;Sem Informação;;;;86879962,0;Ribeirão Fumal;Região Hidrográfica do PARANÁ;Grande;Estadual;;;;;Operação;2020-06-29 00:00:00;-20,55183;-46,25828;mínima;2020-06-29;0;0;2020,0;0,0;Fundacao;0,0;Original;6;26;0;5;13;18;3;19;49;Baixo;Medio;66,7;Bom;True;True;True;False;False;True;True;False;False;6;Media
20911;Fazenda Nossa Sra da Aparecida Agua Branca - Barragem 01;;Irrigação;MG;ITAMOGI;Não Classificado;Não Classificado;Angela Maria Dias de Oliveira;Pessoa Física;Agência Nacional de Águas e Saneamento Básico - ANA;;Não Classificada;;;Não;Não;;Não;;;;;0,0;Sem Informação;;;;868696,0;Ribeirão Tomba-perna;Região Hidrográfica do PARANÁ;Grande;Federal;;;;;Operação;2020-06-29 00:00:00;-21,05378;-46,98142;mínima;2020-06-29;NoData;NoData;2020,0;;Sem_Dado;;Sem_Dado;6;30;0;5;13;18;2;19;53;Dados Insuficientes;Medio;44,4;Parcial;True;True;True;True;True;True;True;False;False;7;Alta
20923;Gleba Iquê;;Irrigação;RO;VILHENA;Não Classificado;Não Classificado;Instituto Nacional de Colonização e Reforma Agrária - INCRA - RO;;Agência Nacional de Águas e Saneamento Básico - ANA;;Não Classificada;;;Não;Não;;Não;0,0;0,0;0,0;;0,0;Sem Informação;;;;44966,0;Rio Iquê;Região Hidrográfica AMAZÔNICA;;Federal;;;;;Operação;2020-06-29 00:00:00;-12,62061;-60,07064;mínima;2020-06-29;NoData;NoData;2020,0;0,0;Fundacao;0,0;Original;6;26;0;5;13;18;3;19;49;Baixo;Medio;66,7;Bom;True;True;True;False;False;True;True;False;False;6;Media
35562;Barragem do Caxias;;Regularização de vazão;PA;MARABÁ;Não Classificado;Alto;Salobo Metais S/A;Empresas em Geral - Privado;Agência Nacional de Águas e Saneamento Básico - ANA;02501.009454/2025-97;Sim;102/2025/SRB-ANA-SEI;;Não;Não;;Não;15,0;15,0;1,44;300,0;1,15;Terra;;A;;638756,0;Afluente do Rio Itacaiúnas;Região Hidrográfica do TOCANTINS-ARAGUAIA;;Estadual;;;;;Planejamento;01-OCT-25;-5,82031;-50,52328;média;2025-10-17;;;;15,0;Fundacao;1,44;Original;6;25;0;5;13;18;4;19;48;Baixo;Medio;77,8;Bom;True;True;True;False;False;False;True;True;True;11;Urgente
12;Pivô 18 na Fazenda Samambaia - Reservatrio 2 - jusante;;Irrigação;GO;CRISTALINA;Não se Aplica;Baixo;Agropecuária Agriter Ltda;Empresas em Geral - Privado;Agência Nacional de Águas e Saneamento Básico - ANA;02501.001499/2015-41;Não;7292012;;Não;Não;2017-02-14;Não;4,85;4,85;1,97;300,0;;Terra;;;;86,0;SEM NOME;Região Hidrográfica do PARANÁ;Paranaíba;Federal;2024-11-14;Regular;Atenção;;Operação;1997-01-01 00:00:00;-16,34386;-47,58689;ótima;2017-03-21;0;0;2017,0;4,85;Fundacao;1,97;Original;8;23;4;4;13;18;4;25;45;Baixo;Medio;88,9;Bom;True;True;True;False;False;False;False;False;False;5;Media
16;Barragem no Córrego Samambaia;;Irrigação;ES;PEDRO CANÁRIO;Não se Aplica;Baixo;Enoque Ferreira do Nascimento;Pessoa Física;Agência Nacional de Águas e Saneamento Básico - ANA;02501.001556/2015-92;Não;3172010;;Não;Não;;Não;4,2;4,2;0,06;58,0;;Terra;;;;7797846,0;Córrego da Cruz e Córrego da Samambaia;Região Hidrográfica ATLÂNTICO LESTE;CBH do Rio Itaúnas;Federal;2012-06-15;Regular;Normal;;Operação;2000-01-01 00:00:00;-18,14389;-39,97694;ótima;2019-02-11;0;0;2019,0;4,2;Fundacao;0,06;Original;7;22;2;2;13;18;4;22;42;Baixo;Medio;88,9;Bom;True;True;True;False;False;False;False;False;False;5;Media
17;Serrote;;Regularização de vazão;RN;SÃO FERNANDO;Não se Aplica;Baixo;Associação dos Moradores da Comunidade Serrote ;Órgãos - Público;Agência Nacional de Águas e Saneamento Básico - ANA;02501.001560/2015-51;Não;6972014;;Não;Não;;Não;5,96;5,96;0,13;;;Concreto convencional;;;;7562,0;Rio Seridó;Região Hidrográfica ATLÂNTICO NORDESTE ORIENTAL;Piranhas-Açu;Federal;;;;;Operação;2000-01-01 00:00:00;-6,31017;-37,18197;ótima;2019-02-11;0;0;2019,0;5,96;Fundacao;0,13;Original;3;23;0;5;13;18;3;16;46;Baixo;Medio;66,7;Bom;True;True;True;False;False;True;True;False;False;6;Media
22;Rio Paranã;Barragem de Flores de Goiás;Irrigação;GO;SÃO JOÃO D'ALIANÇA;Alto;Alto;Secretaria de Estado de Agricultura, Pecuária e Abastecimento do Estado de Goiás;Órgãos - Público;Agência Nacional de Águas e Saneamento Básico - ANA;02501.001428/2015-49;Sim;682/2023;Sim;Sim;Sim;2025-09-17;Não;33,0;33,0;170,0;1760,0;;Terra;;A;;646,0;Rio Paranã;Região Hidrográfica do TOCANTINS-ARAGUAIA;CBH dos Afluentes Goianos do Rio Paranã;Federal;2025-12-03;Regular;Alerta;Não;Operação;2002-01-01 00:00:00;-14,69117;-47,27958;ótima;2018-06-21;0;0;2018,0;33,0;Fundacao;170,0;Original;12;27;8;8;0;0;4;20;35;Alto;Alto;100,0;Completo;False;False;False;False;False;False;False;True;True;7;Alta
30;Escondido I;;Abastecimento humano;PB;BELÉM DO BREJO DO CRUZ;Médio;Alto;Departamento Nacional de Obras Contra as Secas - DNOCS - PB;Autarquias - Público;Agência Nacional de Águas e Saneamento Básico - ANA;02501.001456/2015-66;Sim;4032014;Sim;Sim;Sim;2022-04-04;Sim;12,46;12,46;16,58;1200,0;0,0;Terra;Irrigação;;;75632,0;Riacho dos Porcos;Região Hidrográfica ATLÂNTICO NORDESTE ORIENTAL;Piranhas-Açu;Federal;2025-11-11;Regular;Atenção;Não;Operação;1956-01-01 00:00:00;-6,19358;-37,54228;ótima;2018-06-21;0;0;2018,0;12,46;Fundacao;16,58;Original;11;26;4;4;0;0;4;15;30;Baixo;Baixo;100,0;Completo;False;False;False;False;False;False;False;True;True;5;Media
62;Cachoeira;;Abastecimento humano;SP;PIRACAIA;Baixo;Alto;COMPANHIA DE SANEAMENTO BASICO DO ESTADO DE SAO PAULO - SABESP;Órgãos - Público;Agência Nacional de Águas e Saneamento Básico - ANA;02501.001563/2015-94;Sim;12132004;Sim;Sim;Sim;2025-05-05;Não;40,0;40,0;116,6;310,0;0,0;Terra;Defesa contra inundações;;;86664,0;Rio da Cachoeira;Região Hidrográfica do PARANÁ;PCJ;Federal;2022-09-06;Regular;Atenção;;Operação;1972-01-01 00:00:00;-23,05081;-46,32;ótima;2017-03-24;0;0;2017,0;40,0;Fundacao;116,6;Original;12;27;4;4;0;0;4;16;31;Baixo;Baixo;100,0;Completo;False;False;False;False;False;False;False;True;True;5;Media
99;Caiçara - PISF ;;Abastecimento humano;PB;CAJAZEIRAS;Baixo;Alto;Ministério da Integração Nacional;Órgãos - Público;Agência Nacional de Águas e Saneamento Básico - ANA;02501.000339/2017-47;Sim;1133;Sim;Sim;Sim;2022-09-20;Não;27,2;27,2;5,13;960,0;;Terra-enrocamento;Combate às secas;A;;7566428,0;SEM NOME;Região Hidrográfica ATLÂNTICO NORDESTE ORIENTAL;Piranhas-Açu;Federal;2025-06-09;Regular;Normal;;Operação;2021-01-01 00:00:00;-7,03917;-38,58394;ótima;2018-03-21;0;0;2018,0;27,2;Fundacao;5,13;Original;12;27;2;2;0;0;4;14;29;Baixo;Baixo;100,0;Completo;False;False;False;False;False;False;False;True;True;5;Media
133;Fazenda Santo Antônio;;Irrigação;BA;MUCURI;Não se Aplica;Baixo;Luiz Carlos Candido Azevedo ;Pessoa Física;Agência Nacional de Águas e Saneamento Básico - ANA;02501.002234/2016-41;Não;3152010;;Não;Não;;Não;4,6;4,6;0,15;;;Terra;;;;7797872,0;Córrego do Engano;Região Hidrográfica ATLÂNTICO LESTE;;Federal;;;;;Operação;2010-06-28 00:00:00;-18,05778;-40,09056;ótima;2019-02-11;0;0;2019,0;4,6;Fundacao;0,15;Original;5;25;0;5;13;18;3;18;48;Baixo;Medio;66,7;Bom;True;True;True;False;False;True;True;False;False;6;Media
159;Fazenda Pindaíbas;;Irrigação;GO;FORMOSA;Não se Aplica;Baixo;Darci Luiz Gatto;Pessoa Física;Agência Nacional de Águas e Saneamento Básico - ANA;02501.000177/2017-47;Não;214;;Não;Não;;Não;2,0;2,0;0,03;;;Terra;;;;76848,0;Rio Bezerra;Região Hidrográfica do SÃO FRANCISCO;São Francisco;Federal;;;;;Operação;2017-01-26 00:00:00;-15,52861;-47,09083;ótima;2019-02-11;0;0;2019,0;2,0;Fundacao;0,03;Original;6;26;0;5;13;18;3;19;49;Baixo;Medio;66,7;Bom;True;True;True;False;False;True;True;False;False;6;Media
61;Jaguari;;Abastecimento humano;SP;VARGEM;Baixo;Alto;COMPANHIA DE SANEAMENTO BASICO DO ESTADO DE SAO PAULO - SABESP;Órgãos - Público;Agência Nacional de Águas e Saneamento Básico - ANA;02501.001562/2015-40;Sim;12132004;Sim;Sim;Sim;2025-05-06;Não;62,0;62,0;101,583;860,0;3416,0;Terra;;;;8666,0;Rio Jaguari;Região Hidrográfica do PARANÁ;PCJ;Federal;2022-09-02;Regular;Atenção;;Operação;1982-01-01 00:00:00;-22,92436;-46,42525;ótima;2017-08-23;0;0;2017,0;62,0;Fundacao;101,583;Original;11;26;4;4;0;0;4;15;30;Baixo;Baixo;100,0;Completo;False;False;False;False;False;False;False;True;True;5;Media
76;Barragem de Dadá;;Irrigação;RN;CAICÓ;Não se Aplica;Baixo;Vivaldo Dadá Costa;Pessoa Física;Agência Nacional de Águas e Saneamento Básico - ANA;02501.001578/2015-52;Não;6082016;;Não;Não;;Não;4,41;4,41;0,498;403,0;;Terra;;;;7562552,0;SEM NOME;Região Hidrográfica ATLÂNTICO NORDESTE ORIENTAL;Piranhas-Açu;Federal;;;;;Operação;2003-01-01 00:00:00;-6,486;-37,01694;ótima;2019-02-11;0;0;2019,0;4,41;Fundacao;0,498;Original;8;23;0;5;13;18;4;21;46;Baixo;Medio;77,8;Bom;True;True;True;False;False;False;True;False;False;6;Media
88;Nova Algodões;;Regularização de vazão;PI;COCAL;Não se Aplica;Alto;Instituto de Desenvolvimento do Piauí - IDEPI;Órgãos - Público;Agência Nacional de Águas e Saneamento Básico - ANA;02501.001521/2015-53;Sim;3222015;;Não;Não;;Não;54,0;54,0;50,5;522,0;;Concreto compactado a rolo (CCR);;;;7412,0;Rio Piranji;Região Hidrográfica do PARNAÍBA;Parnaíba;Federal;;;;;Projeto;08-DEC-25;-3,50139;-41,4175;boa;2018-12-06;0;0;2018,0;54,0;Fundacao;50,5;Original;6;25;0;5;13;18;4;19;48;Baixo;Medio;77,8;Bom;True;True;True;False;False;False;True;True;True;11;Urgente
74;Lagoa da Serra;;Irrigação;PB;CAIÇARA;Não se Aplica;Baixo;Construtora ATS Eireli-ME;Empresas em Geral - Privado;Agência Nacional de Águas e Saneamento Básico - ANA;02501.001471/2015-12;Não Classificada;28/2026/SRB-ANA-SEI;;Não;Não;;Não;7,47;7,47;0,483;266,0;0,0;Terra;;;;757632,0;Riacho Bueiro;Região Hidrográfica ATLÂNTICO NORDESTE ORIENTAL;;Federal;;;;;Operação;2000-01-01 00:00:00;-6,52142;-35,38942;ótima;2017-05-05;0;0;2017,0;7,47;Fundacao;0,483;Original;8;23;0;5;13;18;4;21;46;Baixo;Medio;77,8;Bom;True;True;True;False;False;False;True;False;False;6;Media
98;Boa Vista - PISF;;Abastecimento humano;PB;SÃO JOSÉ DE PIRANHAS;Baixo;Alto;Ministério da Integração Nacional;Órgãos - Público;Agência Nacional de Águas e Saneamento Básico - ANA;02501.000550/2017-60;Sim;1133;Sim;Sim;Sim;2022-09-20;Não;25,3;25,3;214,93;875,0;;Terra;Combate às secas;A;;756646614,0;SEM NOME;Região Hidrográfica ATLÂNTICO NORDESTE ORIENTAL;Piranhas-Açu;Federal;2025-09-19;Regular;Normal;;Operação;2021-01-01 00:00:00;-7,11478;-38,60322;ótima;2018-03-21;0;0;2018,0;25,3;Fundacao;214,93;Original;12;27;2;2;0;0;4;14;29;Baixo;Baixo;100,0;Completo;False;False;False;False;False;False;False;True;True;5;Media
103;Salgueiro - PISF;;Abastecimento humano;PE;FLORESTA;Baixo;Alto;Ministério da Integração Nacional;Órgãos - Público;Agência Nacional de Águas e Saneamento Básico - ANA;02501.000518/2017-84;Sim;1133;Sim;Sim;Sim;2025-04-25;Não;20,7;20,7;4,37;1853,0;;Terra;Combate às secas;;;76124156,0;Riacho do Salgueiro;Região Hidrográfica do SÃO FRANCISCO;São Francisco;Federal;2025-11-12;Regular;Normal;;Operação;09-DEC-19;-8,64781;-38,15672;ótima;2018-03-21;0;0;2018,0;20,7;Fundacao;4,37;Original;9;28;2;2;0;0;4;11;30;Baixo;Baixo;100,0;Completo;False;False;False;False;False;False;False;True;True;5;Media
3729;Pedro Targino Sobrinho;Trincheiras;Aquicultura;RN;NOVA CRUZ;Alto;Médio;Prefeitura Municipal Nova Cruz;Órgãos - Público;Agência Nacional de Águas e Saneamento Básico - ANA;44;Sim;98/2019;;Não;Não;2022-04-06;Não;15,73;14,8;3,32;456,55;;Terra;Irrigação;;;75764,0;Rio Calabouço;Região Hidrográfica ATLÂNTICO NORDESTE ORIENTAL;;Federal;2022-01-05;Regular;Atenção;Não;Operação;1999-01-01 00:00:00;-6,47633;-35,52267;boa;2019-03-13;NoData;NoData;2019,0;15,73;Fundacao;3,32;Original;9;24;4;4;13;18;4;26;46;Baixo;Medio;88,9;Bom;True;True;True;False;False;False;False;True;False;7;Alta
34614;Barramento Fazenda Renascer - Rio Pardo;;Irrigação;MG;NINHEIRA;Não se Aplica;Baixo;Brazilian Forestry Empreendimentos Florestais Ltda (Matriz);Empresas em Geral - Privado;Agência Nacional de Águas e Saneamento Básico - ANA;02501.001353/2025-78;Não Classificada;47/2026/SRB-ANA-SEI;;Não;Não;;Não;1,5;1,5;0,099;77,8;7,5;Concreto convencional;;;;7778,0;Rio Pardo;Região Hidrográfica ATLÂNTICO LESTE;CBH do Rio Mosquito;Federal;;;;Não;Projeto;2021-11-29 00:00:00;-15,49469;-41,37372;ótima;2025-03-07;;;;1,5;Fundacao;0,099;Original;7;22;0;5;13;18;4;20;45;Baixo;Medio;77,8;Bom;True;True;True;False;False;False;True;False;False;6;Media
2272;Fazenda Estrela do Norte;;Irrigação;ES;PEDRO CANÁRIO;Não se Aplica;Baixo;Manoel Elias Gasparini;Pessoa Física;Agência Nacional de Águas e Saneamento Básico - ANA;213;Não;874/2017;;Não;Não;;Não;4,0;3,0;0,606;;;Terra;;;;7797844,0;Córrego Dourado;Região Hidrográfica ATLÂNTICO LESTE;CBH do Rio Itaúnas;Federal;;;;;Operação;22-MAY-17;-18,20386;-39,90247;ótima;2019-02-11;NoData;NoData;2019,0;4,0;Fundacao;0,606;Original;3;27;0;5;13;18;3;16;50;Baixo;Medio;66,7;Bom;True;True;True;False;False;True;True;False;False;6;Media
2273;Mundaú II;Cajueiro;Abastecimento humano;PE;GARANHUNS;Alto;Alto;Companhia Pernambucana de Saneamento - COMPESA;Sociedades de Economia Mista - Público - Privado;Agência Nacional de Águas e Saneamento Básico - ANA;214;Sim;54/2016;Sim;Sim;Não;2025-06-05;Não;;27,5;14,48;306,0;322,0;Terra;;;;75966,0;Rio Mundaú;Região Hidrográfica ATLÂNTICO NORDESTE ORIENTAL;;Federal;2025-09-23;Especial;Atenção;Não;Operação;2016-01-25 00:00:00;-8,99089;-36,47281;boa;2018-10-11;NoData;NoData;2018,0;27,5;Terreno;14,48;Original;10;25;4;4;5;5;4;19;34;Baixo;Baixo;100,0;Completo;False;False;True;False;False;False;False;True;True;6;Media
35063;Barragem 05 - Fazenda Unaí-Brasília;Córrego Arrependido;Irrigação;MG;UNAÍ;Não se Aplica;Médio;Regina Bilac Pinto;Pessoa Física;Agência Nacional de Águas e Saneamento Básico - ANA;02501.005694/2025-12;Sim;64/2025/SRB-ANA-SEI;;Não;Não;;Não;21,6;21,6;2,456;;;Sem Informação;;B;;76847764,0;Córrego Arrependido;Região Hidrográfica do PARANÁ;São Francisco;Federal;;;;;Construção;2025-06-16 00:00:00;-16,29108;-47,29514;boa;2025-06-16;;;;21,6;Fundacao;2,456;Original;8;28;0;5;13;18;3;21;51;Baixo;Medio;66,7;Bom;True;True;True;False;False;True;True;True;False;8;Alta
